Using pre-set license
Built from '6000.0/respin/6000.0.59f1-063c55f2fd0f' branch; Version is '6000.0.59f2 (ef281c76c3c1) revision 15673372'; Using compiler version '193933523'; Build Type 'Release'
OS: 'Windows 11  (10.0.26100) 64bit Core' Language: 'es' Physical Memory: 16167 MB
BatchMode: 1, IsHumanControllingUs: 0, StartBugReporterOnCrash: 0, Is64bit: 1
Date: 2025-10-30T18:21:42Z

COMMAND LINE ARGUMENTS:
C:\Program Files\Unity\Hub\Editor\6000.0.59f2\Editor\Unity.exe
-adb2
-batchMode
-noUpm
-name
AssetImportWorker1
-projectPath
D:/Realidad Aumentada/Game Jam 2/Game-JAM
-logFile
Logs/AssetImportWorker1.log
-srvPort
51135
-job-worker-count
3
-background-job-worker-count
8
-gc-helper-count
1
-name
AssetImport
Successfully changed project path to: D:/Realidad Aumentada/Game Jam 2/Game-JAM
D:/Realidad Aumentada/Game Jam 2/Game-JAM
[UnityMemory] Configuration Parameters - Can be set up in boot.config
    "memorysetup-bucket-allocator-granularity=16"
    "memorysetup-bucket-allocator-bucket-count=8"
    "memorysetup-bucket-allocator-block-size=33554432"
    "memorysetup-bucket-allocator-block-count=8"
    "memorysetup-main-allocator-block-size=16777216"
    "memorysetup-thread-allocator-block-size=16777216"
    "memorysetup-gfx-main-allocator-block-size=16777216"
    "memorysetup-gfx-thread-allocator-block-size=16777216"
    "memorysetup-cache-allocator-block-size=4194304"
    "memorysetup-typetree-allocator-block-size=2097152"
    "memorysetup-profiler-bucket-allocator-granularity=16"
    "memorysetup-profiler-bucket-allocator-bucket-count=8"
    "memorysetup-profiler-bucket-allocator-block-size=33554432"
    "memorysetup-profiler-bucket-allocator-block-count=8"
    "memorysetup-profiler-allocator-block-size=16777216"
    "memorysetup-profiler-editor-allocator-block-size=1048576"
    "memorysetup-temp-allocator-size-main=16777216"
    "memorysetup-job-temp-allocator-block-size=2097152"
    "memorysetup-job-temp-allocator-block-size-background=1048576"
    "memorysetup-job-temp-allocator-reduction-small-platforms=262144"
    "memorysetup-allocator-temp-initial-block-size-main=262144"
    "memorysetup-allocator-temp-initial-block-size-worker=262144"
    "memorysetup-temp-allocator-size-background-worker=32768"
    "memorysetup-temp-allocator-size-job-worker=262144"
    "memorysetup-temp-allocator-size-preload-manager=33554432"
    "memorysetup-temp-allocator-size-nav-mesh-worker=65536"
    "memorysetup-temp-allocator-size-audio-worker=65536"
    "memorysetup-temp-allocator-size-cloud-worker=32768"
    "memorysetup-temp-allocator-size-gi-baking-worker=262144"
    "memorysetup-temp-allocator-size-gi-baking-worker=262144"
    "memorysetup-temp-allocator-size-gi-baking-worker=262144"
    "memorysetup-temp-allocator-size-gi-baking-worker=262144"
    "memorysetup-temp-allocator-size-gi-baking-worker=262144"
    "memorysetup-temp-allocator-size-gfx=262144"
Player connection [21268]  Target information:

Player connection [21268]  * "[IP] 192.168.249.1 [Port] 0 [Flags] 2 [Guid] 3845319361 [EditorId] 3845319361 [Version] 1048832 [Id] WindowsEditor(7,DESKTOP-0KNUGSO) [Debug] 1 [PackageName] WindowsEditor [ProjectName] Editor" 

Player connection [21268]  * "[IP] 192.168.241.1 [Port] 0 [Flags] 2 [Guid] 3845319361 [EditorId] 3845319361 [Version] 1048832 [Id] WindowsEditor(7,DESKTOP-0KNUGSO) [Debug] 1 [PackageName] WindowsEditor [ProjectName] Editor" 

Player connection [21268]  * "[IP] 192.168.56.1 [Port] 0 [Flags] 2 [Guid] 3845319361 [EditorId] 3845319361 [Version] 1048832 [Id] WindowsEditor(7,DESKTOP-0KNUGSO) [Debug] 1 [PackageName] WindowsEditor [ProjectName] Editor" 

Player connection [21268]  * "[IP] 10.254.10.218 [Port] 0 [Flags] 2 [Guid] 3845319361 [EditorId] 3845319361 [Version] 1048832 [Id] WindowsEditor(7,DESKTOP-0KNUGSO) [Debug] 1 [PackageName] WindowsEditor [ProjectName] Editor" 

Player connection [21268] Host joined multi-casting on [225.0.0.222:54997]...
Player connection [21268] Host joined alternative multi-casting on [225.0.0.222:34997]...
JobSystem: Creating JobQueue using job-worker-count value 3
Input System module state changed to: Initialized.
[Physics::Module] Initialized fallback backend.
[Physics::Module] Id: 0xdecafbad
Library Redirect Path: Library/
[Physics::Module] Selected backend.
[Physics::Module] Name: PhysX
[Physics::Module] Id: 0xf2b8ea05
[Physics::Module] SDK Version: 4.1.2
[Physics::Module] Integration Version: 1.0.0
[Physics::Module] Threading Mode: Multi-Threaded
Refreshing native plugins compatible for Editor in 1.84 ms, found 3 plugins.
Preloading 0 native plugins for Editor in 0.00 ms.
Initialize engine version: 6000.0.59f2 (ef281c76c3c1)
[Subsystems] Discovering subsystems at path C:/Program Files/Unity/Hub/Editor/6000.0.59f2/Editor/Data/Resources/UnitySubsystems
[Subsystems] Discovering subsystems at path D:/Realidad Aumentada/Game Jam 2/Game-JAM/Assets
GfxDevice: creating device client; kGfxThreadingModeNonThreaded
Direct3D:
    Version:  Direct3D 11.0 [level 11.1]
    Renderer: NVIDIA GeForce GTX 1650 (ID=0x1f9d)
    Vendor:   NVIDIA
    VRAM:     3952 MB
    Driver:   31.0.15.2904
Initialize mono
Mono path[0] = 'C:/Program Files/Unity/Hub/Editor/6000.0.59f2/Editor/Data/Managed'
Mono path[1] = 'C:/Program Files/Unity/Hub/Editor/6000.0.59f2/Editor/Data/MonoBleedingEdge/lib/mono/unityjit-win32'
Mono config path = 'C:/Program Files/Unity/Hub/Editor/6000.0.59f2/Editor/Data/MonoBleedingEdge/etc'
Using monoOptions --debugger-agent=transport=dt_socket,embedding=1,server=y,suspend=n,address=127.0.0.1:56448
Begin MonoManager ReloadAssembly
Registering precompiled unity dll's ...
Register platform support module: C:/Program Files/Unity/Hub/Editor/6000.0.59f2/Editor/Data/PlaybackEngines/WindowsStandaloneSupport/UnityEditor.WindowsStandalone.Extensions.dll
Registered in 0.003446 seconds.
- Loaded All Assemblies, in  0.556 seconds
Native extension for WindowsStandalone target not found
Mono: successfully reloaded assembly
- Finished resetting the current domain, in  0.483 seconds
Domain Reload Profiling: 1036ms
	BeginReloadAssembly (182ms)
		ExecutionOrderSort (0ms)
		DisableScriptedObjects (0ms)
		BackupInstance (0ms)
		ReleaseScriptingObjects (0ms)
		CreateAndSetChildDomain (1ms)
	RebuildCommonClasses (55ms)
	RebuildNativeTypeToScriptingClass (15ms)
	initialDomainReloadingComplete (62ms)
	LoadAllAssembliesAndSetupDomain (238ms)
		LoadAssemblies (177ms)
		RebuildTransferFunctionScriptingTraits (0ms)
		AnalyzeDomain (234ms)
			TypeCache.Refresh (232ms)
				TypeCache.ScanAssembly (210ms)
			BuildScriptInfoCaches (0ms)
			ResolveRequiredComponents (0ms)
	FinalizeReload (484ms)
		ReleaseScriptCaches (0ms)
		RebuildScriptCaches (0ms)
		SetupLoadedEditorAssemblies (410ms)
			LogAssemblyErrors (0ms)
			InitializePlatformSupportModulesInManaged (31ms)
			SetLoadedEditorAssemblies (7ms)
			BeforeProcessingInitializeOnLoad (88ms)
			ProcessInitializeOnLoadAttributes (211ms)
			ProcessInitializeOnLoadMethodAttributes (73ms)
			AfterProcessingInitializeOnLoad (0ms)
			EditorAssembliesLoaded (0ms)
		ExecutionOrderSort2 (0ms)
		AwakeInstancesAfterBackupRestoration (0ms)
========================================================================
Worker process is ready to serve import requests
Import Worker Mode flag is 0x00
Begin MonoManager ReloadAssembly
- Loaded All Assemblies, in  1.135 seconds
Refreshing native plugins compatible for Editor in 1.20 ms, found 3 plugins.
Native extension for WindowsStandalone target not found
Package Manager log level set to [2]
[Package Manager] Failed to launch server process. Reason: Unity was launched with the -noUpm command-line argument
[Package Manager] Unable to send message (not connected to server process).
[Package Manager] Cannot connect to Unity Package Manager local server
Mono: successfully reloaded assembly
- Finished resetting the current domain, in  1.025 seconds
Domain Reload Profiling: 2157ms
	BeginReloadAssembly (255ms)
		ExecutionOrderSort (0ms)
		DisableScriptedObjects (9ms)
		BackupInstance (0ms)
		ReleaseScriptingObjects (0ms)
		CreateAndSetChildDomain (45ms)
	RebuildCommonClasses (55ms)
	RebuildNativeTypeToScriptingClass (16ms)
	initialDomainReloadingComplete (52ms)
	LoadAllAssembliesAndSetupDomain (754ms)
		LoadAssemblies (519ms)
		RebuildTransferFunctionScriptingTraits (0ms)
		AnalyzeDomain (374ms)
			TypeCache.Refresh (278ms)
				TypeCache.ScanAssembly (257ms)
			BuildScriptInfoCaches (74ms)
			ResolveRequiredComponents (17ms)
	FinalizeReload (1026ms)
		ReleaseScriptCaches (0ms)
		RebuildScriptCaches (0ms)
		SetupLoadedEditorAssemblies (753ms)
			LogAssemblyErrors (0ms)
			InitializePlatformSupportModulesInManaged (3ms)
			SetLoadedEditorAssemblies (5ms)
			BeforeProcessingInitializeOnLoad (146ms)
			ProcessInitializeOnLoadAttributes (512ms)
			ProcessInitializeOnLoadMethodAttributes (81ms)
			AfterProcessingInitializeOnLoad (6ms)
			EditorAssembliesLoaded (0ms)
		ExecutionOrderSort2 (0ms)
		AwakeInstancesAfterBackupRestoration (9ms)
Launched and connected shader compiler UnityShaderCompiler.exe after 0.02 seconds
Refreshing native plugins compatible for Editor in 0.98 ms, found 3 plugins.
Preloading 0 native plugins for Editor in 0.00 ms.
Unloading 13 Unused Serialized files (Serialized files now loaded: 0)
Unloading 6169 unused Assets / (5.1 MB). Loaded Objects now: 6880.
Memory consumption went from 127.4 MB to 122.3 MB.
Total: 13.781000 ms (FindLiveObjects: 0.890300 ms CreateObjectMapping: 1.013600 ms MarkObjects: 7.180700 ms  DeleteObjects: 4.694900 ms)

========================================================================
Received Import Request.
  Time since last request: 90941.138677 seconds.
  path: Assets/00_Scenes/Scenes Mauricio
  artifactKey: Guid(407218eee9a2a56448cafbf04bff1fc1) Importer(815301076,1909f56bfc062723c751e8b465ee728b)
Start importing Assets/00_Scenes/Scenes Mauricio using Guid(407218eee9a2a56448cafbf04bff1fc1) Importer(815301076,1909f56bfc062723c751e8b465ee728b) (PreviewImporter) -> (artifact id: '99116c7eaf7a3002bea08f81e2b040d2') in 0.0048882 seconds
Number of updated asset objects reloaded before import = 0Number of asset objects unloaded after import = 0

========================================================================
Received Import Request.
  Time since last request: 0.000023 seconds.
  path: Assets/00_Scenes/Scenas pruebas/Scenes Pablo/Sprites
  artifactKey: Guid(8be7f77b95449ab4fb53cf0700778535) Importer(815301076,1909f56bfc062723c751e8b465ee728b)
Start importing Assets/00_Scenes/Scenas pruebas/Scenes Pablo/Sprites using Guid(8be7f77b95449ab4fb53cf0700778535) Importer(815301076,1909f56bfc062723c751e8b465ee728b) (PreviewImporter) -> (artifact id: 'b95b902cf12e3cf393c00e73df3d47d7') in 0.00074 seconds
Number of updated asset objects reloaded before import = 0Number of asset objects unloaded after import = 0

========================================================================
Received Import Request.
  Time since last request: 0.000023 seconds.
  path: Assets/00_Scenes
  artifactKey: Guid(9c53962885c2c4f449125a979d6ad240) Importer(815301076,1909f56bfc062723c751e8b465ee728b)
Start importing Assets/00_Scenes using Guid(9c53962885c2c4f449125a979d6ad240) Importer(815301076,1909f56bfc062723c751e8b465ee728b) (PreviewImporter) -> (artifact id: '1c0dd42bd55ffecfaa28fa1e23f83733') in 0.0006458 seconds
Number of updated asset objects reloaded before import = 0Number of asset objects unloaded after import = 0

========================================================================
Received Prepare
Begin MonoManager ReloadAssembly
- Loaded All Assemblies, in  0.796 seconds
Refreshing native plugins compatible for Editor in 0.88 ms, found 3 plugins.
Native extension for WindowsStandalone target not found
[Package Manager] Failed to launch server process. Reason: Unity was launched with the -noUpm command-line argument
[Package Manager] Unable to send message (not connected to server process).
[Package Manager] Cannot connect to Unity Package Manager local server
Mono: successfully reloaded assembly
- Finished resetting the current domain, in  0.792 seconds
Domain Reload Profiling: 1590ms
	BeginReloadAssembly (232ms)
		ExecutionOrderSort (0ms)
		DisableScriptedObjects (6ms)
		BackupInstance (0ms)
		ReleaseScriptingObjects (0ms)
		CreateAndSetChildDomain (57ms)
	RebuildCommonClasses (42ms)
	RebuildNativeTypeToScriptingClass (14ms)
	initialDomainReloadingComplete (32ms)
	LoadAllAssembliesAndSetupDomain (478ms)
		LoadAssemblies (381ms)
		RebuildTransferFunctionScriptingTraits (0ms)
		AnalyzeDomain (205ms)
			TypeCache.Refresh (8ms)
				TypeCache.ScanAssembly (0ms)
			BuildScriptInfoCaches (181ms)
			ResolveRequiredComponents (11ms)
	FinalizeReload (793ms)
		ReleaseScriptCaches (0ms)
		RebuildScriptCaches (0ms)
		SetupLoadedEditorAssemblies (599ms)
			LogAssemblyErrors (0ms)
			InitializePlatformSupportModulesInManaged (2ms)
			SetLoadedEditorAssemblies (3ms)
			BeforeProcessingInitializeOnLoad (126ms)
			ProcessInitializeOnLoadAttributes (390ms)
			ProcessInitializeOnLoadMethodAttributes (70ms)
			AfterProcessingInitializeOnLoad (7ms)
			EditorAssembliesLoaded (0ms)
		ExecutionOrderSort2 (0ms)
		AwakeInstancesAfterBackupRestoration (18ms)
Refreshing native plugins compatible for Editor in 1.28 ms, found 3 plugins.
Preloading 0 native plugins for Editor in 0.00 ms.
Unloading 13 Unused Serialized files (Serialized files now loaded: 0)
Unloading 6167 unused Assets / (4.4 MB). Loaded Objects now: 6897.
Memory consumption went from 139.5 MB to 135.2 MB.
Total: 10.697700 ms (FindLiveObjects: 0.924600 ms CreateObjectMapping: 0.977200 ms MarkObjects: 5.934000 ms  DeleteObjects: 2.860200 ms)

Prepare: number of updated asset objects reloaded= 0
========================================================================
Received Prepare
Refreshing native plugins compatible for Editor in 2.26 ms, found 3 plugins.
Preloading 0 native plugins for Editor in 0.00 ms.
Unloading 13 Unused Serialized files (Serialized files now loaded: 0)
Unloading 6160 unused Assets / (3.9 MB). Loaded Objects now: 6897.
Memory consumption went from 139.7 MB to 135.9 MB.
Total: 14.871500 ms (FindLiveObjects: 1.044000 ms CreateObjectMapping: 1.428000 ms MarkObjects: 8.102900 ms  DeleteObjects: 4.294300 ms)

Prepare: number of updated asset objects reloaded= 0
========================================================================
Received Prepare
Refreshing native plugins compatible for Editor in 1.17 ms, found 3 plugins.
Preloading 0 native plugins for Editor in 0.00 ms.
Unloading 13 Unused Serialized files (Serialized files now loaded: 0)
Unloading 6160 unused Assets / (4.5 MB). Loaded Objects now: 6897.
Memory consumption went from 139.7 MB to 135.3 MB.
Total: 12.534200 ms (FindLiveObjects: 1.139400 ms CreateObjectMapping: 1.144400 ms MarkObjects: 6.240100 ms  DeleteObjects: 4.007700 ms)

Prepare: number of updated asset objects reloaded= 0
========================================================================
Received Prepare
Refreshing native plugins compatible for Editor in 1.00 ms, found 3 plugins.
Preloading 0 native plugins for Editor in 0.00 ms.
Unloading 13 Unused Serialized files (Serialized files now loaded: 0)
Unloading 6160 unused Assets / (2.5 MB). Loaded Objects now: 6897.
Memory consumption went from 139.7 MB to 137.3 MB.
Total: 14.413400 ms (FindLiveObjects: 0.890800 ms CreateObjectMapping: 1.206100 ms MarkObjects: 8.435600 ms  DeleteObjects: 3.879300 ms)

Prepare: number of updated asset objects reloaded= 0
========================================================================
Received Prepare
Refreshing native plugins compatible for Editor in 1.11 ms, found 3 plugins.
Preloading 0 native plugins for Editor in 0.00 ms.
Unloading 13 Unused Serialized files (Serialized files now loaded: 0)
Unloading 6160 unused Assets / (3.3 MB). Loaded Objects now: 6897.
Memory consumption went from 139.7 MB to 136.4 MB.
Total: 8.238700 ms (FindLiveObjects: 0.852300 ms CreateObjectMapping: 1.217300 ms MarkObjects: 4.247200 ms  DeleteObjects: 1.920600 ms)

Prepare: number of updated asset objects reloaded= 0
========================================================================
Received Prepare
Begin MonoManager ReloadAssembly
- Loaded All Assemblies, in  1.348 seconds
Refreshing native plugins compatible for Editor in 1.31 ms, found 3 plugins.
Native extension for WindowsStandalone target not found
[Package Manager] Failed to launch server process. Reason: Unity was launched with the -noUpm command-line argument
[Package Manager] Unable to send message (not connected to server process).
[Package Manager] Cannot connect to Unity Package Manager local server
Mono: successfully reloaded assembly
- Finished resetting the current domain, in  1.189 seconds
Domain Reload Profiling: 2542ms
	BeginReloadAssembly (372ms)
		ExecutionOrderSort (0ms)
		DisableScriptedObjects (9ms)
		BackupInstance (0ms)
		ReleaseScriptingObjects (0ms)
		CreateAndSetChildDomain (81ms)
	RebuildCommonClasses (77ms)
	RebuildNativeTypeToScriptingClass (24ms)
	initialDomainReloadingComplete (48ms)
	LoadAllAssembliesAndSetupDomain (829ms)
		LoadAssemblies (681ms)
		RebuildTransferFunctionScriptingTraits (0ms)
		AnalyzeDomain (334ms)
			TypeCache.Refresh (17ms)
				TypeCache.ScanAssembly (2ms)
			BuildScriptInfoCaches (293ms)
			ResolveRequiredComponents (18ms)
	FinalizeReload (1190ms)
		ReleaseScriptCaches (0ms)
		RebuildScriptCaches (0ms)
		SetupLoadedEditorAssemblies (938ms)
			LogAssemblyErrors (0ms)
			InitializePlatformSupportModulesInManaged (3ms)
			SetLoadedEditorAssemblies (5ms)
			BeforeProcessingInitializeOnLoad (148ms)
			ProcessInitializeOnLoadAttributes (674ms)
			ProcessInitializeOnLoadMethodAttributes (91ms)
			AfterProcessingInitializeOnLoad (17ms)
			EditorAssembliesLoaded (1ms)
		ExecutionOrderSort2 (0ms)
		AwakeInstancesAfterBackupRestoration (33ms)
Refreshing native plugins compatible for Editor in 1.25 ms, found 3 plugins.
Preloading 0 native plugins for Editor in 0.00 ms.
Unloading 13 Unused Serialized files (Serialized files now loaded: 0)
Unloading 6167 unused Assets / (4.1 MB). Loaded Objects now: 6899.
Memory consumption went from 139.5 MB to 135.4 MB.
Total: 11.524200 ms (FindLiveObjects: 0.742600 ms CreateObjectMapping: 0.630200 ms MarkObjects: 6.904500 ms  DeleteObjects: 3.245100 ms)

Prepare: number of updated asset objects reloaded= 0
========================================================================
Received Import Request.
  Time since last request: 1784.702956 seconds.
  path: Assets/Readme.asset
  artifactKey: Guid(8105016687592461f977c054a80ce2f2) Importer(2089858483,192608db42251d675da83286b1cce702)
Start importing Assets/Readme.asset using Guid(8105016687592461f977c054a80ce2f2) Importer(2089858483,192608db42251d675da83286b1cce702) (ScriptedImporter) -> (artifact id: 'c3544fe2511b5de414f2d0dd5f1fc305') in 0.27443 seconds
Number of updated asset objects reloaded before import = 0Number of asset objects unloaded after import = 2

========================================================================
Received Import Request.
  Time since last request: 0.000023 seconds.
  path: Assets/00_Scenes/MainScene.unity
  artifactKey: Guid(3507afd4680b5df45bd67d58c60f0d13) Importer(2089858483,192608db42251d675da83286b1cce702)
Start importing Assets/00_Scenes/MainScene.unity using Guid(3507afd4680b5df45bd67d58c60f0d13) Importer(2089858483,192608db42251d675da83286b1cce702) (ScriptedImporter) -> (artifact id: 'c3800b93760f6be25776575c8ec39e56') in 0.0240526 seconds
Number of updated asset objects reloaded before import = 0Number of asset objects unloaded after import = 1

========================================================================
Received Import Request.
  Time since last request: 0.000029 seconds.
  path: Assets/02_Scripts/PlayerHealth.cs
  artifactKey: Guid(d453fd0a72904ae4690653f30f2f6578) Importer(2089858483,192608db42251d675da83286b1cce702)
Start importing Assets/02_Scripts/PlayerHealth.cs using Guid(d453fd0a72904ae4690653f30f2f6578) Importer(2089858483,192608db42251d675da83286b1cce702) (ScriptedImporter) -> (artifact id: '6139985dcdaaa0f89cf321b5127cc08d') in 0.0257018 seconds
Number of updated asset objects reloaded before import = 0Number of asset objects unloaded after import = 0

========================================================================
Received Import Request.
  Time since last request: 0.000023 seconds.
  path: Assets/01_Prefabs/Objects/Mostaza.prefab
  artifactKey: Guid(cc93e72c1b74f234e89043cd94cadf88) Importer(2089858483,192608db42251d675da83286b1cce702)
Start importing Assets/01_Prefabs/Objects/Mostaza.prefab using Guid(cc93e72c1b74f234e89043cd94cadf88) Importer(2089858483,192608db42251d675da83286b1cce702) (ScriptedImporter) -> (artifact id: '8c488a0aa7de57fccff02882c45b5ee9') in 0.0685687 seconds
Number of updated asset objects reloaded before import = 0Number of asset objects unloaded after import = 8

========================================================================
Received Import Request.
  Time since last request: 0.000023 seconds.
  path: Assets/06_Models/tarjetas.fbx
  artifactKey: Guid(07c58eb39e1e1c140b004c4fc972931d) Importer(2089858483,192608db42251d675da83286b1cce702)
Start importing Assets/06_Models/tarjetas.fbx using Guid(07c58eb39e1e1c140b004c4fc972931d) Importer(2089858483,192608db42251d675da83286b1cce702) (ScriptedImporter) -> (artifact id: '78efb80b15a7e0eeef70010e80728d66') in 0.0949766 seconds
Number of updated asset objects reloaded before import = 0Number of asset objects unloaded after import = 46

========================================================================
Received Import Request.
  Time since last request: 0.000020 seconds.
  path: Assets/06_Models/luces.fbx
  artifactKey: Guid(c1182e82e1c8a4542ab8ea0e41ba6b85) Importer(2089858483,192608db42251d675da83286b1cce702)
Start importing Assets/06_Models/luces.fbx using Guid(c1182e82e1c8a4542ab8ea0e41ba6b85) Importer(2089858483,192608db42251d675da83286b1cce702) (ScriptedImporter) -> (artifact id: '2c506ab08ef9997755a6a599e287de87') in 0.0283875 seconds
Number of updated asset objects reloaded before import = 0Number of asset objects unloaded after import = 25

========================================================================
Received Import Request.
  Time since last request: 0.000035 seconds.
  path: Assets/06_Models/stylized+light+bulb+3d+model.fbx
  artifactKey: Guid(82edddb5829381140819e6dd3dc3d73d) Importer(2089858483,192608db42251d675da83286b1cce702)
Start importing Assets/06_Models/stylized+light+bulb+3d+model.fbx using Guid(82edddb5829381140819e6dd3dc3d73d) Importer(2089858483,192608db42251d675da83286b1cce702) (ScriptedImporter) -> (artifact id: 'b42066f7c8d2029124dd5234fe8a609c') in 0.0321663 seconds
Number of updated asset objects reloaded before import = 0Number of asset objects unloaded after import = 9

========================================================================
Received Import Request.
  Time since last request: 0.000016 seconds.
  path: Assets/01_Prefabs/ObjectsPuzzleMemory/Radio.prefab
  artifactKey: Guid(38610afa60060f84ca5a46850a8e64d3) Importer(2089858483,192608db42251d675da83286b1cce702)
Start importing Assets/01_Prefabs/ObjectsPuzzleMemory/Radio.prefab using Guid(38610afa60060f84ca5a46850a8e64d3) Importer(2089858483,192608db42251d675da83286b1cce702) (ScriptedImporter) -> (artifact id: 'f35f926d077e2749c0a19c3a147295e4') in 0.0333802 seconds
Number of updated asset objects reloaded before import = 0Number of asset objects unloaded after import = 13

========================================================================
Received Import Request.
  Time since last request: 0.000017 seconds.
  path: Assets/01_Prefabs/Puzzle_Tragaperras/SlotMachineController.prefab
  artifactKey: Guid(aeecbf5403549f54f98cf51cf6836b7a) Importer(2089858483,192608db42251d675da83286b1cce702)
Start importing Assets/01_Prefabs/Puzzle_Tragaperras/SlotMachineController.prefab using Guid(aeecbf5403549f54f98cf51cf6836b7a) Importer(2089858483,192608db42251d675da83286b1cce702) (ScriptedImporter) -> (artifact id: '5e880820f50260b0468811866d1af4f6') in 0.026325 seconds
Number of updated asset objects reloaded before import = 0Number of asset objects unloaded after import = 5

========================================================================
Received Import Request.
  Time since last request: 0.000018 seconds.
  path: Assets/04_Sounds/LuzTocar.mp3
  artifactKey: Guid(41dc397972deedd45aaddde077edf3e6) Importer(2089858483,192608db42251d675da83286b1cce702)
Start importing Assets/04_Sounds/LuzTocar.mp3 using Guid(41dc397972deedd45aaddde077edf3e6) Importer(2089858483,192608db42251d675da83286b1cce702) (ScriptedImporter) -> (artifact id: '5b9299f62c008962f8972bfca0e21b47') in 0.0394655 seconds
Number of updated asset objects reloaded before import = 0Number of asset objects unloaded after import = 1

========================================================================
Received Import Request.
  Time since last request: 0.000022 seconds.
  path: Assets/02_Scripts/Puzzle_Tragaperras/SlotButtonF.cs
  artifactKey: Guid(8dd92f198da805543a55f23f4e4abd0e) Importer(2089858483,192608db42251d675da83286b1cce702)
Start importing Assets/02_Scripts/Puzzle_Tragaperras/SlotButtonF.cs using Guid(8dd92f198da805543a55f23f4e4abd0e) Importer(2089858483,192608db42251d675da83286b1cce702) (ScriptedImporter) -> (artifact id: 'ca65cb639362d7d388deef580204c77d') in 0.0139164 seconds
Number of updated asset objects reloaded before import = 0Number of asset objects unloaded after import = 0

========================================================================
Received Import Request.
  Time since last request: 0.000036 seconds.
  path: Assets/02_Scripts/Utils/PuzzleSequenceManager.cs
  artifactKey: Guid(e678586ca2526bd41bf9c9f93fa37f7f) Importer(2089858483,192608db42251d675da83286b1cce702)
Start importing Assets/02_Scripts/Utils/PuzzleSequenceManager.cs using Guid(e678586ca2526bd41bf9c9f93fa37f7f) Importer(2089858483,192608db42251d675da83286b1cce702) (ScriptedImporter) -> (artifact id: '9f7a5d9c28a7a7299784d08c0002479e') in 0.0182145 seconds
Number of updated asset objects reloaded before import = 0Number of asset objects unloaded after import = 0

========================================================================
Received Import Request.
  Time since last request: 0.000017 seconds.
  path: Assets/02_Scripts/Utils/PadInteractable.cs
  artifactKey: Guid(92eeaf15fce2cce4d97664e5ea4c4ddc) Importer(2089858483,192608db42251d675da83286b1cce702)
Start importing Assets/02_Scripts/Utils/PadInteractable.cs using Guid(92eeaf15fce2cce4d97664e5ea4c4ddc) Importer(2089858483,192608db42251d675da83286b1cce702) (ScriptedImporter) -> (artifact id: '127e642a6dd90b57c2f81ebbc93bf5ea') in 0.0129996 seconds
Number of updated asset objects reloaded before import = 0Number of asset objects unloaded after import = 0

========================================================================
Received Import Request.
  Time since last request: 0.000020 seconds.
  path: Assets/04_Sounds/Puerta-Efecto-de-Sonido.mp3
  artifactKey: Guid(820add0258c92234c8b427a5df2bb95e) Importer(2089858483,192608db42251d675da83286b1cce702)
Start importing Assets/04_Sounds/Puerta-Efecto-de-Sonido.mp3 using Guid(820add0258c92234c8b427a5df2bb95e) Importer(2089858483,192608db42251d675da83286b1cce702) (ScriptedImporter) -> (artifact id: '797dd193c8d43d331aed64c4433a49ed') in 0.0404883 seconds
Number of updated asset objects reloaded before import = 0Number of asset objects unloaded after import = 1

========================================================================
Received Import Request.
  Time since last request: 0.000016 seconds.
  path: Assets/01_Prefabs/Objects/Perol.prefab
  artifactKey: Guid(8cdc5b3ea91f47645bb1a4c0261aa527) Importer(2089858483,192608db42251d675da83286b1cce702)
Start importing Assets/01_Prefabs/Objects/Perol.prefab using Guid(8cdc5b3ea91f47645bb1a4c0261aa527) Importer(2089858483,192608db42251d675da83286b1cce702) (ScriptedImporter) -> (artifact id: '775153c4dc0e11f2c61e30f2ec68d0ef') in 0.0304163 seconds
Number of updated asset objects reloaded before import = 0Number of asset objects unloaded after import = 8

========================================================================
Received Import Request.
  Time since last request: 0.000029 seconds.
  path: Assets/00_Scenes/Scenes Mauricio/VolumetricFog.shader
  artifactKey: Guid(c0947f0ef39a0a243a92e22dbbe73054) Importer(2089858483,192608db42251d675da83286b1cce702)
Start importing Assets/00_Scenes/Scenes Mauricio/VolumetricFog.shader using Guid(c0947f0ef39a0a243a92e22dbbe73054) Importer(2089858483,192608db42251d675da83286b1cce702) (ScriptedImporter) -> (artifact id: '14ef1be2d794c5ee72360559aba6398e') in 0.0210839 seconds
Number of updated asset objects reloaded before import = 0Number of asset objects unloaded after import = 1

========================================================================
Received Import Request.
  Time since last request: 0.000027 seconds.
  path: Assets/01_Prefabs/Enemys/PatrolPoints.prefab
  artifactKey: Guid(d369af134870a8a4dae2ca80e0b73e42) Importer(2089858483,192608db42251d675da83286b1cce702)
Start importing Assets/01_Prefabs/Enemys/PatrolPoints.prefab using Guid(d369af134870a8a4dae2ca80e0b73e42) Importer(2089858483,192608db42251d675da83286b1cce702) (ScriptedImporter) -> (artifact id: 'f1e6c1bcd385ef12bd2186df7c13969f') in 0.0158539 seconds
Number of updated asset objects reloaded before import = 0Number of asset objects unloaded after import = 12

========================================================================
Received Import Request.
  Time since last request: 0.000027 seconds.
  path: Assets/Resources/DOTweenSettings.asset
  artifactKey: Guid(d80856855b6bfab489d080f46a7ab97e) Importer(2089858483,192608db42251d675da83286b1cce702)
Start importing Assets/Resources/DOTweenSettings.asset using Guid(d80856855b6bfab489d080f46a7ab97e) Importer(2089858483,192608db42251d675da83286b1cce702) (ScriptedImporter) -> (artifact id: '2145bdaacec807bff429f01ebd84ca8d') in 0.0197229 seconds
Number of updated asset objects reloaded before import = 0Number of asset objects unloaded after import = 1

========================================================================
Received Import Request.
  Time since last request: 0.000018 seconds.
  path: Assets/01_Prefabs/Puzzle_Tragaperras/huevoSlot3.jpg
  artifactKey: Guid(2a2932f84bf9eee48b5d5934aa5c8a42) Importer(2089858483,192608db42251d675da83286b1cce702)
Start importing Assets/01_Prefabs/Puzzle_Tragaperras/huevoSlot3.jpg using Guid(2a2932f84bf9eee48b5d5934aa5c8a42) Importer(2089858483,192608db42251d675da83286b1cce702) (ScriptedImporter) -> (artifact id: '043dd0dbaa01b11b18bc05e6f6215650') in 0.0568347 seconds
Number of updated asset objects reloaded before import = 0Number of asset objects unloaded after import = 3

========================================================================
Received Import Request.
  Time since last request: 0.000021 seconds.
  path: Assets/06_Models/FileteModel/fileteModel.blend1
  artifactKey: Guid(77c1737ec84b79f4f88fd8ff180eb02e) Importer(2089858483,192608db42251d675da83286b1cce702)
Start importing Assets/06_Models/FileteModel/fileteModel.blend1 using Guid(77c1737ec84b79f4f88fd8ff180eb02e) Importer(2089858483,192608db42251d675da83286b1cce702) (ScriptedImporter) -> (artifact id: '73e2df9caa13e095f6a03d64a66555f2') in 0.0127191 seconds
Number of updated asset objects reloaded before import = 0Number of asset objects unloaded after import = 1

========================================================================
Received Import Request.
  Time since last request: 0.000020 seconds.
  path: Assets/05_Materials/Cocina/pared.png
  artifactKey: Guid(646d4989ae49d804c87ea81525434740) Importer(2089858483,192608db42251d675da83286b1cce702)
Start importing Assets/05_Materials/Cocina/pared.png using Guid(646d4989ae49d804c87ea81525434740) Importer(2089858483,192608db42251d675da83286b1cce702) (ScriptedImporter) -> (artifact id: 'f8618dcc219da8305a2465bd285dc07a') in 0.0202027 seconds
Number of updated asset objects reloaded before import = 0Number of asset objects unloaded after import = 1

========================================================================
Received Import Request.
  Time since last request: 0.000028 seconds.
  path: Assets/02_Scripts/CookingStation.cs
  artifactKey: Guid(18781086102a34f4aa5170a04dc8451c) Importer(2089858483,192608db42251d675da83286b1cce702)
Start importing Assets/02_Scripts/CookingStation.cs using Guid(18781086102a34f4aa5170a04dc8451c) Importer(2089858483,192608db42251d675da83286b1cce702) (ScriptedImporter) -> (artifact id: '565ae1659b552c9ded912a493aceaa8f') in 0.0174243 seconds
Number of updated asset objects reloaded before import = 0Number of asset objects unloaded after import = 0

========================================================================
Received Import Request.
  Time since last request: 0.000017 seconds.
  path: Assets/01_Prefabs/Puzzle_Tragaperras/salchichaSlot2.prefab
  artifactKey: Guid(44d2323733d73034581f465fd63017b1) Importer(2089858483,192608db42251d675da83286b1cce702)
Start importing Assets/01_Prefabs/Puzzle_Tragaperras/salchichaSlot2.prefab using Guid(44d2323733d73034581f465fd63017b1) Importer(2089858483,192608db42251d675da83286b1cce702) (ScriptedImporter) -> (artifact id: '8a84e1b9f110e01c6927447840421909') in 0.0218858 seconds
Number of updated asset objects reloaded before import = 0Number of asset objects unloaded after import = 7

========================================================================
Received Import Request.
  Time since last request: 0.000019 seconds.
  path: Assets/02_Scripts/Puzzle_Tragaperras/NotoColorEmoji-Regular SDF.asset
  artifactKey: Guid(7ade909acaf26eb4b998f570903b0198) Importer(2089858483,192608db42251d675da83286b1cce702)
Start importing Assets/02_Scripts/Puzzle_Tragaperras/NotoColorEmoji-Regular SDF.asset using Guid(7ade909acaf26eb4b998f570903b0198) Importer(2089858483,192608db42251d675da83286b1cce702) (ScriptedImporter) -> (artifact id: 'c0a46e2e0ab28c9746a4ffc1be652ba4') in 0.317863 seconds
Number of updated asset objects reloaded before import = 0Number of asset objects unloaded after import = 3

========================================================================
Received Import Request.
  Time since last request: 0.000023 seconds.
  path: Assets/06_Models/personajes/Breathing Idle.fbx
  artifactKey: Guid(40ecaad4f219fa143ac7be79ccb743ce) Importer(2089858483,192608db42251d675da83286b1cce702)
Start importing Assets/06_Models/personajes/Breathing Idle.fbx using Guid(40ecaad4f219fa143ac7be79ccb743ce) Importer(2089858483,192608db42251d675da83286b1cce702) (ScriptedImporter) -> (artifact id: '81dd7101dc765c8700a81daffc00b70a') in 0.0382722 seconds
Number of updated asset objects reloaded before import = 0Number of asset objects unloaded after import = 137

========================================================================
Received Import Request.
  Time since last request: 0.000050 seconds.
  path: Assets/06_Models/Leche/Leche.fbx
  artifactKey: Guid(13fbf5b115e736045bfd597e76397e94) Importer(2089858483,192608db42251d675da83286b1cce702)
Start importing Assets/06_Models/Leche/Leche.fbx using Guid(13fbf5b115e736045bfd597e76397e94) Importer(2089858483,192608db42251d675da83286b1cce702) (ScriptedImporter) -> (artifact id: '273776ba089a504ace0e45d7ffdb2085') in 0.0347945 seconds
Number of updated asset objects reloaded before import = 0Number of asset objects unloaded after import = 31

========================================================================
Received Import Request.
  Time since last request: 0.000019 seconds.
  path: Assets/06_Models/PepinoModel/pepinoModel.fbx
  artifactKey: Guid(4b3d8455b9a19ef41852e4f65f15e3fa) Importer(2089858483,192608db42251d675da83286b1cce702)
Start importing Assets/06_Models/PepinoModel/pepinoModel.fbx using Guid(4b3d8455b9a19ef41852e4f65f15e3fa) Importer(2089858483,192608db42251d675da83286b1cce702) (ScriptedImporter) -> (artifact id: '37a53daa9923e11cf9d8e4e08379bb53') in 0.0300496 seconds
Number of updated asset objects reloaded before import = 0Number of asset objects unloaded after import = 19

========================================================================
Received Import Request.
  Time since last request: 0.000017 seconds.
  path: Assets/06_Models/stylized+light+bulb+3d+model.fbm/tripo_image_f2eb496f_0.jpg
  artifactKey: Guid(49e103bb7012c57459b37729122b554c) Importer(2089858483,192608db42251d675da83286b1cce702)
Start importing Assets/06_Models/stylized+light+bulb+3d+model.fbm/tripo_image_f2eb496f_0.jpg using Guid(49e103bb7012c57459b37729122b554c) Importer(2089858483,192608db42251d675da83286b1cce702) (ScriptedImporter) -> (artifact id: 'dab79e3b0e9440562aa87d254a5a8a36') in 0.021716 seconds
Number of updated asset objects reloaded before import = 0Number of asset objects unloaded after import = 1

========================================================================
Received Import Request.
  Time since last request: 0.000020 seconds.
  path: Assets/06_Models/Materials/tripo_image_6a1336e1_0.mat
  artifactKey: Guid(e039e57a305956947b2126e170a71738) Importer(2089858483,192608db42251d675da83286b1cce702)
Start importing Assets/06_Models/Materials/tripo_image_6a1336e1_0.mat using Guid(e039e57a305956947b2126e170a71738) Importer(2089858483,192608db42251d675da83286b1cce702) (ScriptedImporter) -> (artifact id: '0184a303e9fe4efc1302f857b7b6e9a5') in 0.0185978 seconds
Number of updated asset objects reloaded before import = 0Number of asset objects unloaded after import = 2

========================================================================
Received Import Request.
  Time since last request: 0.000019 seconds.
  path: Assets/06_Models/Materials/tripo_image_78900ad4_0.mat
  artifactKey: Guid(171af6859edec874da09eb1c4c1dfc0c) Importer(2089858483,192608db42251d675da83286b1cce702)
Start importing Assets/06_Models/Materials/tripo_image_78900ad4_0.mat using Guid(171af6859edec874da09eb1c4c1dfc0c) Importer(2089858483,192608db42251d675da83286b1cce702) (ScriptedImporter) -> (artifact id: '2604bb048299532ea2e49db3167ad1be') in 0.0206514 seconds
Number of updated asset objects reloaded before import = 0Number of asset objects unloaded after import = 2

========================================================================
Received Import Request.
  Time since last request: 0.000030 seconds.
  path: Assets/06_Models/personajes/CajaLeche.controller
  artifactKey: Guid(e38c94c50479a1c41b544a5fa9550283) Importer(2089858483,192608db42251d675da83286b1cce702)
Start importing Assets/06_Models/personajes/CajaLeche.controller using Guid(e38c94c50479a1c41b544a5fa9550283) Importer(2089858483,192608db42251d675da83286b1cce702) (ScriptedImporter) -> (artifact id: '3caa3193c3ad2e200c45b390d7903675') in 0.0185105 seconds
Number of updated asset objects reloaded before import = 0Number of asset objects unloaded after import = 4

========================================================================
Received Import Request.
  Time since last request: 0.000017 seconds.
  path: Assets/00_Scenes/Scenas pruebas/Scenes Pablo/Energias/ScriptableObjects/Energias
  artifactKey: Guid(4e0dccf02dd9c41459dda5aedac7ebf4) Importer(815301076,1909f56bfc062723c751e8b465ee728b)
Start importing Assets/00_Scenes/Scenas pruebas/Scenes Pablo/Energias/ScriptableObjects/Energias using Guid(4e0dccf02dd9c41459dda5aedac7ebf4) Importer(815301076,1909f56bfc062723c751e8b465ee728b) (PreviewImporter) -> (artifact id: 'ac8b20bd92f2cc1599517945b37e4d55') in 0.0006872 seconds
Number of updated asset objects reloaded before import = 0Number of asset objects unloaded after import = 0

========================================================================
Received Import Request.
  Time since last request: 0.009499 seconds.
  path: Assets/TextMesh Pro/Fonts/LiberationSans - OFL.txt
  artifactKey: Guid(6e59c59b81ab47f9b6ec5781fa725d2c) Importer(2089858483,192608db42251d675da83286b1cce702)
Start importing Assets/TextMesh Pro/Fonts/LiberationSans - OFL.txt using Guid(6e59c59b81ab47f9b6ec5781fa725d2c) Importer(2089858483,192608db42251d675da83286b1cce702) (ScriptedImporter) -> (artifact id: 'da7737eb8f746a0eb5a04cc4855668f9') in 0.012079 seconds
Number of updated asset objects reloaded before import = 0Number of asset objects unloaded after import = 1

========================================================================
Received Import Request.
  Time since last request: 0.000021 seconds.
  path: Assets/TextMesh Pro/Shaders/TMP_Bitmap.shader
  artifactKey: Guid(128e987d567d4e2c824d754223b3f3b0) Importer(2089858483,192608db42251d675da83286b1cce702)
Start importing Assets/TextMesh Pro/Shaders/TMP_Bitmap.shader using Guid(128e987d567d4e2c824d754223b3f3b0) Importer(2089858483,192608db42251d675da83286b1cce702) (ScriptedImporter) -> (artifact id: '99e6a6629a6ff4825be869d6a01beb4d') in 0.0161786 seconds
Number of updated asset objects reloaded before import = 0Number of asset objects unloaded after import = 1

========================================================================
Received Import Request.
  Time since last request: 0.000017 seconds.
  path: Assets/TextMesh Pro/Shaders/TMP_SDF SSD.shader
  artifactKey: Guid(14eb328de4b8eb245bb7cea29e4ac00b) Importer(2089858483,192608db42251d675da83286b1cce702)
Start importing Assets/TextMesh Pro/Shaders/TMP_SDF SSD.shader using Guid(14eb328de4b8eb245bb7cea29e4ac00b) Importer(2089858483,192608db42251d675da83286b1cce702) (ScriptedImporter) -> (artifact id: 'dba27fcfb8243c8eb546ffeecea9ee44') in 0.013986 seconds
Number of updated asset objects reloaded before import = 0Number of asset objects unloaded after import = 1

========================================================================
Received Import Request.
  Time since last request: 0.000019 seconds.
  path: Assets/TextMesh Pro/Resources/LineBreaking Following Characters.txt
  artifactKey: Guid(fade42e8bc714b018fac513c043d323b) Importer(2089858483,192608db42251d675da83286b1cce702)
Start importing Assets/TextMesh Pro/Resources/LineBreaking Following Characters.txt using Guid(fade42e8bc714b018fac513c043d323b) Importer(2089858483,192608db42251d675da83286b1cce702) (ScriptedImporter) -> (artifact id: '108b0ba6c5c8fc919bcb153ee6ad112d') in 0.0122211 seconds
Number of updated asset objects reloaded before import = 0Number of asset objects unloaded after import = 1

========================================================================
Received Import Request.
  Time since last request: 0.000036 seconds.
  path: Assets/TextMesh Pro/Shaders/TMP_Bitmap-Mobile.shader
  artifactKey: Guid(1e3b057af24249748ff873be7fafee47) Importer(2089858483,192608db42251d675da83286b1cce702)
Start importing Assets/TextMesh Pro/Shaders/TMP_Bitmap-Mobile.shader using Guid(1e3b057af24249748ff873be7fafee47) Importer(2089858483,192608db42251d675da83286b1cce702) (ScriptedImporter) -> (artifact id: 'bc9aee71c2ecd330b052f07d6158c938') in 0.0157943 seconds
Number of updated asset objects reloaded before import = 0Number of asset objects unloaded after import = 1

========================================================================
Received Import Request.
  Time since last request: 0.000018 seconds.
  path: Assets/TextMesh Pro/Shaders/TMPro_Mobile.cginc
  artifactKey: Guid(c334973cef89a9840b0b0c507e0377ab) Importer(2089858483,192608db42251d675da83286b1cce702)
Start importing Assets/TextMesh Pro/Shaders/TMPro_Mobile.cginc using Guid(c334973cef89a9840b0b0c507e0377ab) Importer(2089858483,192608db42251d675da83286b1cce702) (ScriptedImporter) -> (artifact id: 'dc1977ae56652a636544cf7e71ef2dd8') in 0.011561 seconds
Number of updated asset objects reloaded before import = 0Number of asset objects unloaded after import = 1

========================================================================
Received Import Request.
  Time since last request: 0.000017 seconds.
  path: Assets/TextMesh Pro/Shaders/TMPro.cginc
  artifactKey: Guid(407bc68d299748449bbf7f48ee690f8d) Importer(2089858483,192608db42251d675da83286b1cce702)
Start importing Assets/TextMesh Pro/Shaders/TMPro.cginc using Guid(407bc68d299748449bbf7f48ee690f8d) Importer(2089858483,192608db42251d675da83286b1cce702) (ScriptedImporter) -> (artifact id: 'a6dbaf46549816bfb1fc14d5b4c3ae7a') in 0.0138805 seconds
Number of updated asset objects reloaded before import = 0Number of asset objects unloaded after import = 1

========================================================================
Received Import Request.
  Time since last request: 0.000014 seconds.
  path: Assets/TextMesh Pro/Shaders/TMP_SDF-HDRP LIT.shadergraph
  artifactKey: Guid(ca2ed216f98028c4dae6c5224a952b3c) Importer(2089858483,192608db42251d675da83286b1cce702)
Start importing Assets/TextMesh Pro/Shaders/TMP_SDF-HDRP LIT.shadergraph using Guid(ca2ed216f98028c4dae6c5224a952b3c) Importer(2089858483,192608db42251d675da83286b1cce702) (ScriptedImporter) -> (artifact id: '46950adf3a4c5d784f10aa88b08bd35d') in 0.0160891 seconds
Number of updated asset objects reloaded before import = 0Number of asset objects unloaded after import = 3

========================================================================
Received Import Request.
  Time since last request: 0.000016 seconds.
  path: Assets/TextMesh Pro/Fonts/LiberationSans.ttf
  artifactKey: Guid(e3265ab4bf004d28a9537516768c1c75) Importer(2089858483,192608db42251d675da83286b1cce702)
Start importing Assets/TextMesh Pro/Fonts/LiberationSans.ttf using Guid(e3265ab4bf004d28a9537516768c1c75) Importer(2089858483,192608db42251d675da83286b1cce702) (ScriptedImporter) -> (artifact id: '892289825e88e669baad1f8751c3fca9') in 0.0229021 seconds
Number of updated asset objects reloaded before import = 0Number of asset objects unloaded after import = 3

========================================================================
Received Import Request.
  Time since last request: 0.083362 seconds.
  path: Assets/TextMesh Pro/Shaders/TMP_SDF-Mobile Masking.shader
  artifactKey: Guid(bc1ede39bf3643ee8e493720e4259791) Importer(2089858483,192608db42251d675da83286b1cce702)
Start importing Assets/TextMesh Pro/Shaders/TMP_SDF-Mobile Masking.shader using Guid(bc1ede39bf3643ee8e493720e4259791) Importer(2089858483,192608db42251d675da83286b1cce702) (ScriptedImporter) -> (artifact id: 'd3f46962afa0c12b375faad697a7e84b') in 0.0143327 seconds
Number of updated asset objects reloaded before import = 0Number of asset objects unloaded after import = 1

========================================================================
Received Import Request.
  Time since last request: 0.000022 seconds.
  path: Assets/TextMesh Pro/Shaders/TMP_SDF-Mobile.shader
  artifactKey: Guid(fe393ace9b354375a9cb14cdbbc28be4) Importer(2089858483,192608db42251d675da83286b1cce702)
Start importing Assets/TextMesh Pro/Shaders/TMP_SDF-Mobile.shader using Guid(fe393ace9b354375a9cb14cdbbc28be4) Importer(2089858483,192608db42251d675da83286b1cce702) (ScriptedImporter) -> (artifact id: 'b5c9d27b7ad3e5045d213d7893b71409') in 0.0155137 seconds
Number of updated asset objects reloaded before import = 0Number of asset objects unloaded after import = 1

========================================================================
Received Import Request.
  Time since last request: 0.000021 seconds.
  path: Assets/TutorialInfo/Icons/URP.png
  artifactKey: Guid(727a75301c3d24613a3ebcec4a24c2c8) Importer(2089858483,192608db42251d675da83286b1cce702)
Start importing Assets/TutorialInfo/Icons/URP.png using Guid(727a75301c3d24613a3ebcec4a24c2c8) Importer(2089858483,192608db42251d675da83286b1cce702) (ScriptedImporter) -> (artifact id: 'd055e5e801187086894465a77409f7cf') in 0.0243465 seconds
Number of updated asset objects reloaded before import = 0Number of asset objects unloaded after import = 1

========================================================================
Received Import Request.
  Time since last request: 0.000022 seconds.
  path: Assets/TextMesh Pro/Shaders/TMP_SDF-Surface.shader
  artifactKey: Guid(f7ada0af4f174f0694ca6a487b8f543d) Importer(2089858483,192608db42251d675da83286b1cce702)
Start importing Assets/TextMesh Pro/Shaders/TMP_SDF-Surface.shader using Guid(f7ada0af4f174f0694ca6a487b8f543d) Importer(2089858483,192608db42251d675da83286b1cce702) (ScriptedImporter) -> (artifact id: '8f24580e6e26b9f227733104a75d8527') in 0.0146113 seconds
Number of updated asset objects reloaded before import = 0Number of asset objects unloaded after import = 1

========================================================================
Received Import Request.
  Time since last request: 0.000029 seconds.
  path: Assets/TextMesh Pro/Shaders/TMP_SDF.shader
  artifactKey: Guid(68e6db2ebdc24f95958faec2be5558d6) Importer(2089858483,192608db42251d675da83286b1cce702)
Start importing Assets/TextMesh Pro/Shaders/TMP_SDF.shader using Guid(68e6db2ebdc24f95958faec2be5558d6) Importer(2089858483,192608db42251d675da83286b1cce702) (ScriptedImporter) -> (artifact id: '85c14cb7bcc3cc1582eefef493316b11') in 0.0162507 seconds
Number of updated asset objects reloaded before import = 0Number of asset objects unloaded after import = 1

========================================================================
Received Import Request.
  Time since last request: 0.000017 seconds.
  path: Assets/TextMesh Pro/Sprites/EmojiOne.json
  artifactKey: Guid(8f05276190cf498a8153f6cbe761d4e6) Importer(2089858483,192608db42251d675da83286b1cce702)
Start importing Assets/TextMesh Pro/Sprites/EmojiOne.json using Guid(8f05276190cf498a8153f6cbe761d4e6) Importer(2089858483,192608db42251d675da83286b1cce702) (ScriptedImporter) -> (artifact id: '26dbbc3182a23474f69a82a6a4533147') in 0.0150372 seconds
Number of updated asset objects reloaded before import = 0Number of asset objects unloaded after import = 1

========================================================================
Received Import Request.
  Time since last request: 0.000023 seconds.
  path: Assets/TextMesh Pro/Sprites/EmojiOne.png
  artifactKey: Guid(dffef66376be4fa480fb02b19edbe903) Importer(2089858483,192608db42251d675da83286b1cce702)
Start importing Assets/TextMesh Pro/Sprites/EmojiOne.png using Guid(dffef66376be4fa480fb02b19edbe903) Importer(2089858483,192608db42251d675da83286b1cce702) (ScriptedImporter) -> (artifact id: '11ba5bc718f212e97f808bf40ff083c1') in 0.0237134 seconds
Number of updated asset objects reloaded before import = 0Number of asset objects unloaded after import = 1

========================================================================
Received Import Request.
  Time since last request: 0.000023 seconds.
  path: Assets/TextMesh Pro/Shaders/TMP_SDF-Mobile-2-Pass.shader
  artifactKey: Guid(0178fcb869bafef4690d177d31d17db8) Importer(2089858483,192608db42251d675da83286b1cce702)
Start importing Assets/TextMesh Pro/Shaders/TMP_SDF-Mobile-2-Pass.shader using Guid(0178fcb869bafef4690d177d31d17db8) Importer(2089858483,192608db42251d675da83286b1cce702) (ScriptedImporter) -> (artifact id: '7285712f4964ab0523ec23cdd4fd2ce8') in 0.017888 seconds
Number of updated asset objects reloaded before import = 0Number of asset objects unloaded after import = 1

========================================================================
Received Import Request.
  Time since last request: 0.000026 seconds.
  path: Assets/TextMesh Pro/Sprites/EmojiOne Attribution.txt
  artifactKey: Guid(381dcb09d5029d14897e55f98031fca5) Importer(2089858483,192608db42251d675da83286b1cce702)
Start importing Assets/TextMesh Pro/Sprites/EmojiOne Attribution.txt using Guid(381dcb09d5029d14897e55f98031fca5) Importer(2089858483,192608db42251d675da83286b1cce702) (ScriptedImporter) -> (artifact id: 'facd74a8a6f28f8a25997defaa5a522f') in 0.0136222 seconds
Number of updated asset objects reloaded before import = 0Number of asset objects unloaded after import = 1

========================================================================
Received Import Request.
  Time since last request: 0.040002 seconds.
  path: Assets/00_Scenes/Scenes Mauricio/LamparaLuces.fbm/tripo_image_894776dc_0.jpg
  artifactKey: Guid(668904986f19c3249986911ebc90ded1) Importer(2089858483,192608db42251d675da83286b1cce702)
Start importing Assets/00_Scenes/Scenes Mauricio/LamparaLuces.fbm/tripo_image_894776dc_0.jpg using Guid(668904986f19c3249986911ebc90ded1) Importer(2089858483,192608db42251d675da83286b1cce702) (ScriptedImporter) -> (artifact id: '082f8eaa8e6f880dfbee5670651f4d79') in 0.0230628 seconds
Number of updated asset objects reloaded before import = 0Number of asset objects unloaded after import = 1

========================================================================
Received Import Request.
  Time since last request: 0.000016 seconds.
  path: Assets/00_Scenes/Scenes Mauricio/Materials/tripo_image_894776dc_0.mat
  artifactKey: Guid(e73064a7dae5ef54cab334f4a5c02676) Importer(2089858483,192608db42251d675da83286b1cce702)
Start importing Assets/00_Scenes/Scenes Mauricio/Materials/tripo_image_894776dc_0.mat using Guid(e73064a7dae5ef54cab334f4a5c02676) Importer(2089858483,192608db42251d675da83286b1cce702) (ScriptedImporter) -> (artifact id: '0de35cdac0d7645d8249031dd49cd736') in 0.0177372 seconds
Number of updated asset objects reloaded before import = 0Number of asset objects unloaded after import = 2

========================================================================
Received Import Request.
  Time since last request: 0.000021 seconds.
  path: Assets/00_Scenes/Scenes Mauricio/Puzzle_Memory/ReflectionProbe-0.exr
  artifactKey: Guid(550323b8a480ad048b3a60bd994409e5) Importer(2089858483,192608db42251d675da83286b1cce702)
Start importing Assets/00_Scenes/Scenes Mauricio/Puzzle_Memory/ReflectionProbe-0.exr using Guid(550323b8a480ad048b3a60bd994409e5) Importer(2089858483,192608db42251d675da83286b1cce702) (ScriptedImporter) -> (artifact id: '5c3cdf3b92f401ed0466e06258fc9a5f') in 0.0278815 seconds
Number of updated asset objects reloaded before import = 0Number of asset objects unloaded after import = 1

========================================================================
Received Import Request.
  Time since last request: 0.000024 seconds.
  path: Assets/01_Prefabs/ObjectsPuzzleMemory/PuzzleMemory/PuzzleRoot .prefab
  artifactKey: Guid(713a0c90ca8ea114bae802d67caa0b53) Importer(2089858483,192608db42251d675da83286b1cce702)
Start importing Assets/01_Prefabs/ObjectsPuzzleMemory/PuzzleMemory/PuzzleRoot .prefab using Guid(713a0c90ca8ea114bae802d67caa0b53) Importer(2089858483,192608db42251d675da83286b1cce702) (ScriptedImporter) -> (artifact id: 'c80e6be06cd72995cc6c7d91224cb0b6') in 0.0234199 seconds
Number of updated asset objects reloaded before import = 0Number of asset objects unloaded after import = 6

========================================================================
Received Import Request.
  Time since last request: 0.000029 seconds.
  path: Assets/05_Materials/Cocina/Materials/cuchara-de-cocina-y-tenedor-para-colgar-en-la-pared.mat
  artifactKey: Guid(52243735a70606e469332c90ed52bf46) Importer(2089858483,192608db42251d675da83286b1cce702)
Start importing Assets/05_Materials/Cocina/Materials/cuchara-de-cocina-y-tenedor-para-colgar-en-la-pared.mat using Guid(52243735a70606e469332c90ed52bf46) Importer(2089858483,192608db42251d675da83286b1cce702) (ScriptedImporter) -> (artifact id: '388e90d3ffe62533101c731a68fdfd1c') in 0.0198472 seconds
Number of updated asset objects reloaded before import = 0Number of asset objects unloaded after import = 1

========================================================================
Received Import Request.
  Time since last request: 0.000044 seconds.
  path: Assets/01_Prefabs/ObjectsPuzzleMemory/PuzzleMemory/Cube.prefab
  artifactKey: Guid(5b49f8f61a113af4aad7b6ba33ceecf3) Importer(2089858483,192608db42251d675da83286b1cce702)
Start importing Assets/01_Prefabs/ObjectsPuzzleMemory/PuzzleMemory/Cube.prefab using Guid(5b49f8f61a113af4aad7b6ba33ceecf3) Importer(2089858483,192608db42251d675da83286b1cce702) (ScriptedImporter) -> (artifact id: '6adf236ae1a9afcde5cbf93b2a10b093') in 0.0192083 seconds
Number of updated asset objects reloaded before import = 0Number of asset objects unloaded after import = 7

========================================================================
Received Import Request.
  Time since last request: 0.000026 seconds.
  path: Assets/06_Models/personajes/Materials/tripo_image_ff4c7f15_0.mat
  artifactKey: Guid(cc6db11dc8a1dbb48afdfa4ea1da88b8) Importer(2089858483,192608db42251d675da83286b1cce702)
Start importing Assets/06_Models/personajes/Materials/tripo_image_ff4c7f15_0.mat using Guid(cc6db11dc8a1dbb48afdfa4ea1da88b8) Importer(2089858483,192608db42251d675da83286b1cce702) (ScriptedImporter) -> (artifact id: '4a9bf807946f5ce37b9b941a00b73fc2') in 0.0214869 seconds
Number of updated asset objects reloaded before import = 0Number of asset objects unloaded after import = 2

========================================================================
Received Import Request.
  Time since last request: 0.000021 seconds.
  path: Assets/05_Materials/Cocina/Materials/suelo.mat
  artifactKey: Guid(02ae57dbcd0ebf74b97426998ba047ae) Importer(2089858483,192608db42251d675da83286b1cce702)
Start importing Assets/05_Materials/Cocina/Materials/suelo.mat using Guid(02ae57dbcd0ebf74b97426998ba047ae) Importer(2089858483,192608db42251d675da83286b1cce702) (ScriptedImporter) -> (artifact id: '758b542f35a65ca1aab638b70552865c') in 0.0178536 seconds
Number of updated asset objects reloaded before import = 0Number of asset objects unloaded after import = 2

========================================================================
Received Import Request.
  Time since last request: 0.000025 seconds.
  path: Assets/05_Materials/Cocina/Materials/pared.mat
  artifactKey: Guid(aa18232b41066174ca4fc9fb872e28e9) Importer(2089858483,192608db42251d675da83286b1cce702)
Start importing Assets/05_Materials/Cocina/Materials/pared.mat using Guid(aa18232b41066174ca4fc9fb872e28e9) Importer(2089858483,192608db42251d675da83286b1cce702) (ScriptedImporter) -> (artifact id: '8ebbcaf3d587031e294b854fa24c79fc') in 0.0154829 seconds
Number of updated asset objects reloaded before import = 0Number of asset objects unloaded after import = 2

========================================================================
Received Import Request.
  Time since last request: 0.007572 seconds.
  path: Assets/Plugins/Demigiant/DOTween/DOTween.dll.mdb
  artifactKey: Guid(4f007001a22b3d24dae350342c4d19c8) Importer(2089858483,192608db42251d675da83286b1cce702)
Start importing Assets/Plugins/Demigiant/DOTween/DOTween.dll.mdb using Guid(4f007001a22b3d24dae350342c4d19c8) Importer(2089858483,192608db42251d675da83286b1cce702) (ScriptedImporter) -> (artifact id: 'fb36ca1cd589c29a908477171ee4f958') in 0.012941 seconds
Number of updated asset objects reloaded before import = 0Number of asset objects unloaded after import = 1

========================================================================
Received Import Request.
  Time since last request: 0.000022 seconds.
  path: Assets/TextMesh Pro/Resources/Style Sheets/Default Style Sheet.asset
  artifactKey: Guid(f952c082cb03451daed3ee968ac6c63e) Importer(2089858483,192608db42251d675da83286b1cce702)
Start importing Assets/TextMesh Pro/Resources/Style Sheets/Default Style Sheet.asset using Guid(f952c082cb03451daed3ee968ac6c63e) Importer(2089858483,192608db42251d675da83286b1cce702) (ScriptedImporter) -> (artifact id: '8626f457307f778272f4c111d138bb02') in 0.0168535 seconds
Number of updated asset objects reloaded before import = 0Number of asset objects unloaded after import = 1

========================================================================
Received Import Request.
  Time since last request: 0.000022 seconds.
  path: Assets/TextMesh Pro/Resources/Fonts & Materials/LiberationSans SDF.asset
  artifactKey: Guid(8f586378b4e144a9851e7b34d9b748ee) Importer(2089858483,192608db42251d675da83286b1cce702)
Start importing Assets/TextMesh Pro/Resources/Fonts & Materials/LiberationSans SDF.asset using Guid(8f586378b4e144a9851e7b34d9b748ee) Importer(2089858483,192608db42251d675da83286b1cce702) (ScriptedImporter) -> (artifact id: '0749f050a159ec758c713d73bc0b385d') in 0.0487586 seconds
Number of updated asset objects reloaded before import = 0Number of asset objects unloaded after import = 8

========================================================================
Received Import Request.
  Time since last request: 0.000023 seconds.
  path: Assets/TutorialInfo/Scripts/Editor/ReadmeEditor.cs
  artifactKey: Guid(476cc7d7cd9874016adc216baab94a0a) Importer(2089858483,192608db42251d675da83286b1cce702)
Start importing Assets/TutorialInfo/Scripts/Editor/ReadmeEditor.cs using Guid(476cc7d7cd9874016adc216baab94a0a) Importer(2089858483,192608db42251d675da83286b1cce702) (ScriptedImporter) -> (artifact id: '8a23cff47b75c5e420c71f07b8766ce8') in 0.0165032 seconds
Number of updated asset objects reloaded before import = 0Number of asset objects unloaded after import = 0

========================================================================
Received Import Request.
  Time since last request: 0.000021 seconds.
  path: Assets/Plugins/Demigiant/DOTween/DOTween.dll
  artifactKey: Guid(a811bde74b26b53498b4f6d872b09b6d) Importer(2089858483,192608db42251d675da83286b1cce702)
Start importing Assets/Plugins/Demigiant/DOTween/DOTween.dll using Guid(a811bde74b26b53498b4f6d872b09b6d) Importer(2089858483,192608db42251d675da83286b1cce702) (ScriptedImporter) -> (artifact id: '83470b68d50be97d58dc2f0ff2564346') in 0.0186003 seconds
Number of updated asset objects reloaded before import = 0Number of asset objects unloaded after import = 0

========================================================================
Received Import Request.
  Time since last request: 0.000029 seconds.
  path: Assets/00_Scenes/Scenas pruebas/Scenes Pablo/Energias/EquipMenu.unity
  artifactKey: Guid(885916c92497bc2439e22e45df782c07) Importer(2089858483,192608db42251d675da83286b1cce702)
Start importing Assets/00_Scenes/Scenas pruebas/Scenes Pablo/Energias/EquipMenu.unity using Guid(885916c92497bc2439e22e45df782c07) Importer(2089858483,192608db42251d675da83286b1cce702) (ScriptedImporter) -> (artifact id: '2ccbb988f7b5d4d6dfb4a2f9c65a2536') in 0.0146257 seconds
Number of updated asset objects reloaded before import = 0Number of asset objects unloaded after import = 1

========================================================================
Received Import Request.
  Time since last request: 0.000019 seconds.
  path: Assets/00_Scenes/Scenas pruebas/Scenes Pablo/Energias/Energias.unity
  artifactKey: Guid(9b458677403c0364bad4f93e900bee73) Importer(2089858483,192608db42251d675da83286b1cce702)
Start importing Assets/00_Scenes/Scenas pruebas/Scenes Pablo/Energias/Energias.unity using Guid(9b458677403c0364bad4f93e900bee73) Importer(2089858483,192608db42251d675da83286b1cce702) (ScriptedImporter) -> (artifact id: '9d068a0524a59ddc8af9b1fbb654468f') in 0.0169222 seconds
Number of updated asset objects reloaded before import = 0Number of asset objects unloaded after import = 1

========================================================================
Received Import Request.
  Time since last request: 0.000016 seconds.
  path: Assets/Plugins/Demigiant/DOTween/DOTween.XML
  artifactKey: Guid(34192c5e0d14aee43a0e86cc4823268a) Importer(2089858483,192608db42251d675da83286b1cce702)
Start importing Assets/Plugins/Demigiant/DOTween/DOTween.XML using Guid(34192c5e0d14aee43a0e86cc4823268a) Importer(2089858483,192608db42251d675da83286b1cce702) (ScriptedImporter) -> (artifact id: 'aea0f91f6f979cf911bad4de5d950082') in 0.011942 seconds
Number of updated asset objects reloaded before import = 0Number of asset objects unloaded after import = 1

========================================================================
Received Import Request.
  Time since last request: 0.000022 seconds.
  path: Assets/TextMesh Pro/Resources/Fonts & Materials/LiberationSans SDF - Outline.mat
  artifactKey: Guid(79459efec17a4d00a321bdcc27bbc385) Importer(2089858483,192608db42251d675da83286b1cce702)
Start importing Assets/TextMesh Pro/Resources/Fonts & Materials/LiberationSans SDF - Outline.mat using Guid(79459efec17a4d00a321bdcc27bbc385) Importer(2089858483,192608db42251d675da83286b1cce702) (ScriptedImporter) -> (artifact id: '3089d53c1ca00deaccda136e84b17396') in 0.0291518 seconds
Number of updated asset objects reloaded before import = 0Number of asset objects unloaded after import = 2

========================================================================
Received Import Request.
  Time since last request: 0.027857 seconds.
  path: Assets/00_Scenes/Scenas pruebas/Scenes Pablo/Scripts/GridMap.cs
  artifactKey: Guid(c9b761e3065d45e4a8a9ad626deabbae) Importer(2089858483,192608db42251d675da83286b1cce702)
Start importing Assets/00_Scenes/Scenas pruebas/Scenes Pablo/Scripts/GridMap.cs using Guid(c9b761e3065d45e4a8a9ad626deabbae) Importer(2089858483,192608db42251d675da83286b1cce702) (ScriptedImporter) -> (artifact id: 'fb2269253b06c92333378b86299eb960') in 0.0150249 seconds
Number of updated asset objects reloaded before import = 0Number of asset objects unloaded after import = 0

========================================================================
Received Import Request.
  Time since last request: 0.000021 seconds.
  path: Assets/00_Scenes/Scenas pruebas/Scenes Pablo/Sprites/ui_arrow_right.webp
  artifactKey: Guid(3bf7a7e1017ef224f8073be2359d41d4) Importer(2089858483,192608db42251d675da83286b1cce702)
Start importing Assets/00_Scenes/Scenas pruebas/Scenes Pablo/Sprites/ui_arrow_right.webp using Guid(3bf7a7e1017ef224f8073be2359d41d4) Importer(2089858483,192608db42251d675da83286b1cce702) (ScriptedImporter) -> (artifact id: '10d41f30c1abeb995686a9960680000d') in 0.011813 seconds
Number of updated asset objects reloaded before import = 0Number of asset objects unloaded after import = 1

========================================================================
Received Import Request.
  Time since last request: 0.000016 seconds.
  path: Assets/Plugins/Demigiant/DOTween/Editor/DOTweenEditor.dll.mdb
  artifactKey: Guid(8f46310a8b0a8f04a92993c37c713243) Importer(2089858483,192608db42251d675da83286b1cce702)
Start importing Assets/Plugins/Demigiant/DOTween/Editor/DOTweenEditor.dll.mdb using Guid(8f46310a8b0a8f04a92993c37c713243) Importer(2089858483,192608db42251d675da83286b1cce702) (ScriptedImporter) -> (artifact id: '67ad4232504265f1e5de113cdebf8dc3') in 0.0124873 seconds
Number of updated asset objects reloaded before import = 0Number of asset objects unloaded after import = 1

========================================================================
Received Import Request.
  Time since last request: 0.000012 seconds.
  path: Assets/Plugins/Demigiant/DOTween/Editor/DOTweenEditor.dll
  artifactKey: Guid(45d5034162d6cf04dbe46da84fc7d074) Importer(2089858483,192608db42251d675da83286b1cce702)
Start importing Assets/Plugins/Demigiant/DOTween/Editor/DOTweenEditor.dll using Guid(45d5034162d6cf04dbe46da84fc7d074) Importer(2089858483,192608db42251d675da83286b1cce702) (ScriptedImporter) -> (artifact id: 'bfe5893343fe6f9d5a96e382f4fa90b7') in 0.0133166 seconds
Number of updated asset objects reloaded before import = 0Number of asset objects unloaded after import = 0

========================================================================
Received Import Request.
  Time since last request: 0.000017 seconds.
  path: Assets/00_Scenes/Scenas pruebas/Scenes Pablo/Sprites/ui_badge.webp
  artifactKey: Guid(f1fa7185cfe0cf64bb3a98b58789f4a0) Importer(2089858483,192608db42251d675da83286b1cce702)
Start importing Assets/00_Scenes/Scenas pruebas/Scenes Pablo/Sprites/ui_badge.webp using Guid(f1fa7185cfe0cf64bb3a98b58789f4a0) Importer(2089858483,192608db42251d675da83286b1cce702) (ScriptedImporter) -> (artifact id: 'fa7f882393e2bb6fd21ceeb8add56032') in 0.011267 seconds
Number of updated asset objects reloaded before import = 0Number of asset objects unloaded after import = 1

========================================================================
Received Import Request.
  Time since last request: 0.000015 seconds.
  path: Assets/00_Scenes/Scenas pruebas/Scenes Pablo/Sprites/ui_arrow_left.webp
  artifactKey: Guid(fbf9e432c2f1a8842ab13a62b379ee05) Importer(2089858483,192608db42251d675da83286b1cce702)
Start importing Assets/00_Scenes/Scenas pruebas/Scenes Pablo/Sprites/ui_arrow_left.webp using Guid(fbf9e432c2f1a8842ab13a62b379ee05) Importer(2089858483,192608db42251d675da83286b1cce702) (ScriptedImporter) -> (artifact id: '9c01e0671e9e5dbd9a5e6bd6802daed8') in 0.0111864 seconds
Number of updated asset objects reloaded before import = 0Number of asset objects unloaded after import = 1

========================================================================
Received Import Request.
  Time since last request: 0.000027 seconds.
  path: Assets/Plugins/Demigiant/DOTween/Modules/DOTweenModuleEPOOutline.cs
  artifactKey: Guid(e944529dcaee98f4e9498d80e541d93e) Importer(2089858483,192608db42251d675da83286b1cce702)
Start importing Assets/Plugins/Demigiant/DOTween/Modules/DOTweenModuleEPOOutline.cs using Guid(e944529dcaee98f4e9498d80e541d93e) Importer(2089858483,192608db42251d675da83286b1cce702) (ScriptedImporter) -> (artifact id: '7f3dfb58649736a5cdcba62a43179af2') in 0.0121899 seconds
Number of updated asset objects reloaded before import = 0Number of asset objects unloaded after import = 0

========================================================================
Received Import Request.
  Time since last request: 0.000017 seconds.
  path: Assets/00_Scenes/Scenas pruebas/Scenes Pablo/Scripts/RobotCameraFollow.cs
  artifactKey: Guid(47ada2204cf895c409c978478214a52e) Importer(2089858483,192608db42251d675da83286b1cce702)
Start importing Assets/00_Scenes/Scenas pruebas/Scenes Pablo/Scripts/RobotCameraFollow.cs using Guid(47ada2204cf895c409c978478214a52e) Importer(2089858483,192608db42251d675da83286b1cce702) (ScriptedImporter) -> (artifact id: '45ad59badf7fab12d2e90d3fe773d006') in 0.0127019 seconds
Number of updated asset objects reloaded before import = 0Number of asset objects unloaded after import = 0

========================================================================
Received Import Request.
  Time since last request: 0.000017 seconds.
  path: Assets/Plugins/Demigiant/DOTween/Editor/DOTweenEditor.XML
  artifactKey: Guid(2e2c6224d345d9249acfa6e8ef40bb2d) Importer(2089858483,192608db42251d675da83286b1cce702)
Start importing Assets/Plugins/Demigiant/DOTween/Editor/DOTweenEditor.XML using Guid(2e2c6224d345d9249acfa6e8ef40bb2d) Importer(2089858483,192608db42251d675da83286b1cce702) (ScriptedImporter) -> (artifact id: 'ec9f0fc8b69dda046600d06c890c0b6d') in 0.0111124 seconds
Number of updated asset objects reloaded before import = 0Number of asset objects unloaded after import = 1

========================================================================
Received Import Request.
  Time since last request: 5.648989 seconds.
  path: Assets/00_Scenes/Winner.unity
  artifactKey: Guid(1de1789d85eb6c24ab64e2ff5a601aa7) Importer(2089858483,192608db42251d675da83286b1cce702)
Start importing Assets/00_Scenes/Winner.unity using Guid(1de1789d85eb6c24ab64e2ff5a601aa7) Importer(2089858483,192608db42251d675da83286b1cce702) (ScriptedImporter) -> (artifact id: 'b08de09a071b59c009426285a3d41533') in 0.0137397 seconds
Number of updated asset objects reloaded before import = 0Number of asset objects unloaded after import = 1

========================================================================
Received Import Request.
  Time since last request: 0.000014 seconds.
  path: Assets/00_Scenes/Scenas pruebas/Scenes Pablo/Energias/Particles/EnergyGreenFX.prefab
  artifactKey: Guid(537ff55f22e13b445b33e96fe902e0b1) Importer(2089858483,192608db42251d675da83286b1cce702)
Start importing Assets/00_Scenes/Scenas pruebas/Scenes Pablo/Energias/Particles/EnergyGreenFX.prefab using Guid(537ff55f22e13b445b33e96fe902e0b1) Importer(2089858483,192608db42251d675da83286b1cce702) (ScriptedImporter) -> (artifact id: 'fa234e89dc289344e60ce7d13c691f00') in 0.1062622 seconds
Number of updated asset objects reloaded before import = 0Number of asset objects unloaded after import = 6

========================================================================
Received Import Request.
  Time since last request: 0.000021 seconds.
  path: Assets/01_Prefabs/Objects/Key.prefab
  artifactKey: Guid(2e9814ad94185de4fa1314f4f8f1d653) Importer(2089858483,192608db42251d675da83286b1cce702)
Start importing Assets/01_Prefabs/Objects/Key.prefab using Guid(2e9814ad94185de4fa1314f4f8f1d653) Importer(2089858483,192608db42251d675da83286b1cce702) (ScriptedImporter) -> (artifact id: '4f2a98ec985d72953b6eb48db75487ac') in 0.0224911 seconds
Number of updated asset objects reloaded before import = 0Number of asset objects unloaded after import = 8

========================================================================
Received Import Request.
  Time since last request: 0.000031 seconds.
  path: Assets/01_Prefabs/Player/Player.prefab
  artifactKey: Guid(ba0dae2ece0d6b34f864cbf11920c5e0) Importer(2089858483,192608db42251d675da83286b1cce702)
Start importing Assets/01_Prefabs/Player/Player.prefab using Guid(ba0dae2ece0d6b34f864cbf11920c5e0) Importer(2089858483,192608db42251d675da83286b1cce702) (ScriptedImporter) -> (artifact id: 'e56666ea8d2d156256446773d879b1b4') in 0.0374027 seconds
Number of updated asset objects reloaded before import = 0Number of asset objects unloaded after import = 11

========================================================================
Received Import Request.
  Time since last request: 0.000017 seconds.
  path: Assets/03_Shaders/Water_Ocean_Lit.shadergraph
  artifactKey: Guid(ddb966ff0983dd54e86c588b947b1e01) Importer(2089858483,192608db42251d675da83286b1cce702)
Start importing Assets/03_Shaders/Water_Ocean_Lit.shadergraph using Guid(ddb966ff0983dd54e86c588b947b1e01) Importer(2089858483,192608db42251d675da83286b1cce702) (ScriptedImporter) -> (artifact id: '625fe98f4c41defb2594d05dd50c2cc7') in 0.0188 seconds
Number of updated asset objects reloaded before import = 0Number of asset objects unloaded after import = 5

========================================================================
Received Import Request.
  Time since last request: 0.000015 seconds.
  path: Assets/Settings/PC_Renderer.asset
  artifactKey: Guid(f288ae1f4751b564a96ac7587541f7a2) Importer(2089858483,192608db42251d675da83286b1cce702)
Start importing Assets/Settings/PC_Renderer.asset using Guid(f288ae1f4751b564a96ac7587541f7a2) Importer(2089858483,192608db42251d675da83286b1cce702) (ScriptedImporter) -> (artifact id: 'c67e7e5681db3d34afc6a10ec7a5ae14') in 0.0389534 seconds
Number of updated asset objects reloaded before import = 0Number of asset objects unloaded after import = 1

========================================================================
Received Import Request.
  Time since last request: 0.000018 seconds.
  path: Assets/04_Sounds/Fallo.mp3
  artifactKey: Guid(f2ce1a57f0eebdf4c8058e8a33e007d7) Importer(2089858483,192608db42251d675da83286b1cce702)
Start importing Assets/04_Sounds/Fallo.mp3 using Guid(f2ce1a57f0eebdf4c8058e8a33e007d7) Importer(2089858483,192608db42251d675da83286b1cce702) (ScriptedImporter) -> (artifact id: 'ea8b6a755c6bfc87549bf00c87a1c1c2') in 0.0356029 seconds
Number of updated asset objects reloaded before import = 0Number of asset objects unloaded after import = 1

========================================================================
Received Import Request.
  Time since last request: 0.000024 seconds.
  path: Assets/06_Models/Sarten.fbx
  artifactKey: Guid(d9fde6abc9407754d8462df454cb3269) Importer(2089858483,192608db42251d675da83286b1cce702)
Start importing Assets/06_Models/Sarten.fbx using Guid(d9fde6abc9407754d8462df454cb3269) Importer(2089858483,192608db42251d675da83286b1cce702) (ScriptedImporter) -> (artifact id: '0fb3adaa176492c71aae89d808d3f059') in 0.0254017 seconds
Number of updated asset objects reloaded before import = 0Number of asset objects unloaded after import = 8

========================================================================
Received Import Request.
  Time since last request: 0.000031 seconds.
  path: Assets/00_Scenes/Scenas pruebas/Scenes Pablo/Energias/Scripts/ItemUIManager.cs
  artifactKey: Guid(8c9dcc9977ec34443857b51f263c863a) Importer(2089858483,192608db42251d675da83286b1cce702)
Start importing Assets/00_Scenes/Scenas pruebas/Scenes Pablo/Energias/Scripts/ItemUIManager.cs using Guid(8c9dcc9977ec34443857b51f263c863a) Importer(2089858483,192608db42251d675da83286b1cce702) (ScriptedImporter) -> (artifact id: 'c0e78bc91d84e11403ca944d9bb3f95f') in 0.0168415 seconds
Number of updated asset objects reloaded before import = 0Number of asset objects unloaded after import = 0

========================================================================
Received Import Request.
  Time since last request: 0.000018 seconds.
  path: Assets/02_Scripts/Puzzle_Tragaperras/SlotMachineController.cs
  artifactKey: Guid(93420baab21b7e0429b36bfe85550f73) Importer(2089858483,192608db42251d675da83286b1cce702)
Start importing Assets/02_Scripts/Puzzle_Tragaperras/SlotMachineController.cs using Guid(93420baab21b7e0429b36bfe85550f73) Importer(2089858483,192608db42251d675da83286b1cce702) (ScriptedImporter) -> (artifact id: 'c2aaffbad0828a657b602107c9b9399f') in 0.0141306 seconds
Number of updated asset objects reloaded before import = 0Number of asset objects unloaded after import = 0

========================================================================
Received Import Request.
  Time since last request: 0.000021 seconds.
  path: Assets/Plugins/Demigiant/DOTween/Editor/Imgs/Footer.png
  artifactKey: Guid(7051dba417b3d53409f2918f1ea4938d) Importer(2089858483,192608db42251d675da83286b1cce702)
Start importing Assets/Plugins/Demigiant/DOTween/Editor/Imgs/Footer.png using Guid(7051dba417b3d53409f2918f1ea4938d) Importer(2089858483,192608db42251d675da83286b1cce702) (ScriptedImporter) -> (artifact id: 'f9a4705f955acd4d91084b73397059fd') in 0.0234732 seconds
Number of updated asset objects reloaded before import = 0Number of asset objects unloaded after import = 1

========================================================================
Received Import Request.
  Time since last request: 0.000017 seconds.
  path: Assets/01_Prefabs/Puzzle_Tragaperras/princesaSlot1.prefab
  artifactKey: Guid(697edbacd1b0075458553654a53afb6d) Importer(2089858483,192608db42251d675da83286b1cce702)
Start importing Assets/01_Prefabs/Puzzle_Tragaperras/princesaSlot1.prefab using Guid(697edbacd1b0075458553654a53afb6d) Importer(2089858483,192608db42251d675da83286b1cce702) (ScriptedImporter) -> (artifact id: '8f450fc7e3c94f6b3fba9884992cdc09') in 0.0187818 seconds
Number of updated asset objects reloaded before import = 0Number of asset objects unloaded after import = 7

========================================================================
Received Import Request.
  Time since last request: 0.000016 seconds.
  path: Assets/04_Sounds/BOILING-WATER-SOUND.mp3
  artifactKey: Guid(b6bbae0e6648d3b44b5668a4e6d200c2) Importer(2089858483,192608db42251d675da83286b1cce702)
Start importing Assets/04_Sounds/BOILING-WATER-SOUND.mp3 using Guid(b6bbae0e6648d3b44b5668a4e6d200c2) Importer(2089858483,192608db42251d675da83286b1cce702) (ScriptedImporter) -> (artifact id: 'e00bc5fefff992d2564decf463b4a76e') in 0.050628 seconds
Number of updated asset objects reloaded before import = 0Number of asset objects unloaded after import = 1

========================================================================
Received Import Request.
  Time since last request: 0.000021 seconds.
  path: Assets/06_Models/mesonessala.fbx
  artifactKey: Guid(85eac99a794beb440abda726146ef23a) Importer(2089858483,192608db42251d675da83286b1cce702)
Start importing Assets/06_Models/mesonessala.fbx using Guid(85eac99a794beb440abda726146ef23a) Importer(2089858483,192608db42251d675da83286b1cce702) (ScriptedImporter) -> (artifact id: 'd6df252ee35cf33b3481b6abf083a180') in 0.0483635 seconds
Number of updated asset objects reloaded before import = 0Number of asset objects unloaded after import = 60

========================================================================
Received Import Request.
  Time since last request: 0.000026 seconds.
  path: Assets/00_Scenes/Scenas pruebas/SceneLuis.unity
  artifactKey: Guid(ff55b56a15bd03f44aa9f53935356508) Importer(2089858483,192608db42251d675da83286b1cce702)
Start importing Assets/00_Scenes/Scenas pruebas/SceneLuis.unity using Guid(ff55b56a15bd03f44aa9f53935356508) Importer(2089858483,192608db42251d675da83286b1cce702) (ScriptedImporter) -> (artifact id: '34b5b95a42e2d01affe01925a916a400') in 0.0152309 seconds
Number of updated asset objects reloaded before import = 0Number of asset objects unloaded after import = 1

========================================================================
Received Import Request.
  Time since last request: 0.000016 seconds.
  path: Assets/06_Models/mesa sin detalles.fbx
  artifactKey: Guid(e6375be486b61a3488ef3be504e22bea) Importer(2089858483,192608db42251d675da83286b1cce702)
Start importing Assets/06_Models/mesa sin detalles.fbx using Guid(e6375be486b61a3488ef3be504e22bea) Importer(2089858483,192608db42251d675da83286b1cce702) (ScriptedImporter) -> (artifact id: '362917103cf47993de70f59648c99aec') in 0.0239177 seconds
Number of updated asset objects reloaded before import = 0Number of asset objects unloaded after import = 8

========================================================================
Received Import Request.
  Time since last request: 0.000015 seconds.
  path: Assets/00_Scenes/Scenas pruebas/Scenes Pablo/Energias/Scripts/Audio/EnergyAudioManager.cs
  artifactKey: Guid(a4ba65bfd6b46a043b0db4c33c6731c7) Importer(2089858483,192608db42251d675da83286b1cce702)
Start importing Assets/00_Scenes/Scenas pruebas/Scenes Pablo/Energias/Scripts/Audio/EnergyAudioManager.cs using Guid(a4ba65bfd6b46a043b0db4c33c6731c7) Importer(2089858483,192608db42251d675da83286b1cce702) (ScriptedImporter) -> (artifact id: '8001e7ec1d39324540ee75ca612a6efb') in 0.0139586 seconds
Number of updated asset objects reloaded before import = 0Number of asset objects unloaded after import = 0

========================================================================
Received Import Request.
  Time since last request: 0.000021 seconds.
  path: Assets/00_Scenes/Scenas pruebas/Scenes Pablo/Energias/Scripts/Audio/buttonPress.mp3
  artifactKey: Guid(c55bb7abe33212d4483c769adc1effde) Importer(2089858483,192608db42251d675da83286b1cce702)
Start importing Assets/00_Scenes/Scenas pruebas/Scenes Pablo/Energias/Scripts/Audio/buttonPress.mp3 using Guid(c55bb7abe33212d4483c769adc1effde) Importer(2089858483,192608db42251d675da83286b1cce702) (ScriptedImporter) -> (artifact id: '1979dba7cdbdb53545f80e979efbdff2') in 0.0363326 seconds
Number of updated asset objects reloaded before import = 0Number of asset objects unloaded after import = 1

========================================================================
Received Import Request.
  Time since last request: 0.000019 seconds.
  path: Assets/00_Scenes/Scenas pruebas/Scenes Pablo/Energias/Scripts/Audio/megacombo.mp3
  artifactKey: Guid(90da81cee6d920643bbde5f7e8969a8b) Importer(2089858483,192608db42251d675da83286b1cce702)
Start importing Assets/00_Scenes/Scenas pruebas/Scenes Pablo/Energias/Scripts/Audio/megacombo.mp3 using Guid(90da81cee6d920643bbde5f7e8969a8b) Importer(2089858483,192608db42251d675da83286b1cce702) (ScriptedImporter) -> (artifact id: '26d1429df3e7d618d9c1deda286da3ee') in 0.0327347 seconds
Number of updated asset objects reloaded before import = 0Number of asset objects unloaded after import = 1

========================================================================
Received Import Request.
  Time since last request: 0.000047 seconds.
  path: Assets/06_Models/FileteModel/fileteModel.fbx
  artifactKey: Guid(ef3f3878b351d1e41abb9735e460d45e) Importer(2089858483,192608db42251d675da83286b1cce702)
Start importing Assets/06_Models/FileteModel/fileteModel.fbx using Guid(ef3f3878b351d1e41abb9735e460d45e) Importer(2089858483,192608db42251d675da83286b1cce702) (ScriptedImporter) -> (artifact id: '542e7ff5ff2c42ea52fb158488bc86d5') in 0.0321493 seconds
Number of updated asset objects reloaded before import = 0Number of asset objects unloaded after import = 21

========================================================================
Received Import Request.
  Time since last request: 0.000018 seconds.
  path: Assets/02_Scripts/Door&&Key/Door.cs
  artifactKey: Guid(74b555e58e4fd47458f5ad7e823664b3) Importer(2089858483,192608db42251d675da83286b1cce702)
Start importing Assets/02_Scripts/Door&&Key/Door.cs using Guid(74b555e58e4fd47458f5ad7e823664b3) Importer(2089858483,192608db42251d675da83286b1cce702) (ScriptedImporter) -> (artifact id: '0b73df615efcaa6f5c2539351d9adf0d') in 0.0130649 seconds
Number of updated asset objects reloaded before import = 0Number of asset objects unloaded after import = 0

========================================================================
Received Import Request.
  Time since last request: 0.000021 seconds.
  path: Assets/01_Prefabs/Objects/Key (2).prefab
  artifactKey: Guid(1107878f730bf4a4bb6c744a97cd6aed) Importer(2089858483,192608db42251d675da83286b1cce702)
Start importing Assets/01_Prefabs/Objects/Key (2).prefab using Guid(1107878f730bf4a4bb6c744a97cd6aed) Importer(2089858483,192608db42251d675da83286b1cce702) (ScriptedImporter) -> (artifact id: '763013ec99d6dd4e25998d7f5ac95179') in 0.0168599 seconds
Number of updated asset objects reloaded before import = 0Number of asset objects unloaded after import = 8

========================================================================
Received Import Request.
  Time since last request: 0.000017 seconds.
  path: Assets/Plugins/Demigiant/DOTween/Modules/DOTweenModuleUtils.cs
  artifactKey: Guid(7bcaf917d9cf5b84090421a5a2abe42e) Importer(2089858483,192608db42251d675da83286b1cce702)
Start importing Assets/Plugins/Demigiant/DOTween/Modules/DOTweenModuleUtils.cs using Guid(7bcaf917d9cf5b84090421a5a2abe42e) Importer(2089858483,192608db42251d675da83286b1cce702) (ScriptedImporter) -> (artifact id: '4f04100fd413782d888b2b3828b6f0cc') in 0.0159816 seconds
Number of updated asset objects reloaded before import = 0Number of asset objects unloaded after import = 0

========================================================================
Received Import Request.
  Time since last request: 0.000017 seconds.
  path: Assets/00_Scenes/Scenas pruebas/Scenes Pablo/Energias/Scripts/EnergyGameController.cs
  artifactKey: Guid(baf671f4677613d418cb7d2f3afed851) Importer(2089858483,192608db42251d675da83286b1cce702)
Start importing Assets/00_Scenes/Scenas pruebas/Scenes Pablo/Energias/Scripts/EnergyGameController.cs using Guid(baf671f4677613d418cb7d2f3afed851) Importer(2089858483,192608db42251d675da83286b1cce702) (ScriptedImporter) -> (artifact id: 'ceae6ca73e4f6661ec39ce1e4f62a9c6') in 0.0110416 seconds
Number of updated asset objects reloaded before import = 0Number of asset objects unloaded after import = 0

========================================================================
Received Import Request.
  Time since last request: 0.000020 seconds.
  path: Assets/00_Scenes/Scenas pruebas/Scenes Pablo/Energias/Scripts/EnergyVisualManager.cs
  artifactKey: Guid(4f9634a1d8f467c40a9840f8eba8dc2e) Importer(2089858483,192608db42251d675da83286b1cce702)
Start importing Assets/00_Scenes/Scenas pruebas/Scenes Pablo/Energias/Scripts/EnergyVisualManager.cs using Guid(4f9634a1d8f467c40a9840f8eba8dc2e) Importer(2089858483,192608db42251d675da83286b1cce702) (ScriptedImporter) -> (artifact id: 'ade43fc441ef060572e5eaf7ae023096') in 0.0117407 seconds
Number of updated asset objects reloaded before import = 0Number of asset objects unloaded after import = 0

========================================================================
Received Import Request.
  Time since last request: 0.000033 seconds.
  path: Assets/00_Scenes/Scenas pruebas/Scenes Pablo/Energias/Scripts/EquipMenuManager.cs
  artifactKey: Guid(37942dfb571116044a6154d814f4ff29) Importer(2089858483,192608db42251d675da83286b1cce702)
Start importing Assets/00_Scenes/Scenas pruebas/Scenes Pablo/Energias/Scripts/EquipMenuManager.cs using Guid(37942dfb571116044a6154d814f4ff29) Importer(2089858483,192608db42251d675da83286b1cce702) (ScriptedImporter) -> (artifact id: '7e2b35c3032d2ffa34117f9e1798e55c') in 0.0152361 seconds
Number of updated asset objects reloaded before import = 0Number of asset objects unloaded after import = 0

========================================================================
Received Import Request.
  Time since last request: 0.000016 seconds.
  path: Assets/02_Scripts/Puzzle_Tragaperras/NotoColorEmoji-Regular.ttf
  artifactKey: Guid(0752c8773f48b55419890dbe6d157c63) Importer(2089858483,192608db42251d675da83286b1cce702)
Start importing Assets/02_Scripts/Puzzle_Tragaperras/NotoColorEmoji-Regular.ttf using Guid(0752c8773f48b55419890dbe6d157c63) Importer(2089858483,192608db42251d675da83286b1cce702) (ScriptedImporter) -> (artifact id: '56d476fd4b2e714da6b189aa2d11d5ef') in 0.0628293 seconds
Number of updated asset objects reloaded before import = 0Number of asset objects unloaded after import = 3

========================================================================
Received Import Request.
  Time since last request: 0.000016 seconds.
  path: Assets/00_Scenes/Scenes Mauricio/PuzzleSimonUI.cs
  artifactKey: Guid(3755d70b38a7a6144a1d8e6615368324) Importer(2089858483,192608db42251d675da83286b1cce702)
Start importing Assets/00_Scenes/Scenes Mauricio/PuzzleSimonUI.cs using Guid(3755d70b38a7a6144a1d8e6615368324) Importer(2089858483,192608db42251d675da83286b1cce702) (ScriptedImporter) -> (artifact id: '424e8aa8b65c7fae56904f513bb02e00') in 0.0137129 seconds
Number of updated asset objects reloaded before import = 0Number of asset objects unloaded after import = 0

========================================================================
Received Import Request.
  Time since last request: 0.000022 seconds.
  path: Assets/00_Scenes/Scenas pruebas/Scenes Pablo/Energias/ScriptableObjects/RoundItems/Ronda Fuego Solar.asset
  artifactKey: Guid(ec7d640d59606944a8dd4c744fdfeb85) Importer(2089858483,192608db42251d675da83286b1cce702)
Start importing Assets/00_Scenes/Scenas pruebas/Scenes Pablo/Energias/ScriptableObjects/RoundItems/Ronda Fuego Solar.asset using Guid(ec7d640d59606944a8dd4c744fdfeb85) Importer(2089858483,192608db42251d675da83286b1cce702) (ScriptedImporter) -> (artifact id: '2972f7408c532ec377d820c65681eff1') in 0.0186969 seconds
Number of updated asset objects reloaded before import = 0Number of asset objects unloaded after import = 1

========================================================================
Received Import Request.
  Time since last request: 0.000020 seconds.
  path: Assets/01_Prefabs/Objects/DoorPivot (1).prefab
  artifactKey: Guid(ae04b8a3195c4794cb43409232cec9ef) Importer(2089858483,192608db42251d675da83286b1cce702)
Start importing Assets/01_Prefabs/Objects/DoorPivot (1).prefab using Guid(ae04b8a3195c4794cb43409232cec9ef) Importer(2089858483,192608db42251d675da83286b1cce702) (ScriptedImporter) -> (artifact id: '7528acbb6aae53aa3e28dee8a92f839f') in 0.0163297 seconds
Number of updated asset objects reloaded before import = 0Number of asset objects unloaded after import = 10

========================================================================
Received Import Request.
  Time since last request: 0.000026 seconds.
  path: Assets/04_Sounds/Stealthy Kitchen Scheme.mp3
  artifactKey: Guid(9833b245a99a9b44390604634fecb97e) Importer(2089858483,192608db42251d675da83286b1cce702)
Start importing Assets/04_Sounds/Stealthy Kitchen Scheme.mp3 using Guid(9833b245a99a9b44390604634fecb97e) Importer(2089858483,192608db42251d675da83286b1cce702) (ScriptedImporter) -> (artifact id: 'a7f29d9ba71fac42cb7edd320bce44ef') in 0.0354123 seconds
Number of updated asset objects reloaded before import = 0Number of asset objects unloaded after import = 1

========================================================================
Received Import Request.
  Time since last request: 0.000017 seconds.
  path: Assets/06_Models/FileteModel/fileteModelIdle.fbx
  artifactKey: Guid(31c9692bccd099e46a069d28e8e80069) Importer(2089858483,192608db42251d675da83286b1cce702)
Start importing Assets/06_Models/FileteModel/fileteModelIdle.fbx using Guid(31c9692bccd099e46a069d28e8e80069) Importer(2089858483,192608db42251d675da83286b1cce702) (ScriptedImporter) -> (artifact id: '139dc3218f01672c4be1059f38d34162') in 0.0376183 seconds
Number of updated asset objects reloaded before import = 0Number of asset objects unloaded after import = 178

========================================================================
Received Import Request.
  Time since last request: 0.000018 seconds.
  path: Assets/00_Scenes/Scenas pruebas/Scenes Pablo/Energias/UI/ItemSlot.prefab
  artifactKey: Guid(7f0dbfb77750e534c98978926b31b800) Importer(2089858483,192608db42251d675da83286b1cce702)
Start importing Assets/00_Scenes/Scenas pruebas/Scenes Pablo/Energias/UI/ItemSlot.prefab using Guid(7f0dbfb77750e534c98978926b31b800) Importer(2089858483,192608db42251d675da83286b1cce702) (ScriptedImporter) -> (artifact id: '519a12d296e56d83f1318a226a4f095c') in 0.0552934 seconds
Number of updated asset objects reloaded before import = 0Number of asset objects unloaded after import = 23

========================================================================
Received Import Request.
  Time since last request: 0.000020 seconds.
  path: Assets/01_Prefabs/Enemys/Pared.prefab
  artifactKey: Guid(1b58eb1148737884ba1aa63b429097ee) Importer(2089858483,192608db42251d675da83286b1cce702)
Start importing Assets/01_Prefabs/Enemys/Pared.prefab using Guid(1b58eb1148737884ba1aa63b429097ee) Importer(2089858483,192608db42251d675da83286b1cce702) (ScriptedImporter) -> (artifact id: '5604f204ef4332fe60ac9c53f398de7a') in 0.016364 seconds
Number of updated asset objects reloaded before import = 0Number of asset objects unloaded after import = 7

========================================================================
Received Import Request.
  Time since last request: 0.000102 seconds.
  path: Assets/TutorialInfo/Layout.wlt
  artifactKey: Guid(eabc9546105bf4accac1fd62a63e88e6) Importer(2089858483,192608db42251d675da83286b1cce702)
Start importing Assets/TutorialInfo/Layout.wlt using Guid(eabc9546105bf4accac1fd62a63e88e6) Importer(2089858483,192608db42251d675da83286b1cce702) (ScriptedImporter) -> (artifact id: '0a1814d6b913fa71c89e1223deb16b28') in 0.0132852 seconds
Number of updated asset objects reloaded before import = 0Number of asset objects unloaded after import = 1

========================================================================
Received Import Request.
  Time since last request: 0.000023 seconds.
  path: Assets/01_Prefabs/Objects/Key (1).prefab
  artifactKey: Guid(2341e8f2874fb6f41874d6b8abe51cbb) Importer(2089858483,192608db42251d675da83286b1cce702)
Start importing Assets/01_Prefabs/Objects/Key (1).prefab using Guid(2341e8f2874fb6f41874d6b8abe51cbb) Importer(2089858483,192608db42251d675da83286b1cce702) (ScriptedImporter) -> (artifact id: '8ec3a30e4e0732e4d455b5dfc3ee1282') in 0.0201713 seconds
Number of updated asset objects reloaded before import = 0Number of asset objects unloaded after import = 8

========================================================================
Received Import Request.
  Time since last request: 0.000018 seconds.
  path: Assets/01_Prefabs/Puzzle_Tragaperras/StartButtonSlot.prefab
  artifactKey: Guid(fb376ed3e94be4a4e80041df9ae9dd20) Importer(2089858483,192608db42251d675da83286b1cce702)
Start importing Assets/01_Prefabs/Puzzle_Tragaperras/StartButtonSlot.prefab using Guid(fb376ed3e94be4a4e80041df9ae9dd20) Importer(2089858483,192608db42251d675da83286b1cce702) (ScriptedImporter) -> (artifact id: '317a80a17cce1fd2d209b630d9d6c536') in 0.0181789 seconds
Number of updated asset objects reloaded before import = 0Number of asset objects unloaded after import = 7

========================================================================
Received Import Request.
  Time since last request: 0.000017 seconds.
  path: Assets/00_Scenes/Scenas pruebas/Scenes Pablo/Energias/Scripts/Objects/EnergyItem.cs
  artifactKey: Guid(fb254186a20ef1a4aaa468c4105000d1) Importer(2089858483,192608db42251d675da83286b1cce702)
Start importing Assets/00_Scenes/Scenas pruebas/Scenes Pablo/Energias/Scripts/Objects/EnergyItem.cs using Guid(fb254186a20ef1a4aaa468c4105000d1) Importer(2089858483,192608db42251d675da83286b1cce702) (ScriptedImporter) -> (artifact id: 'ef52059240e0ad83af18acc74c68a862') in 0.0138816 seconds
Number of updated asset objects reloaded before import = 0Number of asset objects unloaded after import = 0

========================================================================
Received Import Request.
  Time since last request: 0.000018 seconds.
  path: Assets/Plugins/Demigiant/DOTween/Modules/DOTweenModuleSprite.cs
  artifactKey: Guid(188918ab119d93148aa0de59ccf5286b) Importer(2089858483,192608db42251d675da83286b1cce702)
Start importing Assets/Plugins/Demigiant/DOTween/Modules/DOTweenModuleSprite.cs using Guid(188918ab119d93148aa0de59ccf5286b) Importer(2089858483,192608db42251d675da83286b1cce702) (ScriptedImporter) -> (artifact id: 'de6a0bc813b10bf68b52dcbca5392158') in 0.0156781 seconds
Number of updated asset objects reloaded before import = 0Number of asset objects unloaded after import = 0

========================================================================
Received Import Request.
  Time since last request: 0.000020 seconds.
  path: Assets/01_Prefabs/Enemys/Pared (2).prefab
  artifactKey: Guid(5c050cc74cafac647bdd506a077ecd02) Importer(2089858483,192608db42251d675da83286b1cce702)
Start importing Assets/01_Prefabs/Enemys/Pared (2).prefab using Guid(5c050cc74cafac647bdd506a077ecd02) Importer(2089858483,192608db42251d675da83286b1cce702) (ScriptedImporter) -> (artifact id: 'aba8ea56bfdba7edf7aab29feea1be95') in 0.0175231 seconds
Number of updated asset objects reloaded before import = 0Number of asset objects unloaded after import = 7

========================================================================
Received Import Request.
  Time since last request: 0.000028 seconds.
  path: Assets/00_Scenes/Scenes Mauricio/Mat_VolumetricFog.mat
  artifactKey: Guid(b7f032f50f2a5b948bf78dbd39a21f0f) Importer(2089858483,192608db42251d675da83286b1cce702)
Start importing Assets/00_Scenes/Scenes Mauricio/Mat_VolumetricFog.mat using Guid(b7f032f50f2a5b948bf78dbd39a21f0f) Importer(2089858483,192608db42251d675da83286b1cce702) (ScriptedImporter) -> (artifact id: 'aa4bd9d8d534cedcd38b1c66f66c53a8') in 0.0159615 seconds
Number of updated asset objects reloaded before import = 0Number of asset objects unloaded after import = 1

========================================================================
Received Import Request.
  Time since last request: 0.000019 seconds.
  path: Assets/00_Scenes/Scenas pruebas/Scenes Pablo/Energias/Particles/EnergyYellowFX.prefab
  artifactKey: Guid(3df13c939dbe6d34ab66c9d1a8fc9095) Importer(2089858483,192608db42251d675da83286b1cce702)
Start importing Assets/00_Scenes/Scenas pruebas/Scenes Pablo/Energias/Particles/EnergyYellowFX.prefab using Guid(3df13c939dbe6d34ab66c9d1a8fc9095) Importer(2089858483,192608db42251d675da83286b1cce702) (ScriptedImporter) -> (artifact id: 'd8105de2a877fc3521605b60bffee81a') in 0.0495627 seconds
Number of updated asset objects reloaded before import = 0Number of asset objects unloaded after import = 6

========================================================================
Received Import Request.
  Time since last request: 0.000020 seconds.
  path: Assets/03_Shaders/EmissivePadURP.shader
  artifactKey: Guid(5c873b04526b4f244bf5da06a779e1f0) Importer(2089858483,192608db42251d675da83286b1cce702)
Start importing Assets/03_Shaders/EmissivePadURP.shader using Guid(5c873b04526b4f244bf5da06a779e1f0) Importer(2089858483,192608db42251d675da83286b1cce702) (ScriptedImporter) -> (artifact id: '90888e63dde1be1d59de66c600408d9c') in 0.0159825 seconds
Number of updated asset objects reloaded before import = 0Number of asset objects unloaded after import = 1

========================================================================
Received Import Request.
  Time since last request: 0.000017 seconds.
  path: Assets/01_Prefabs/Objects/DoorPivot.prefab
  artifactKey: Guid(59c1dca2b570de44c9d4c1f3f26e6690) Importer(2089858483,192608db42251d675da83286b1cce702)
Start importing Assets/01_Prefabs/Objects/DoorPivot.prefab using Guid(59c1dca2b570de44c9d4c1f3f26e6690) Importer(2089858483,192608db42251d675da83286b1cce702) (ScriptedImporter) -> (artifact id: 'cc62c3c56cdbabd75445a8cb3c855597') in 0.0135435 seconds
Number of updated asset objects reloaded before import = 0Number of asset objects unloaded after import = 10

========================================================================
Received Import Request.
  Time since last request: 0.000020 seconds.
  path: Assets/00_Scenes/Scenas pruebas/Scenes Pablo/Energias/Shaders/EmergyBackground.shadergraph
  artifactKey: Guid(6e0fef937efc7d9418e49daa024939e6) Importer(2089858483,192608db42251d675da83286b1cce702)
Start importing Assets/00_Scenes/Scenas pruebas/Scenes Pablo/Energias/Shaders/EmergyBackground.shadergraph using Guid(6e0fef937efc7d9418e49daa024939e6) Importer(2089858483,192608db42251d675da83286b1cce702) (ScriptedImporter) -> (artifact id: '559f158ace618c00de8acf9b7e2e33ee') in 0.020481 seconds
Number of updated asset objects reloaded before import = 0Number of asset objects unloaded after import = 5

========================================================================
Received Import Request.
  Time since last request: 0.000034 seconds.
  path: Assets/Plugins/Demigiant/DOTween/Editor/Imgs/DOTweenIcon.png
  artifactKey: Guid(8da095e39e9b4df488dfd436f81116d6) Importer(2089858483,192608db42251d675da83286b1cce702)
Start importing Assets/Plugins/Demigiant/DOTween/Editor/Imgs/DOTweenIcon.png using Guid(8da095e39e9b4df488dfd436f81116d6) Importer(2089858483,192608db42251d675da83286b1cce702) (ScriptedImporter) -> (artifact id: '1b10d1b8531439314f22213af02747ce') in 0.0198004 seconds
Number of updated asset objects reloaded before import = 0Number of asset objects unloaded after import = 1

========================================================================
Received Import Request.
  Time since last request: 0.000020 seconds.
  path: Assets/Settings/Mobile_RPAsset.asset
  artifactKey: Guid(5e6cbd92db86f4b18aec3ed561671858) Importer(2089858483,192608db42251d675da83286b1cce702)
Start importing Assets/Settings/Mobile_RPAsset.asset using Guid(5e6cbd92db86f4b18aec3ed561671858) Importer(2089858483,192608db42251d675da83286b1cce702) (ScriptedImporter) -> (artifact id: 'b9c5a4d5b58998d22e17ad9964ed47d1') in 0.0470144 seconds
Number of updated asset objects reloaded before import = 0Number of asset objects unloaded after import = 2

========================================================================
Received Import Request.
  Time since last request: 0.000025 seconds.
  path: Assets/00_Scenes/Scenas pruebas/Scenes Pablo/Energias/ScriptableObjects/RoundItems/Ronda Eléctrica.asset
  artifactKey: Guid(9eb7b6749e007b04ea25fbeaed37d074) Importer(2089858483,192608db42251d675da83286b1cce702)
Start importing Assets/00_Scenes/Scenas pruebas/Scenes Pablo/Energias/ScriptableObjects/RoundItems/Ronda Eléctrica.asset using Guid(9eb7b6749e007b04ea25fbeaed37d074) Importer(2089858483,192608db42251d675da83286b1cce702) (ScriptedImporter) -> (artifact id: '3d09775e013eb505a8692ae2abf9efa4') in 0.0149502 seconds
Number of updated asset objects reloaded before import = 0Number of asset objects unloaded after import = 1

========================================================================
Received Import Request.
  Time since last request: 0.000018 seconds.
  path: Assets/01_Prefabs/Puzzle_Tragaperras/CanvasPuzzleTragaperras.prefab
  artifactKey: Guid(f46a0e88838fc8e45a13410870d97f21) Importer(2089858483,192608db42251d675da83286b1cce702)
Start importing Assets/01_Prefabs/Puzzle_Tragaperras/CanvasPuzzleTragaperras.prefab using Guid(f46a0e88838fc8e45a13410870d97f21) Importer(2089858483,192608db42251d675da83286b1cce702) (ScriptedImporter) -> (artifact id: 'ecfed0439d81c481136adbfe7c2f30ff') in 0.0457232 seconds
Number of updated asset objects reloaded before import = 0Number of asset objects unloaded after import = 19

========================================================================
Received Import Request.
  Time since last request: 0.000020 seconds.
  path: Assets/00_Scenes/Scenes Mauricio/Mat_Beam.mat
  artifactKey: Guid(7602a87f481b7804bbbb5780443a5b2d) Importer(2089858483,192608db42251d675da83286b1cce702)
Start importing Assets/00_Scenes/Scenes Mauricio/Mat_Beam.mat using Guid(7602a87f481b7804bbbb5780443a5b2d) Importer(2089858483,192608db42251d675da83286b1cce702) (ScriptedImporter) -> (artifact id: '723bf6e10da155351cda3ed9346349b6') in 0.0128849 seconds
Number of updated asset objects reloaded before import = 0Number of asset objects unloaded after import = 1

========================================================================
Received Import Request.
  Time since last request: 0.000031 seconds.
  path: Assets/00_Scenes/Scenas pruebas/SceneAlex.unity
  artifactKey: Guid(b707d8aaaae311a46a2f4863084b8b8a) Importer(2089858483,192608db42251d675da83286b1cce702)
Start importing Assets/00_Scenes/Scenas pruebas/SceneAlex.unity using Guid(b707d8aaaae311a46a2f4863084b8b8a) Importer(2089858483,192608db42251d675da83286b1cce702) (ScriptedImporter) -> (artifact id: 'd63e88eee6b3e22bc9c5195d9c01fdee') in 0.0142954 seconds
Number of updated asset objects reloaded before import = 0Number of asset objects unloaded after import = 1

========================================================================
Received Import Request.
  Time since last request: 0.000016 seconds.
  path: Assets/Settings/SampleSceneProfile.asset
  artifactKey: Guid(10fc4df2da32a41aaa32d77bc913491c) Importer(2089858483,192608db42251d675da83286b1cce702)
Start importing Assets/Settings/SampleSceneProfile.asset using Guid(10fc4df2da32a41aaa32d77bc913491c) Importer(2089858483,192608db42251d675da83286b1cce702) (ScriptedImporter) -> (artifact id: '321f54419f5e5ee0f431d4931e04f8e1') in 0.0149406 seconds
Number of updated asset objects reloaded before import = 0Number of asset objects unloaded after import = 1

========================================================================
Received Import Request.
  Time since last request: 0.000018 seconds.
  path: Assets/02_Scripts/Enemy/EnemyDog.cs
  artifactKey: Guid(dac2581d1ee07d340bc9246794498887) Importer(2089858483,192608db42251d675da83286b1cce702)
Start importing Assets/02_Scripts/Enemy/EnemyDog.cs using Guid(dac2581d1ee07d340bc9246794498887) Importer(2089858483,192608db42251d675da83286b1cce702) (ScriptedImporter) -> (artifact id: '6a2b5e303553051018e60fddc925078d') in 0.0151209 seconds
Number of updated asset objects reloaded before import = 0Number of asset objects unloaded after import = 0

========================================================================
Received Import Request.
  Time since last request: 0.000038 seconds.
  path: Assets/01_Prefabs/Puzzle_Tragaperras/princesaSlot1.jpg
  artifactKey: Guid(9cb178e828cf8d6468453ae9a3c6dd16) Importer(2089858483,192608db42251d675da83286b1cce702)
Start importing Assets/01_Prefabs/Puzzle_Tragaperras/princesaSlot1.jpg using Guid(9cb178e828cf8d6468453ae9a3c6dd16) Importer(2089858483,192608db42251d675da83286b1cce702) (ScriptedImporter) -> (artifact id: '2ec90fa534a71d73cc64298a21373516') in 0.0204874 seconds
Number of updated asset objects reloaded before import = 0Number of asset objects unloaded after import = 3

========================================================================
Received Import Request.
  Time since last request: 0.000022 seconds.
  path: Assets/05_Materials/Cocina/fondo-de-azulejos-de-hormigon.jpg
  artifactKey: Guid(24e799fd3a73efe46b47bee7d9151150) Importer(2089858483,192608db42251d675da83286b1cce702)
Start importing Assets/05_Materials/Cocina/fondo-de-azulejos-de-hormigon.jpg using Guid(24e799fd3a73efe46b47bee7d9151150) Importer(2089858483,192608db42251d675da83286b1cce702) (ScriptedImporter) -> (artifact id: '2669bf0812f5b9d72409be5e26015c10') in 0.021962 seconds
Number of updated asset objects reloaded before import = 0Number of asset objects unloaded after import = 1

========================================================================
Received Import Request.
  Time since last request: 0.000026 seconds.
  path: Assets/00_Scenes/Scenas pruebas/ScenePablo.unity
  artifactKey: Guid(915e4aecff9901844b5ebfda0b5e36ed) Importer(2089858483,192608db42251d675da83286b1cce702)
Start importing Assets/00_Scenes/Scenas pruebas/ScenePablo.unity using Guid(915e4aecff9901844b5ebfda0b5e36ed) Importer(2089858483,192608db42251d675da83286b1cce702) (ScriptedImporter) -> (artifact id: '775d973860dc76d715fed16f08ddf95b') in 0.0154782 seconds
Number of updated asset objects reloaded before import = 0Number of asset objects unloaded after import = 1

========================================================================
Received Import Request.
  Time since last request: 0.000027 seconds.
  path: Assets/00_Scenes/Scenas pruebas/SceneAle.unity
  artifactKey: Guid(442cc0283f3599a46bd21c0f03e43dd0) Importer(2089858483,192608db42251d675da83286b1cce702)
Start importing Assets/00_Scenes/Scenas pruebas/SceneAle.unity using Guid(442cc0283f3599a46bd21c0f03e43dd0) Importer(2089858483,192608db42251d675da83286b1cce702) (ScriptedImporter) -> (artifact id: 'e6367b63ab13cb298c6b704eaad5b613') in 0.0141125 seconds
Number of updated asset objects reloaded before import = 0Number of asset objects unloaded after import = 1

========================================================================
Received Import Request.
  Time since last request: 0.000016 seconds.
  path: Assets/01_Prefabs/Enemys/Pared (3).prefab
  artifactKey: Guid(866228d3617394142ba625c21cde1836) Importer(2089858483,192608db42251d675da83286b1cce702)
Start importing Assets/01_Prefabs/Enemys/Pared (3).prefab using Guid(866228d3617394142ba625c21cde1836) Importer(2089858483,192608db42251d675da83286b1cce702) (ScriptedImporter) -> (artifact id: '408e10ee401d0057e0996d69e49aafba') in 0.0171557 seconds
Number of updated asset objects reloaded before import = 0Number of asset objects unloaded after import = 7

========================================================================
Received Import Request.
  Time since last request: 0.000031 seconds.
  path: Assets/06_Models/ChorizoModel/ChorizoModel.fbx
  artifactKey: Guid(f323a2ebd1880d74284ac50ae11cbb2a) Importer(2089858483,192608db42251d675da83286b1cce702)
Start importing Assets/06_Models/ChorizoModel/ChorizoModel.fbx using Guid(f323a2ebd1880d74284ac50ae11cbb2a) Importer(2089858483,192608db42251d675da83286b1cce702) (ScriptedImporter) -> (artifact id: 'eabb2a7a60a4531e15b006834d0f7fc6') in 0.0293299 seconds
Number of updated asset objects reloaded before import = 0Number of asset objects unloaded after import = 19

========================================================================
Received Import Request.
  Time since last request: 0.000018 seconds.
  path: Assets/06_Models/FileteModel/fileteModel.blend
  artifactKey: Guid(140c7bf6efe262a49a73cd26bf8a24f7) Importer(2089858483,192608db42251d675da83286b1cce702)
Start importing Assets/06_Models/FileteModel/fileteModel.blend using Guid(140c7bf6efe262a49a73cd26bf8a24f7) Importer(2089858483,192608db42251d675da83286b1cce702) (ScriptedImporter) -> (artifact id: 'b4f0d79b185c108abfae905c350ce9e3') in 0.0187117 seconds
Number of updated asset objects reloaded before import = 0Number of asset objects unloaded after import = 1

========================================================================
Received Import Request.
  Time since last request: 0.000017 seconds.
  path: Assets/00_Scenes/MainScene/LightingData.asset
  artifactKey: Guid(d31738f4ab53e1b488a5df042d8edd7c) Importer(2089858483,192608db42251d675da83286b1cce702)
Start importing Assets/00_Scenes/MainScene/LightingData.asset using Guid(d31738f4ab53e1b488a5df042d8edd7c) Importer(2089858483,192608db42251d675da83286b1cce702) (ScriptedImporter) -> (artifact id: '32b57aa143c7967b322827e2fbbe1f7b') in 0.0139968 seconds
Number of updated asset objects reloaded before import = 0Number of asset objects unloaded after import = 2

========================================================================
Received Import Request.
  Time since last request: 0.000021 seconds.
  path: Assets/06_Models/ChorizoModel/ChorizoRevampAnimTODO.fbx
  artifactKey: Guid(2af8517a4f69fd9459d4ebe1d5387dbe) Importer(2089858483,192608db42251d675da83286b1cce702)
Start importing Assets/06_Models/ChorizoModel/ChorizoRevampAnimTODO.fbx using Guid(2af8517a4f69fd9459d4ebe1d5387dbe) Importer(2089858483,192608db42251d675da83286b1cce702) (ScriptedImporter) -> (artifact id: 'd5294e1897b763677deed11a697237d9') in 0.0694466 seconds
Number of updated asset objects reloaded before import = 0Number of asset objects unloaded after import = 193

========================================================================
Received Prepare
Refreshing native plugins compatible for Editor in 2.05 ms, found 3 plugins.
Preloading 0 native plugins for Editor in 0.00 ms.
Unloading 13 Unused Serialized files (Serialized files now loaded: 0)
Unloading 6162 unused Assets / (4.1 MB). Loaded Objects now: 6904.
Memory consumption went from 141.9 MB to 137.9 MB.
Total: 15.316000 ms (FindLiveObjects: 0.898400 ms CreateObjectMapping: 1.103600 ms MarkObjects: 9.128000 ms  DeleteObjects: 4.184200 ms)

Prepare: number of updated asset objects reloaded= 0
========================================================================
Received Prepare
Begin MonoManager ReloadAssembly
- Loaded All Assemblies, in  0.832 seconds
Refreshing native plugins compatible for Editor in 1.61 ms, found 3 plugins.
Native extension for WindowsStandalone target not found
[Package Manager] Failed to launch server process. Reason: Unity was launched with the -noUpm command-line argument
[Package Manager] Unable to send message (not connected to server process).
[Package Manager] Cannot connect to Unity Package Manager local server
Mono: successfully reloaded assembly
- Finished resetting the current domain, in  0.744 seconds
Domain Reload Profiling: 1580ms
	BeginReloadAssembly (252ms)
		ExecutionOrderSort (0ms)
		DisableScriptedObjects (6ms)
		BackupInstance (0ms)
		ReleaseScriptingObjects (0ms)
		CreateAndSetChildDomain (67ms)
	RebuildCommonClasses (53ms)
	RebuildNativeTypeToScriptingClass (17ms)
	initialDomainReloadingComplete (36ms)
	LoadAllAssembliesAndSetupDomain (477ms)
		LoadAssemblies (410ms)
		RebuildTransferFunctionScriptingTraits (0ms)
		AnalyzeDomain (187ms)
			TypeCache.Refresh (10ms)
				TypeCache.ScanAssembly (1ms)
			BuildScriptInfoCaches (159ms)
			ResolveRequiredComponents (12ms)
	FinalizeReload (745ms)
		ReleaseScriptCaches (0ms)
		RebuildScriptCaches (0ms)
		SetupLoadedEditorAssemblies (589ms)
			LogAssemblyErrors (0ms)
			InitializePlatformSupportModulesInManaged (3ms)
			SetLoadedEditorAssemblies (3ms)
			BeforeProcessingInitializeOnLoad (137ms)
			ProcessInitializeOnLoadAttributes (389ms)
			ProcessInitializeOnLoadMethodAttributes (51ms)
			AfterProcessingInitializeOnLoad (5ms)
			EditorAssembliesLoaded (0ms)
		ExecutionOrderSort2 (0ms)
		AwakeInstancesAfterBackupRestoration (14ms)
Refreshing native plugins compatible for Editor in 1.16 ms, found 3 plugins.
Preloading 0 native plugins for Editor in 0.00 ms.
Unloading 13 Unused Serialized files (Serialized files now loaded: 0)
Unloading 6167 unused Assets / (4.2 MB). Loaded Objects now: 6906.
Memory consumption went from 140.0 MB to 135.8 MB.
Total: 9.154600 ms (FindLiveObjects: 0.698800 ms CreateObjectMapping: 0.673000 ms MarkObjects: 4.519400 ms  DeleteObjects: 3.261000 ms)

Prepare: number of updated asset objects reloaded= 0
========================================================================
Received Prepare
Refreshing native plugins compatible for Editor in 0.96 ms, found 3 plugins.
Preloading 0 native plugins for Editor in 0.00 ms.
Unloading 13 Unused Serialized files (Serialized files now loaded: 0)
Unloading 6160 unused Assets / (3.8 MB). Loaded Objects now: 6906.
Memory consumption went from 140.2 MB to 136.4 MB.
Total: 9.509700 ms (FindLiveObjects: 0.825400 ms CreateObjectMapping: 1.333500 ms MarkObjects: 4.834400 ms  DeleteObjects: 2.515100 ms)

Prepare: number of updated asset objects reloaded= 0
========================================================================
Received Prepare
Refreshing native plugins compatible for Editor in 1.10 ms, found 3 plugins.
Preloading 0 native plugins for Editor in 0.00 ms.
Unloading 13 Unused Serialized files (Serialized files now loaded: 0)
Unloading 6160 unused Assets / (3.8 MB). Loaded Objects now: 6906.
Memory consumption went from 140.2 MB to 136.4 MB.
Total: 14.135800 ms (FindLiveObjects: 0.909900 ms CreateObjectMapping: 2.567000 ms MarkObjects: 6.903600 ms  DeleteObjects: 3.753300 ms)

Prepare: number of updated asset objects reloaded= 0
========================================================================
Received Prepare
Begin MonoManager ReloadAssembly
- Loaded All Assemblies, in  0.816 seconds
Refreshing native plugins compatible for Editor in 1.05 ms, found 3 plugins.
Native extension for WindowsStandalone target not found
[Package Manager] Failed to launch server process. Reason: Unity was launched with the -noUpm command-line argument
[Package Manager] Unable to send message (not connected to server process).
[Package Manager] Cannot connect to Unity Package Manager local server
Mono: successfully reloaded assembly
- Finished resetting the current domain, in  0.754 seconds
Domain Reload Profiling: 1574ms
	BeginReloadAssembly (235ms)
		ExecutionOrderSort (0ms)
		DisableScriptedObjects (5ms)
		BackupInstance (0ms)
		ReleaseScriptingObjects (0ms)
		CreateAndSetChildDomain (50ms)
	RebuildCommonClasses (51ms)
	RebuildNativeTypeToScriptingClass (21ms)
	initialDomainReloadingComplete (35ms)
	LoadAllAssembliesAndSetupDomain (477ms)
		LoadAssemblies (380ms)
		RebuildTransferFunctionScriptingTraits (0ms)
		AnalyzeDomain (208ms)
			TypeCache.Refresh (10ms)
				TypeCache.ScanAssembly (1ms)
			BuildScriptInfoCaches (183ms)
			ResolveRequiredComponents (10ms)
	FinalizeReload (755ms)
		ReleaseScriptCaches (0ms)
		RebuildScriptCaches (0ms)
		SetupLoadedEditorAssemblies (591ms)
			LogAssemblyErrors (0ms)
			InitializePlatformSupportModulesInManaged (2ms)
			SetLoadedEditorAssemblies (3ms)
			BeforeProcessingInitializeOnLoad (123ms)
			ProcessInitializeOnLoadAttributes (393ms)
			ProcessInitializeOnLoadMethodAttributes (65ms)
			AfterProcessingInitializeOnLoad (4ms)
			EditorAssembliesLoaded (1ms)
		ExecutionOrderSort2 (0ms)
		AwakeInstancesAfterBackupRestoration (19ms)
Refreshing native plugins compatible for Editor in 0.80 ms, found 3 plugins.
Preloading 0 native plugins for Editor in 0.00 ms.
Unloading 13 Unused Serialized files (Serialized files now loaded: 0)
Unloading 6167 unused Assets / (4.1 MB). Loaded Objects now: 6908.
Memory consumption went from 140.1 MB to 136.0 MB.
Total: 10.618500 ms (FindLiveObjects: 0.744500 ms CreateObjectMapping: 0.838600 ms MarkObjects: 5.820000 ms  DeleteObjects: 3.214000 ms)

Prepare: number of updated asset objects reloaded= 0
========================================================================
Received Prepare
Refreshing native plugins compatible for Editor in 1.06 ms, found 3 plugins.
Preloading 0 native plugins for Editor in 0.00 ms.
Unloading 13 Unused Serialized files (Serialized files now loaded: 0)
Unloading 6160 unused Assets / (3.8 MB). Loaded Objects now: 6908.
Memory consumption went from 140.2 MB to 136.4 MB.
Total: 8.679900 ms (FindLiveObjects: 0.733700 ms CreateObjectMapping: 0.670400 ms MarkObjects: 4.392800 ms  DeleteObjects: 2.881600 ms)

Prepare: number of updated asset objects reloaded= 0
========================================================================
Received Prepare
Begin MonoManager ReloadAssembly
- Loaded All Assemblies, in  0.957 seconds
Refreshing native plugins compatible for Editor in 0.97 ms, found 3 plugins.
Native extension for WindowsStandalone target not found
[Package Manager] Failed to launch server process. Reason: Unity was launched with the -noUpm command-line argument
[Package Manager] Unable to send message (not connected to server process).
[Package Manager] Cannot connect to Unity Package Manager local server
Mono: successfully reloaded assembly
- Finished resetting the current domain, in  0.829 seconds
Domain Reload Profiling: 1789ms
	BeginReloadAssembly (308ms)
		ExecutionOrderSort (0ms)
		DisableScriptedObjects (6ms)
		BackupInstance (0ms)
		ReleaseScriptingObjects (0ms)
		CreateAndSetChildDomain (74ms)
	RebuildCommonClasses (58ms)
	RebuildNativeTypeToScriptingClass (14ms)
	initialDomainReloadingComplete (45ms)
	LoadAllAssembliesAndSetupDomain (535ms)
		LoadAssemblies (435ms)
		RebuildTransferFunctionScriptingTraits (0ms)
		AnalyzeDomain (258ms)
			TypeCache.Refresh (11ms)
				TypeCache.ScanAssembly (1ms)
			BuildScriptInfoCaches (226ms)
			ResolveRequiredComponents (14ms)
	FinalizeReload (829ms)
		ReleaseScriptCaches (0ms)
		RebuildScriptCaches (0ms)
		SetupLoadedEditorAssemblies (630ms)
			LogAssemblyErrors (0ms)
			InitializePlatformSupportModulesInManaged (2ms)
			SetLoadedEditorAssemblies (5ms)
			BeforeProcessingInitializeOnLoad (143ms)
			ProcessInitializeOnLoadAttributes (415ms)
			ProcessInitializeOnLoadMethodAttributes (60ms)
			AfterProcessingInitializeOnLoad (5ms)
			EditorAssembliesLoaded (0ms)
		ExecutionOrderSort2 (0ms)
		AwakeInstancesAfterBackupRestoration (18ms)
Refreshing native plugins compatible for Editor in 1.08 ms, found 3 plugins.
Preloading 0 native plugins for Editor in 0.00 ms.
Unloading 13 Unused Serialized files (Serialized files now loaded: 0)
Unloading 6167 unused Assets / (4.3 MB). Loaded Objects now: 6910.
Memory consumption went from 140.1 MB to 135.8 MB.
Total: 8.037800 ms (FindLiveObjects: 0.765200 ms CreateObjectMapping: 1.208300 ms MarkObjects: 3.799200 ms  DeleteObjects: 2.263500 ms)

Prepare: number of updated asset objects reloaded= 0
========================================================================
Received Prepare
Begin MonoManager ReloadAssembly
- Loaded All Assemblies, in  0.802 seconds
Refreshing native plugins compatible for Editor in 0.93 ms, found 3 plugins.
Native extension for WindowsStandalone target not found
[Package Manager] Failed to launch server process. Reason: Unity was launched with the -noUpm command-line argument
[Package Manager] Unable to send message (not connected to server process).
[Package Manager] Cannot connect to Unity Package Manager local server
Mono: successfully reloaded assembly
- Finished resetting the current domain, in  0.751 seconds
Domain Reload Profiling: 1555ms
	BeginReloadAssembly (233ms)
		ExecutionOrderSort (0ms)
		DisableScriptedObjects (9ms)
		BackupInstance (0ms)
		ReleaseScriptingObjects (0ms)
		CreateAndSetChildDomain (58ms)
	RebuildCommonClasses (38ms)
	RebuildNativeTypeToScriptingClass (20ms)
	initialDomainReloadingComplete (29ms)
	LoadAllAssembliesAndSetupDomain (483ms)
		LoadAssemblies (371ms)
		RebuildTransferFunctionScriptingTraits (0ms)
		AnalyzeDomain (215ms)
			TypeCache.Refresh (7ms)
				TypeCache.ScanAssembly (0ms)
			BuildScriptInfoCaches (192ms)
			ResolveRequiredComponents (11ms)
	FinalizeReload (752ms)
		ReleaseScriptCaches (0ms)
		RebuildScriptCaches (0ms)
		SetupLoadedEditorAssemblies (589ms)
			LogAssemblyErrors (0ms)
			InitializePlatformSupportModulesInManaged (3ms)
			SetLoadedEditorAssemblies (4ms)
			BeforeProcessingInitializeOnLoad (125ms)
			ProcessInitializeOnLoadAttributes (386ms)
			ProcessInitializeOnLoadMethodAttributes (65ms)
			AfterProcessingInitializeOnLoad (5ms)
			EditorAssembliesLoaded (0ms)
		ExecutionOrderSort2 (0ms)
		AwakeInstancesAfterBackupRestoration (21ms)
Refreshing native plugins compatible for Editor in 1.02 ms, found 3 plugins.
Preloading 0 native plugins for Editor in 0.00 ms.
Unloading 13 Unused Serialized files (Serialized files now loaded: 0)
Unloading 6167 unused Assets / (4.7 MB). Loaded Objects now: 6912.
Memory consumption went from 140.1 MB to 135.4 MB.
Total: 9.692900 ms (FindLiveObjects: 0.713300 ms CreateObjectMapping: 0.968400 ms MarkObjects: 4.803300 ms  DeleteObjects: 3.206500 ms)

Prepare: number of updated asset objects reloaded= 0
========================================================================
Received Prepare
Begin MonoManager ReloadAssembly
- Loaded All Assemblies, in  0.766 seconds
Refreshing native plugins compatible for Editor in 0.70 ms, found 3 plugins.
Native extension for WindowsStandalone target not found
[Package Manager] Failed to launch server process. Reason: Unity was launched with the -noUpm command-line argument
[Package Manager] Unable to send message (not connected to server process).
[Package Manager] Cannot connect to Unity Package Manager local server
Mono: successfully reloaded assembly
- Finished resetting the current domain, in  0.985 seconds
Domain Reload Profiling: 1756ms
	BeginReloadAssembly (215ms)
		ExecutionOrderSort (0ms)
		DisableScriptedObjects (7ms)
		BackupInstance (0ms)
		ReleaseScriptingObjects (0ms)
		CreateAndSetChildDomain (44ms)
	RebuildCommonClasses (48ms)
	RebuildNativeTypeToScriptingClass (15ms)
	initialDomainReloadingComplete (32ms)
	LoadAllAssembliesAndSetupDomain (459ms)
		LoadAssemblies (359ms)
		RebuildTransferFunctionScriptingTraits (0ms)
		AnalyzeDomain (204ms)
			TypeCache.Refresh (8ms)
				TypeCache.ScanAssembly (0ms)
			BuildScriptInfoCaches (175ms)
			ResolveRequiredComponents (16ms)
	FinalizeReload (986ms)
		ReleaseScriptCaches (0ms)
		RebuildScriptCaches (0ms)
		SetupLoadedEditorAssemblies (801ms)
			LogAssemblyErrors (0ms)
			InitializePlatformSupportModulesInManaged (3ms)
			SetLoadedEditorAssemblies (5ms)
			BeforeProcessingInitializeOnLoad (133ms)
			ProcessInitializeOnLoadAttributes (554ms)
			ProcessInitializeOnLoadMethodAttributes (98ms)
			AfterProcessingInitializeOnLoad (9ms)
			EditorAssembliesLoaded (1ms)
		ExecutionOrderSort2 (0ms)
		AwakeInstancesAfterBackupRestoration (29ms)
Refreshing native plugins compatible for Editor in 0.96 ms, found 3 plugins.
Preloading 0 native plugins for Editor in 0.00 ms.
Unloading 13 Unused Serialized files (Serialized files now loaded: 0)
Unloading 6167 unused Assets / (4.3 MB). Loaded Objects now: 6914.
Memory consumption went from 140.2 MB to 135.8 MB.
Total: 18.239600 ms (FindLiveObjects: 2.312800 ms CreateObjectMapping: 2.601900 ms MarkObjects: 8.527300 ms  DeleteObjects: 4.795600 ms)

Prepare: number of updated asset objects reloaded= 0
========================================================================
Received Prepare
Begin MonoManager ReloadAssembly
- Loaded All Assemblies, in  0.722 seconds
Refreshing native plugins compatible for Editor in 0.68 ms, found 3 plugins.
Native extension for WindowsStandalone target not found
[Package Manager] Failed to launch server process. Reason: Unity was launched with the -noUpm command-line argument
[Package Manager] Unable to send message (not connected to server process).
[Package Manager] Cannot connect to Unity Package Manager local server
Mono: successfully reloaded assembly
- Finished resetting the current domain, in  0.792 seconds
Domain Reload Profiling: 1517ms
	BeginReloadAssembly (198ms)
		ExecutionOrderSort (0ms)
		DisableScriptedObjects (6ms)
		BackupInstance (0ms)
		ReleaseScriptingObjects (0ms)
		CreateAndSetChildDomain (48ms)
	RebuildCommonClasses (42ms)
	RebuildNativeTypeToScriptingClass (18ms)
	initialDomainReloadingComplete (32ms)
	LoadAllAssembliesAndSetupDomain (435ms)
		LoadAssemblies (324ms)
		RebuildTransferFunctionScriptingTraits (0ms)
		AnalyzeDomain (198ms)
			TypeCache.Refresh (7ms)
				TypeCache.ScanAssembly (0ms)
			BuildScriptInfoCaches (176ms)
			ResolveRequiredComponents (10ms)
	FinalizeReload (793ms)
		ReleaseScriptCaches (0ms)
		RebuildScriptCaches (0ms)
		SetupLoadedEditorAssemblies (613ms)
			LogAssemblyErrors (0ms)
			InitializePlatformSupportModulesInManaged (2ms)
			SetLoadedEditorAssemblies (3ms)
			BeforeProcessingInitializeOnLoad (126ms)
			ProcessInitializeOnLoadAttributes (376ms)
			ProcessInitializeOnLoadMethodAttributes (95ms)
			AfterProcessingInitializeOnLoad (10ms)
			EditorAssembliesLoaded (0ms)
		ExecutionOrderSort2 (0ms)
		AwakeInstancesAfterBackupRestoration (28ms)
Refreshing native plugins compatible for Editor in 0.73 ms, found 3 plugins.
Preloading 0 native plugins for Editor in 0.00 ms.
Unloading 13 Unused Serialized files (Serialized files now loaded: 0)
Unloading 6167 unused Assets / (4.4 MB). Loaded Objects now: 6916.
Memory consumption went from 140.2 MB to 135.8 MB.
Total: 13.602100 ms (FindLiveObjects: 1.443000 ms CreateObjectMapping: 1.354200 ms MarkObjects: 6.447000 ms  DeleteObjects: 4.357000 ms)

Prepare: number of updated asset objects reloaded= 0
========================================================================
Received Prepare
Begin MonoManager ReloadAssembly
- Loaded All Assemblies, in  0.802 seconds
Refreshing native plugins compatible for Editor in 0.70 ms, found 3 plugins.
Native extension for WindowsStandalone target not found
[Package Manager] Failed to launch server process. Reason: Unity was launched with the -noUpm command-line argument
[Package Manager] Unable to send message (not connected to server process).
[Package Manager] Cannot connect to Unity Package Manager local server
Mono: successfully reloaded assembly
- Finished resetting the current domain, in  0.935 seconds
Domain Reload Profiling: 1739ms
	BeginReloadAssembly (213ms)
		ExecutionOrderSort (0ms)
		DisableScriptedObjects (6ms)
		BackupInstance (0ms)
		ReleaseScriptingObjects (0ms)
		CreateAndSetChildDomain (59ms)
	RebuildCommonClasses (51ms)
	RebuildNativeTypeToScriptingClass (14ms)
	initialDomainReloadingComplete (30ms)
	LoadAllAssembliesAndSetupDomain (495ms)
		LoadAssemblies (377ms)
		RebuildTransferFunctionScriptingTraits (0ms)
		AnalyzeDomain (210ms)
			TypeCache.Refresh (10ms)
				TypeCache.ScanAssembly (0ms)
			BuildScriptInfoCaches (184ms)
			ResolveRequiredComponents (12ms)
	FinalizeReload (936ms)
		ReleaseScriptCaches (0ms)
		RebuildScriptCaches (0ms)
		SetupLoadedEditorAssemblies (734ms)
			LogAssemblyErrors (0ms)
			InitializePlatformSupportModulesInManaged (3ms)
			SetLoadedEditorAssemblies (5ms)
			BeforeProcessingInitializeOnLoad (149ms)
			ProcessInitializeOnLoadAttributes (470ms)
			ProcessInitializeOnLoadMethodAttributes (98ms)
			AfterProcessingInitializeOnLoad (9ms)
			EditorAssembliesLoaded (0ms)
		ExecutionOrderSort2 (0ms)
		AwakeInstancesAfterBackupRestoration (28ms)
Refreshing native plugins compatible for Editor in 1.03 ms, found 3 plugins.
Preloading 0 native plugins for Editor in 0.00 ms.
Unloading 13 Unused Serialized files (Serialized files now loaded: 0)
Unloading 6167 unused Assets / (4.4 MB). Loaded Objects now: 6918.
Memory consumption went from 140.2 MB to 135.9 MB.
Total: 15.714900 ms (FindLiveObjects: 1.090800 ms CreateObjectMapping: 2.276200 ms MarkObjects: 6.818500 ms  DeleteObjects: 5.528000 ms)

Prepare: number of updated asset objects reloaded= 0
========================================================================
Received Prepare
Begin MonoManager ReloadAssembly
- Loaded All Assemblies, in  0.759 seconds
Refreshing native plugins compatible for Editor in 0.59 ms, found 3 plugins.
Native extension for WindowsStandalone target not found
[Package Manager] Failed to launch server process. Reason: Unity was launched with the -noUpm command-line argument
[Package Manager] Unable to send message (not connected to server process).
[Package Manager] Cannot connect to Unity Package Manager local server
Mono: successfully reloaded assembly
- Finished resetting the current domain, in  0.709 seconds
Domain Reload Profiling: 1472ms
	BeginReloadAssembly (207ms)
		ExecutionOrderSort (0ms)
		DisableScriptedObjects (6ms)
		BackupInstance (0ms)
		ReleaseScriptingObjects (0ms)
		CreateAndSetChildDomain (46ms)
	RebuildCommonClasses (38ms)
	RebuildNativeTypeToScriptingClass (15ms)
	initialDomainReloadingComplete (32ms)
	LoadAllAssembliesAndSetupDomain (471ms)
		LoadAssemblies (371ms)
		RebuildTransferFunctionScriptingTraits (0ms)
		AnalyzeDomain (195ms)
			TypeCache.Refresh (7ms)
				TypeCache.ScanAssembly (0ms)
			BuildScriptInfoCaches (166ms)
			ResolveRequiredComponents (16ms)
	FinalizeReload (710ms)
		ReleaseScriptCaches (0ms)
		RebuildScriptCaches (0ms)
		SetupLoadedEditorAssemblies (553ms)
			LogAssemblyErrors (0ms)
			InitializePlatformSupportModulesInManaged (2ms)
			SetLoadedEditorAssemblies (3ms)
			BeforeProcessingInitializeOnLoad (123ms)
			ProcessInitializeOnLoadAttributes (361ms)
			ProcessInitializeOnLoadMethodAttributes (59ms)
			AfterProcessingInitializeOnLoad (5ms)
			EditorAssembliesLoaded (0ms)
		ExecutionOrderSort2 (0ms)
		AwakeInstancesAfterBackupRestoration (17ms)
Refreshing native plugins compatible for Editor in 0.94 ms, found 3 plugins.
Preloading 0 native plugins for Editor in 0.00 ms.
Unloading 13 Unused Serialized files (Serialized files now loaded: 0)
Unloading 6167 unused Assets / (3.7 MB). Loaded Objects now: 6920.
Memory consumption went from 140.3 MB to 136.6 MB.
Total: 9.836900 ms (FindLiveObjects: 0.774900 ms CreateObjectMapping: 0.863100 ms MarkObjects: 5.447200 ms  DeleteObjects: 2.750300 ms)

Prepare: number of updated asset objects reloaded= 0
========================================================================
Received Prepare
Begin MonoManager ReloadAssembly
- Loaded All Assemblies, in  0.847 seconds
Refreshing native plugins compatible for Editor in 0.88 ms, found 3 plugins.
Native extension for WindowsStandalone target not found
[Package Manager] Failed to launch server process. Reason: Unity was launched with the -noUpm command-line argument
[Package Manager] Unable to send message (not connected to server process).
[Package Manager] Cannot connect to Unity Package Manager local server
Mono: successfully reloaded assembly
- Finished resetting the current domain, in  1.022 seconds
Domain Reload Profiling: 1873ms
	BeginReloadAssembly (261ms)
		ExecutionOrderSort (0ms)
		DisableScriptedObjects (6ms)
		BackupInstance (0ms)
		ReleaseScriptingObjects (0ms)
		CreateAndSetChildDomain (60ms)
	RebuildCommonClasses (44ms)
	RebuildNativeTypeToScriptingClass (13ms)
	initialDomainReloadingComplete (29ms)
	LoadAllAssembliesAndSetupDomain (504ms)
		LoadAssemblies (401ms)
		RebuildTransferFunctionScriptingTraits (0ms)
		AnalyzeDomain (229ms)
			TypeCache.Refresh (9ms)
				TypeCache.ScanAssembly (0ms)
			BuildScriptInfoCaches (202ms)
			ResolveRequiredComponents (13ms)
	FinalizeReload (1023ms)
		ReleaseScriptCaches (0ms)
		RebuildScriptCaches (0ms)
		SetupLoadedEditorAssemblies (828ms)
			LogAssemblyErrors (0ms)
			InitializePlatformSupportModulesInManaged (3ms)
			SetLoadedEditorAssemblies (4ms)
			BeforeProcessingInitializeOnLoad (135ms)
			ProcessInitializeOnLoadAttributes (541ms)
			ProcessInitializeOnLoadMethodAttributes (134ms)
			AfterProcessingInitializeOnLoad (9ms)
			EditorAssembliesLoaded (1ms)
		ExecutionOrderSort2 (0ms)
		AwakeInstancesAfterBackupRestoration (31ms)
Refreshing native plugins compatible for Editor in 0.94 ms, found 3 plugins.
Preloading 0 native plugins for Editor in 0.00 ms.
Unloading 13 Unused Serialized files (Serialized files now loaded: 0)
Unloading 6167 unused Assets / (4.3 MB). Loaded Objects now: 6922.
Memory consumption went from 140.3 MB to 136.0 MB.
Total: 8.363900 ms (FindLiveObjects: 0.735400 ms CreateObjectMapping: 0.739400 ms MarkObjects: 3.997300 ms  DeleteObjects: 2.890600 ms)

Prepare: number of updated asset objects reloaded= 0
========================================================================
Received Prepare
Refreshing native plugins compatible for Editor in 0.73 ms, found 3 plugins.
Preloading 0 native plugins for Editor in 0.00 ms.
Unloading 13 Unused Serialized files (Serialized files now loaded: 0)
Unloading 6160 unused Assets / (4.6 MB). Loaded Objects now: 6922.
Memory consumption went from 140.5 MB to 135.9 MB.
Total: 9.313200 ms (FindLiveObjects: 0.751000 ms CreateObjectMapping: 0.633200 ms MarkObjects: 4.605500 ms  DeleteObjects: 3.322000 ms)

Prepare: number of updated asset objects reloaded= 0
========================================================================
Received Prepare
Begin MonoManager ReloadAssembly
- Loaded All Assemblies, in  0.795 seconds
Refreshing native plugins compatible for Editor in 0.75 ms, found 3 plugins.
Native extension for WindowsStandalone target not found
[Package Manager] Failed to launch server process. Reason: Unity was launched with the -noUpm command-line argument
[Package Manager] Unable to send message (not connected to server process).
[Package Manager] Cannot connect to Unity Package Manager local server
Mono: successfully reloaded assembly
- Finished resetting the current domain, in  0.837 seconds
Domain Reload Profiling: 1635ms
	BeginReloadAssembly (230ms)
		ExecutionOrderSort (0ms)
		DisableScriptedObjects (7ms)
		BackupInstance (0ms)
		ReleaseScriptingObjects (0ms)
		CreateAndSetChildDomain (51ms)
	RebuildCommonClasses (45ms)
	RebuildNativeTypeToScriptingClass (18ms)
	initialDomainReloadingComplete (35ms)
	LoadAllAssembliesAndSetupDomain (470ms)
		LoadAssemblies (374ms)
		RebuildTransferFunctionScriptingTraits (0ms)
		AnalyzeDomain (208ms)
			TypeCache.Refresh (11ms)
				TypeCache.ScanAssembly (1ms)
			BuildScriptInfoCaches (174ms)
			ResolveRequiredComponents (17ms)
	FinalizeReload (838ms)
		ReleaseScriptCaches (0ms)
		RebuildScriptCaches (0ms)
		SetupLoadedEditorAssemblies (652ms)
			LogAssemblyErrors (0ms)
			InitializePlatformSupportModulesInManaged (4ms)
			SetLoadedEditorAssemblies (4ms)
			BeforeProcessingInitializeOnLoad (159ms)
			ProcessInitializeOnLoadAttributes (401ms)
			ProcessInitializeOnLoadMethodAttributes (79ms)
			AfterProcessingInitializeOnLoad (5ms)
			EditorAssembliesLoaded (0ms)
		ExecutionOrderSort2 (0ms)
		AwakeInstancesAfterBackupRestoration (15ms)
Refreshing native plugins compatible for Editor in 0.72 ms, found 3 plugins.
Preloading 0 native plugins for Editor in 0.00 ms.
Unloading 13 Unused Serialized files (Serialized files now loaded: 0)
Unloading 6167 unused Assets / (4.4 MB). Loaded Objects now: 6924.
Memory consumption went from 140.4 MB to 136.0 MB.
Total: 9.678500 ms (FindLiveObjects: 0.680000 ms CreateObjectMapping: 0.610000 ms MarkObjects: 4.469800 ms  DeleteObjects: 3.917100 ms)

Prepare: number of updated asset objects reloaded= 0
========================================================================
Received Prepare
Refreshing native plugins compatible for Editor in 0.99 ms, found 3 plugins.
Preloading 0 native plugins for Editor in 0.00 ms.
Unloading 13 Unused Serialized files (Serialized files now loaded: 0)
Unloading 6160 unused Assets / (3.8 MB). Loaded Objects now: 6924.
Memory consumption went from 140.6 MB to 136.8 MB.
Total: 9.141600 ms (FindLiveObjects: 0.699600 ms CreateObjectMapping: 0.659300 ms MarkObjects: 4.959300 ms  DeleteObjects: 2.822200 ms)

Prepare: number of updated asset objects reloaded= 0
========================================================================
Received Prepare
Begin MonoManager ReloadAssembly
- Loaded All Assemblies, in  0.712 seconds
Refreshing native plugins compatible for Editor in 0.63 ms, found 3 plugins.
Native extension for WindowsStandalone target not found
[Package Manager] Failed to launch server process. Reason: Unity was launched with the -noUpm command-line argument
[Package Manager] Unable to send message (not connected to server process).
[Package Manager] Cannot connect to Unity Package Manager local server
Mono: successfully reloaded assembly
- Finished resetting the current domain, in  0.692 seconds
Domain Reload Profiling: 1407ms
	BeginReloadAssembly (190ms)
		ExecutionOrderSort (0ms)
		DisableScriptedObjects (6ms)
		BackupInstance (0ms)
		ReleaseScriptingObjects (0ms)
		CreateAndSetChildDomain (40ms)
	RebuildCommonClasses (36ms)
	RebuildNativeTypeToScriptingClass (15ms)
	initialDomainReloadingComplete (32ms)
	LoadAllAssembliesAndSetupDomain (442ms)
		LoadAssemblies (332ms)
		RebuildTransferFunctionScriptingTraits (0ms)
		AnalyzeDomain (198ms)
			TypeCache.Refresh (10ms)
				TypeCache.ScanAssembly (1ms)
			BuildScriptInfoCaches (172ms)
			ResolveRequiredComponents (12ms)
	FinalizeReload (693ms)
		ReleaseScriptCaches (0ms)
		RebuildScriptCaches (0ms)
		SetupLoadedEditorAssemblies (517ms)
			LogAssemblyErrors (0ms)
			InitializePlatformSupportModulesInManaged (2ms)
			SetLoadedEditorAssemblies (4ms)
			BeforeProcessingInitializeOnLoad (123ms)
			ProcessInitializeOnLoadAttributes (337ms)
			ProcessInitializeOnLoadMethodAttributes (46ms)
			AfterProcessingInitializeOnLoad (5ms)
			EditorAssembliesLoaded (0ms)
		ExecutionOrderSort2 (0ms)
		AwakeInstancesAfterBackupRestoration (14ms)
Refreshing native plugins compatible for Editor in 0.78 ms, found 3 plugins.
Preloading 0 native plugins for Editor in 0.00 ms.
Unloading 13 Unused Serialized files (Serialized files now loaded: 0)
Unloading 6167 unused Assets / (4.1 MB). Loaded Objects now: 6926.
Memory consumption went from 140.4 MB to 136.3 MB.
Total: 10.049100 ms (FindLiveObjects: 0.697400 ms CreateObjectMapping: 0.645200 ms MarkObjects: 5.717000 ms  DeleteObjects: 2.988400 ms)

Prepare: number of updated asset objects reloaded= 0
========================================================================
Received Prepare
Refreshing native plugins compatible for Editor in 1.13 ms, found 3 plugins.
Preloading 0 native plugins for Editor in 0.00 ms.
Unloading 13 Unused Serialized files (Serialized files now loaded: 0)
Unloading 6160 unused Assets / (4.3 MB). Loaded Objects now: 6926.
Memory consumption went from 140.6 MB to 136.3 MB.
Total: 13.401600 ms (FindLiveObjects: 1.682700 ms CreateObjectMapping: 1.336500 ms MarkObjects: 6.757600 ms  DeleteObjects: 3.622900 ms)

Prepare: number of updated asset objects reloaded= 0
========================================================================
Received Prepare
Begin MonoManager ReloadAssembly
- Loaded All Assemblies, in  0.845 seconds
Refreshing native plugins compatible for Editor in 0.91 ms, found 3 plugins.
Native extension for WindowsStandalone target not found
[Package Manager] Failed to launch server process. Reason: Unity was launched with the -noUpm command-line argument
[Package Manager] Unable to send message (not connected to server process).
[Package Manager] Cannot connect to Unity Package Manager local server
Mono: successfully reloaded assembly
- Finished resetting the current domain, in  0.696 seconds
Domain Reload Profiling: 1546ms
	BeginReloadAssembly (232ms)
		ExecutionOrderSort (0ms)
		DisableScriptedObjects (5ms)
		BackupInstance (0ms)
		ReleaseScriptingObjects (0ms)
		CreateAndSetChildDomain (56ms)
	RebuildCommonClasses (56ms)
	RebuildNativeTypeToScriptingClass (19ms)
	initialDomainReloadingComplete (40ms)
	LoadAllAssembliesAndSetupDomain (502ms)
		LoadAssemblies (414ms)
		RebuildTransferFunctionScriptingTraits (0ms)
		AnalyzeDomain (198ms)
			TypeCache.Refresh (11ms)
				TypeCache.ScanAssembly (1ms)
			BuildScriptInfoCaches (168ms)
			ResolveRequiredComponents (14ms)
	FinalizeReload (697ms)
		ReleaseScriptCaches (0ms)
		RebuildScriptCaches (0ms)
		SetupLoadedEditorAssemblies (526ms)
			LogAssemblyErrors (0ms)
			InitializePlatformSupportModulesInManaged (3ms)
			SetLoadedEditorAssemblies (3ms)
			BeforeProcessingInitializeOnLoad (128ms)
			ProcessInitializeOnLoadAttributes (322ms)
			ProcessInitializeOnLoadMethodAttributes (65ms)
			AfterProcessingInitializeOnLoad (5ms)
			EditorAssembliesLoaded (0ms)
		ExecutionOrderSort2 (0ms)
		AwakeInstancesAfterBackupRestoration (16ms)
Refreshing native plugins compatible for Editor in 0.89 ms, found 3 plugins.
Preloading 0 native plugins for Editor in 0.00 ms.
Unloading 13 Unused Serialized files (Serialized files now loaded: 0)
Unloading 6167 unused Assets / (4.4 MB). Loaded Objects now: 6928.
Memory consumption went from 140.4 MB to 136.0 MB.
Total: 10.118500 ms (FindLiveObjects: 0.690000 ms CreateObjectMapping: 0.719600 ms MarkObjects: 5.300000 ms  DeleteObjects: 3.407200 ms)

Prepare: number of updated asset objects reloaded= 0
========================================================================
Received Prepare
Refreshing native plugins compatible for Editor in 0.88 ms, found 3 plugins.
Preloading 0 native plugins for Editor in 0.00 ms.
Unloading 13 Unused Serialized files (Serialized files now loaded: 0)
Unloading 6160 unused Assets / (4.0 MB). Loaded Objects now: 6928.
Memory consumption went from 140.6 MB to 136.7 MB.
Total: 8.899600 ms (FindLiveObjects: 0.710900 ms CreateObjectMapping: 0.628400 ms MarkObjects: 4.845700 ms  DeleteObjects: 2.713000 ms)

Prepare: number of updated asset objects reloaded= 0
========================================================================
Received Prepare
Begin MonoManager ReloadAssembly
- Loaded All Assemblies, in  0.725 seconds
Refreshing native plugins compatible for Editor in 0.70 ms, found 3 plugins.
Native extension for WindowsStandalone target not found
[Package Manager] Failed to launch server process. Reason: Unity was launched with the -noUpm command-line argument
[Package Manager] Unable to send message (not connected to server process).
[Package Manager] Cannot connect to Unity Package Manager local server
Mono: successfully reloaded assembly
- Finished resetting the current domain, in  0.775 seconds
Domain Reload Profiling: 1502ms
	BeginReloadAssembly (231ms)
		ExecutionOrderSort (0ms)
		DisableScriptedObjects (8ms)
		BackupInstance (0ms)
		ReleaseScriptingObjects (0ms)
		CreateAndSetChildDomain (57ms)
	RebuildCommonClasses (42ms)
	RebuildNativeTypeToScriptingClass (13ms)
	initialDomainReloadingComplete (28ms)
	LoadAllAssembliesAndSetupDomain (412ms)
		LoadAssemblies (330ms)
		RebuildTransferFunctionScriptingTraits (0ms)
		AnalyzeDomain (192ms)
			TypeCache.Refresh (10ms)
				TypeCache.ScanAssembly (1ms)
			BuildScriptInfoCaches (167ms)
			ResolveRequiredComponents (10ms)
	FinalizeReload (776ms)
		ReleaseScriptCaches (0ms)
		RebuildScriptCaches (0ms)
		SetupLoadedEditorAssemblies (594ms)
			LogAssemblyErrors (0ms)
			InitializePlatformSupportModulesInManaged (2ms)
			SetLoadedEditorAssemblies (3ms)
			BeforeProcessingInitializeOnLoad (127ms)
			ProcessInitializeOnLoadAttributes (382ms)
			ProcessInitializeOnLoadMethodAttributes (74ms)
			AfterProcessingInitializeOnLoad (6ms)
			EditorAssembliesLoaded (0ms)
		ExecutionOrderSort2 (0ms)
		AwakeInstancesAfterBackupRestoration (22ms)
Refreshing native plugins compatible for Editor in 0.76 ms, found 3 plugins.
Preloading 0 native plugins for Editor in 0.00 ms.
Unloading 13 Unused Serialized files (Serialized files now loaded: 0)
Unloading 6167 unused Assets / (4.1 MB). Loaded Objects now: 6930.
Memory consumption went from 140.5 MB to 136.5 MB.
Total: 7.556200 ms (FindLiveObjects: 0.682300 ms CreateObjectMapping: 0.614100 ms MarkObjects: 4.003200 ms  DeleteObjects: 2.255300 ms)

Prepare: number of updated asset objects reloaded= 0
========================================================================
Received Prepare
Refreshing native plugins compatible for Editor in 1.47 ms, found 3 plugins.
Preloading 0 native plugins for Editor in 0.00 ms.
Unloading 13 Unused Serialized files (Serialized files now loaded: 0)
Unloading 6160 unused Assets / (4.1 MB). Loaded Objects now: 6930.
Memory consumption went from 140.7 MB to 136.6 MB.
Total: 14.465800 ms (FindLiveObjects: 1.437000 ms CreateObjectMapping: 1.826100 ms MarkObjects: 7.448300 ms  DeleteObjects: 3.752800 ms)

Prepare: number of updated asset objects reloaded= 0
========================================================================
Received Prepare
Refreshing native plugins compatible for Editor in 2.00 ms, found 3 plugins.
Preloading 0 native plugins for Editor in 0.00 ms.
Unloading 13 Unused Serialized files (Serialized files now loaded: 0)
Unloading 6160 unused Assets / (4.1 MB). Loaded Objects now: 6930.
Memory consumption went from 140.7 MB to 136.6 MB.
Total: 12.600800 ms (FindLiveObjects: 0.851200 ms CreateObjectMapping: 0.926600 ms MarkObjects: 6.664800 ms  DeleteObjects: 4.156600 ms)

Prepare: number of updated asset objects reloaded= 0
========================================================================
Received Prepare
Begin MonoManager ReloadAssembly
- Loaded All Assemblies, in  0.797 seconds
Refreshing native plugins compatible for Editor in 0.97 ms, found 3 plugins.
Native extension for WindowsStandalone target not found
[Package Manager] Failed to launch server process. Reason: Unity was launched with the -noUpm command-line argument
[Package Manager] Unable to send message (not connected to server process).
[Package Manager] Cannot connect to Unity Package Manager local server
Mono: successfully reloaded assembly
- Finished resetting the current domain, in  0.757 seconds
Domain Reload Profiling: 1557ms
	BeginReloadAssembly (235ms)
		ExecutionOrderSort (0ms)
		DisableScriptedObjects (10ms)
		BackupInstance (0ms)
		ReleaseScriptingObjects (0ms)
		CreateAndSetChildDomain (52ms)
	RebuildCommonClasses (59ms)
	RebuildNativeTypeToScriptingClass (19ms)
	initialDomainReloadingComplete (40ms)
	LoadAllAssembliesAndSetupDomain (446ms)
		LoadAssemblies (360ms)
		RebuildTransferFunctionScriptingTraits (0ms)
		AnalyzeDomain (198ms)
			TypeCache.Refresh (11ms)
				TypeCache.ScanAssembly (1ms)
			BuildScriptInfoCaches (171ms)
			ResolveRequiredComponents (11ms)
	FinalizeReload (757ms)
		ReleaseScriptCaches (0ms)
		RebuildScriptCaches (0ms)
		SetupLoadedEditorAssemblies (575ms)
			LogAssemblyErrors (0ms)
			InitializePlatformSupportModulesInManaged (3ms)
			SetLoadedEditorAssemblies (5ms)
			BeforeProcessingInitializeOnLoad (121ms)
			ProcessInitializeOnLoadAttributes (357ms)
			ProcessInitializeOnLoadMethodAttributes (84ms)
			AfterProcessingInitializeOnLoad (5ms)
			EditorAssembliesLoaded (0ms)
		ExecutionOrderSort2 (0ms)
		AwakeInstancesAfterBackupRestoration (22ms)
Refreshing native plugins compatible for Editor in 1.50 ms, found 3 plugins.
Preloading 0 native plugins for Editor in 0.00 ms.
Unloading 13 Unused Serialized files (Serialized files now loaded: 0)
Unloading 6167 unused Assets / (4.2 MB). Loaded Objects now: 6932.
Memory consumption went from 140.6 MB to 136.4 MB.
Total: 10.984900 ms (FindLiveObjects: 0.733800 ms CreateObjectMapping: 0.635400 ms MarkObjects: 6.358800 ms  DeleteObjects: 3.254100 ms)

Prepare: number of updated asset objects reloaded= 0
========================================================================
Received Import Request.
  Time since last request: 1337.197816 seconds.
  path: Assets/00_Scenes/Scenas pruebas/Scenes Pablo/Energias/ScriptableObjects/Energias/Eclipse del Caos.asset
  artifactKey: Guid(cfe44d8fea73b464bb5bb568d87327ab) Importer(2089858483,192608db42251d675da83286b1cce702)
Start importing Assets/00_Scenes/Scenas pruebas/Scenes Pablo/Energias/ScriptableObjects/Energias/Eclipse del Caos.asset using Guid(cfe44d8fea73b464bb5bb568d87327ab) Importer(2089858483,192608db42251d675da83286b1cce702) (ScriptedImporter) -> (artifact id: '2c78b15bf71b68d8f20f2a3e123f3f7a') in 0.4763648 seconds
Number of updated asset objects reloaded before import = 0Number of asset objects unloaded after import = 1

========================================================================
Received Prepare
Refreshing native plugins compatible for Editor in 1.02 ms, found 3 plugins.
Preloading 0 native plugins for Editor in 0.00 ms.
Unloading 13 Unused Serialized files (Serialized files now loaded: 0)
Unloading 6161 unused Assets / (3.7 MB). Loaded Objects now: 6933.
Memory consumption went from 140.8 MB to 137.1 MB.
Total: 10.140600 ms (FindLiveObjects: 0.692300 ms CreateObjectMapping: 0.655500 ms MarkObjects: 5.851600 ms  DeleteObjects: 2.939800 ms)

Prepare: number of updated asset objects reloaded= 0
========================================================================
Received Prepare
Begin MonoManager ReloadAssembly
- Loaded All Assemblies, in  0.768 seconds
Refreshing native plugins compatible for Editor in 0.79 ms, found 3 plugins.
Native extension for WindowsStandalone target not found
[Package Manager] Failed to launch server process. Reason: Unity was launched with the -noUpm command-line argument
[Package Manager] Unable to send message (not connected to server process).
[Package Manager] Cannot connect to Unity Package Manager local server
Mono: successfully reloaded assembly
- Finished resetting the current domain, in  1.017 seconds
Domain Reload Profiling: 1788ms
	BeginReloadAssembly (221ms)
		ExecutionOrderSort (0ms)
		DisableScriptedObjects (6ms)
		BackupInstance (0ms)
		ReleaseScriptingObjects (0ms)
		CreateAndSetChildDomain (63ms)
	RebuildCommonClasses (42ms)
	RebuildNativeTypeToScriptingClass (13ms)
	initialDomainReloadingComplete (25ms)
	LoadAllAssembliesAndSetupDomain (469ms)
		LoadAssemblies (343ms)
		RebuildTransferFunctionScriptingTraits (0ms)
		AnalyzeDomain (220ms)
			TypeCache.Refresh (13ms)
				TypeCache.ScanAssembly (1ms)
			BuildScriptInfoCaches (188ms)
			ResolveRequiredComponents (15ms)
	FinalizeReload (1019ms)
		ReleaseScriptCaches (0ms)
		RebuildScriptCaches (0ms)
		SetupLoadedEditorAssemblies (787ms)
			LogAssemblyErrors (0ms)
			InitializePlatformSupportModulesInManaged (3ms)
			SetLoadedEditorAssemblies (6ms)
			BeforeProcessingInitializeOnLoad (138ms)
			ProcessInitializeOnLoadAttributes (494ms)
			ProcessInitializeOnLoadMethodAttributes (136ms)
			AfterProcessingInitializeOnLoad (10ms)
			EditorAssembliesLoaded (1ms)
		ExecutionOrderSort2 (0ms)
		AwakeInstancesAfterBackupRestoration (34ms)
Refreshing native plugins compatible for Editor in 1.35 ms, found 3 plugins.
Preloading 0 native plugins for Editor in 0.00 ms.
Unloading 13 Unused Serialized files (Serialized files now loaded: 0)
Unloading 6168 unused Assets / (7.6 MB). Loaded Objects now: 6935.
Memory consumption went from 140.6 MB to 133.0 MB.
Total: 38.640900 ms (FindLiveObjects: 1.533400 ms CreateObjectMapping: 1.977100 ms MarkObjects: 17.758900 ms  DeleteObjects: 17.369300 ms)

Prepare: number of updated asset objects reloaded= 0
========================================================================
Received Prepare
Refreshing native plugins compatible for Editor in 1.85 ms, found 3 plugins.
Preloading 0 native plugins for Editor in 0.00 ms.
Unloading 13 Unused Serialized files (Serialized files now loaded: 0)
Unloading 6161 unused Assets / (3.7 MB). Loaded Objects now: 6935.
Memory consumption went from 140.8 MB to 137.1 MB.
Total: 14.056100 ms (FindLiveObjects: 0.955400 ms CreateObjectMapping: 1.423100 ms MarkObjects: 7.250600 ms  DeleteObjects: 4.425200 ms)

Prepare: number of updated asset objects reloaded= 0
========================================================================
Received Prepare
Begin MonoManager ReloadAssembly
- Loaded All Assemblies, in  0.823 seconds
Refreshing native plugins compatible for Editor in 1.03 ms, found 3 plugins.
Native extension for WindowsStandalone target not found
[Package Manager] Failed to launch server process. Reason: Unity was launched with the -noUpm command-line argument
[Package Manager] Unable to send message (not connected to server process).
[Package Manager] Cannot connect to Unity Package Manager local server
Mono: successfully reloaded assembly
- Finished resetting the current domain, in  1.088 seconds
Domain Reload Profiling: 1915ms
	BeginReloadAssembly (273ms)
		ExecutionOrderSort (0ms)
		DisableScriptedObjects (10ms)
		BackupInstance (0ms)
		ReleaseScriptingObjects (0ms)
		CreateAndSetChildDomain (76ms)
	RebuildCommonClasses (41ms)
	RebuildNativeTypeToScriptingClass (13ms)
	initialDomainReloadingComplete (27ms)
	LoadAllAssembliesAndSetupDomain (473ms)
		LoadAssemblies (357ms)
		RebuildTransferFunctionScriptingTraits (0ms)
		AnalyzeDomain (236ms)
			TypeCache.Refresh (10ms)
				TypeCache.ScanAssembly (1ms)
			BuildScriptInfoCaches (200ms)
			ResolveRequiredComponents (20ms)
	FinalizeReload (1088ms)
		ReleaseScriptCaches (0ms)
		RebuildScriptCaches (0ms)
		SetupLoadedEditorAssemblies (866ms)
			LogAssemblyErrors (0ms)
			InitializePlatformSupportModulesInManaged (3ms)
			SetLoadedEditorAssemblies (3ms)
			BeforeProcessingInitializeOnLoad (175ms)
			ProcessInitializeOnLoadAttributes (606ms)
			ProcessInitializeOnLoadMethodAttributes (71ms)
			AfterProcessingInitializeOnLoad (8ms)
			EditorAssembliesLoaded (0ms)
		ExecutionOrderSort2 (0ms)
		AwakeInstancesAfterBackupRestoration (19ms)
Refreshing native plugins compatible for Editor in 1.10 ms, found 3 plugins.
Preloading 0 native plugins for Editor in 0.00 ms.
Unloading 13 Unused Serialized files (Serialized files now loaded: 0)
Unloading 6168 unused Assets / (4.3 MB). Loaded Objects now: 6937.
Memory consumption went from 140.7 MB to 136.3 MB.
Total: 13.136500 ms (FindLiveObjects: 0.863000 ms CreateObjectMapping: 1.380100 ms MarkObjects: 6.361900 ms  DeleteObjects: 4.530000 ms)

Prepare: number of updated asset objects reloaded= 0
========================================================================
Received Prepare
Begin MonoManager ReloadAssembly
- Loaded All Assemblies, in  0.730 seconds
Refreshing native plugins compatible for Editor in 0.63 ms, found 3 plugins.
Native extension for WindowsStandalone target not found
[Package Manager] Failed to launch server process. Reason: Unity was launched with the -noUpm command-line argument
[Package Manager] Unable to send message (not connected to server process).
[Package Manager] Cannot connect to Unity Package Manager local server
Mono: successfully reloaded assembly
- Finished resetting the current domain, in  0.744 seconds
Domain Reload Profiling: 1476ms
	BeginReloadAssembly (217ms)
		ExecutionOrderSort (0ms)
		DisableScriptedObjects (5ms)
		BackupInstance (0ms)
		ReleaseScriptingObjects (0ms)
		CreateAndSetChildDomain (53ms)
	RebuildCommonClasses (42ms)
	RebuildNativeTypeToScriptingClass (17ms)
	initialDomainReloadingComplete (33ms)
	LoadAllAssembliesAndSetupDomain (423ms)
		LoadAssemblies (335ms)
		RebuildTransferFunctionScriptingTraits (0ms)
		AnalyzeDomain (191ms)
			TypeCache.Refresh (7ms)
				TypeCache.ScanAssembly (0ms)
			BuildScriptInfoCaches (168ms)
			ResolveRequiredComponents (11ms)
	FinalizeReload (744ms)
		ReleaseScriptCaches (0ms)
		RebuildScriptCaches (0ms)
		SetupLoadedEditorAssemblies (585ms)
			LogAssemblyErrors (0ms)
			InitializePlatformSupportModulesInManaged (3ms)
			SetLoadedEditorAssemblies (5ms)
			BeforeProcessingInitializeOnLoad (145ms)
			ProcessInitializeOnLoadAttributes (371ms)
			ProcessInitializeOnLoadMethodAttributes (57ms)
			AfterProcessingInitializeOnLoad (5ms)
			EditorAssembliesLoaded (0ms)
		ExecutionOrderSort2 (0ms)
		AwakeInstancesAfterBackupRestoration (17ms)
Refreshing native plugins compatible for Editor in 1.01 ms, found 3 plugins.
Preloading 0 native plugins for Editor in 0.00 ms.
Unloading 13 Unused Serialized files (Serialized files now loaded: 0)
Unloading 6168 unused Assets / (4.2 MB). Loaded Objects now: 6939.
Memory consumption went from 140.6 MB to 136.4 MB.
Total: 14.081200 ms (FindLiveObjects: 0.765200 ms CreateObjectMapping: 0.746300 ms MarkObjects: 7.877400 ms  DeleteObjects: 4.690700 ms)

Prepare: number of updated asset objects reloaded= 0
========================================================================
Received Prepare
Begin MonoManager ReloadAssembly
- Loaded All Assemblies, in  0.730 seconds
Refreshing native plugins compatible for Editor in 0.61 ms, found 3 plugins.
Native extension for WindowsStandalone target not found
[Package Manager] Failed to launch server process. Reason: Unity was launched with the -noUpm command-line argument
[Package Manager] Unable to send message (not connected to server process).
[Package Manager] Cannot connect to Unity Package Manager local server
Mono: successfully reloaded assembly
- Finished resetting the current domain, in  0.705 seconds
Domain Reload Profiling: 1439ms
	BeginReloadAssembly (214ms)
		ExecutionOrderSort (0ms)
		DisableScriptedObjects (6ms)
		BackupInstance (0ms)
		ReleaseScriptingObjects (0ms)
		CreateAndSetChildDomain (57ms)
	RebuildCommonClasses (35ms)
	RebuildNativeTypeToScriptingClass (15ms)
	initialDomainReloadingComplete (31ms)
	LoadAllAssembliesAndSetupDomain (438ms)
		LoadAssemblies (331ms)
		RebuildTransferFunctionScriptingTraits (0ms)
		AnalyzeDomain (199ms)
			TypeCache.Refresh (8ms)
				TypeCache.ScanAssembly (0ms)
			BuildScriptInfoCaches (173ms)
			ResolveRequiredComponents (12ms)
	FinalizeReload (706ms)
		ReleaseScriptCaches (0ms)
		RebuildScriptCaches (0ms)
		SetupLoadedEditorAssemblies (536ms)
			LogAssemblyErrors (0ms)
			InitializePlatformSupportModulesInManaged (3ms)
			SetLoadedEditorAssemblies (4ms)
			BeforeProcessingInitializeOnLoad (118ms)
			ProcessInitializeOnLoadAttributes (350ms)
			ProcessInitializeOnLoadMethodAttributes (55ms)
			AfterProcessingInitializeOnLoad (5ms)
			EditorAssembliesLoaded (0ms)
		ExecutionOrderSort2 (0ms)
		AwakeInstancesAfterBackupRestoration (19ms)
Refreshing native plugins compatible for Editor in 0.83 ms, found 3 plugins.
Preloading 0 native plugins for Editor in 0.00 ms.
Unloading 13 Unused Serialized files (Serialized files now loaded: 0)
Unloading 6168 unused Assets / (4.2 MB). Loaded Objects now: 6941.
Memory consumption went from 140.7 MB to 136.5 MB.
Total: 10.273000 ms (FindLiveObjects: 0.859800 ms CreateObjectMapping: 0.847200 ms MarkObjects: 5.342200 ms  DeleteObjects: 3.222100 ms)

Prepare: number of updated asset objects reloaded= 0
========================================================================
Received Prepare
Begin MonoManager ReloadAssembly
- Loaded All Assemblies, in  0.729 seconds
Refreshing native plugins compatible for Editor in 0.87 ms, found 3 plugins.
Native extension for WindowsStandalone target not found
[Package Manager] Failed to launch server process. Reason: Unity was launched with the -noUpm command-line argument
[Package Manager] Unable to send message (not connected to server process).
[Package Manager] Cannot connect to Unity Package Manager local server
Mono: successfully reloaded assembly
- Finished resetting the current domain, in  0.697 seconds
Domain Reload Profiling: 1428ms
	BeginReloadAssembly (205ms)
		ExecutionOrderSort (0ms)
		DisableScriptedObjects (6ms)
		BackupInstance (0ms)
		ReleaseScriptingObjects (0ms)
		CreateAndSetChildDomain (47ms)
	RebuildCommonClasses (35ms)
	RebuildNativeTypeToScriptingClass (13ms)
	initialDomainReloadingComplete (26ms)
	LoadAllAssembliesAndSetupDomain (451ms)
		LoadAssemblies (356ms)
		RebuildTransferFunctionScriptingTraits (0ms)
		AnalyzeDomain (187ms)
			TypeCache.Refresh (9ms)
				TypeCache.ScanAssembly (0ms)
			BuildScriptInfoCaches (162ms)
			ResolveRequiredComponents (12ms)
	FinalizeReload (698ms)
		ReleaseScriptCaches (0ms)
		RebuildScriptCaches (0ms)
		SetupLoadedEditorAssemblies (532ms)
			LogAssemblyErrors (0ms)
			InitializePlatformSupportModulesInManaged (2ms)
			SetLoadedEditorAssemblies (4ms)
			BeforeProcessingInitializeOnLoad (127ms)
			ProcessInitializeOnLoadAttributes (343ms)
			ProcessInitializeOnLoadMethodAttributes (50ms)
			AfterProcessingInitializeOnLoad (6ms)
			EditorAssembliesLoaded (0ms)
		ExecutionOrderSort2 (0ms)
		AwakeInstancesAfterBackupRestoration (15ms)
Refreshing native plugins compatible for Editor in 0.84 ms, found 3 plugins.
Preloading 0 native plugins for Editor in 0.00 ms.
Unloading 13 Unused Serialized files (Serialized files now loaded: 0)
Unloading 6168 unused Assets / (3.3 MB). Loaded Objects now: 6943.
Memory consumption went from 140.7 MB to 137.4 MB.
Total: 8.598200 ms (FindLiveObjects: 0.741100 ms CreateObjectMapping: 0.687400 ms MarkObjects: 4.793300 ms  DeleteObjects: 2.374900 ms)

Prepare: number of updated asset objects reloaded= 0
