Using pre-set license
Built from '6000.0/respin/6000.0.59f1-063c55f2fd0f' branch; Version is '6000.0.59f2 (ef281c76c3c1) revision 15673372'; Using compiler version '193933523'; Build Type 'Release'
OS: 'Windows 11  (10.0.26100) 64bit Core' Language: 'es' Physical Memory: 16167 MB
BatchMode: 1, IsHumanControllingUs: 0, StartBugReporterOnCrash: 0, Is64bit: 1
Date: 2025-11-06T17:15:36Z

COMMAND LINE ARGUMENTS:
C:\Program Files\Unity\Hub\Editor\6000.0.59f2\Editor\Unity.exe
-adb2
-batchMode
-noUpm
-name
AssetImportWorker1
-projectPath
D:/Realidad Aumentada/Game Jam 2/Game-JAM
-logFile
Logs/AssetImportWorker1.log
-srvPort
49373
-job-worker-count
3
-background-job-worker-count
8
-gc-helper-count
1
-name
AssetImport
Successfully changed project path to: D:/Realidad Aumentada/Game Jam 2/Game-JAM
D:/Realidad Aumentada/Game Jam 2/Game-JAM
[UnityMemory] Configuration Parameters - Can be set up in boot.config
    "memorysetup-bucket-allocator-granularity=16"
    "memorysetup-bucket-allocator-bucket-count=8"
    "memorysetup-bucket-allocator-block-size=33554432"
    "memorysetup-bucket-allocator-block-count=8"
    "memorysetup-main-allocator-block-size=16777216"
    "memorysetup-thread-allocator-block-size=16777216"
    "memorysetup-gfx-main-allocator-block-size=16777216"
    "memorysetup-gfx-thread-allocator-block-size=16777216"
    "memorysetup-cache-allocator-block-size=4194304"
    "memorysetup-typetree-allocator-block-size=2097152"
    "memorysetup-profiler-bucket-allocator-granularity=16"
    "memorysetup-profiler-bucket-allocator-bucket-count=8"
    "memorysetup-profiler-bucket-allocator-block-size=33554432"
    "memorysetup-profiler-bucket-allocator-block-count=8"
    "memorysetup-profiler-allocator-block-size=16777216"
    "memorysetup-profiler-editor-allocator-block-size=1048576"
    "memorysetup-temp-allocator-size-main=16777216"
    "memorysetup-job-temp-allocator-block-size=2097152"
    "memorysetup-job-temp-allocator-block-size-background=1048576"
    "memorysetup-job-temp-allocator-reduction-small-platforms=262144"
    "memorysetup-allocator-temp-initial-block-size-main=262144"
    "memorysetup-allocator-temp-initial-block-size-worker=262144"
    "memorysetup-temp-allocator-size-background-worker=32768"
    "memorysetup-temp-allocator-size-job-worker=262144"
    "memorysetup-temp-allocator-size-preload-manager=33554432"
    "memorysetup-temp-allocator-size-nav-mesh-worker=65536"
    "memorysetup-temp-allocator-size-audio-worker=65536"
    "memorysetup-temp-allocator-size-cloud-worker=32768"
    "memorysetup-temp-allocator-size-gi-baking-worker=262144"
    "memorysetup-temp-allocator-size-gi-baking-worker=262144"
    "memorysetup-temp-allocator-size-gi-baking-worker=262144"
    "memorysetup-temp-allocator-size-gi-baking-worker=262144"
    "memorysetup-temp-allocator-size-gi-baking-worker=262144"
    "memorysetup-temp-allocator-size-gfx=262144"
Player connection [13480]  Target information:

Player connection [13480]  * "[IP] 192.168.249.1 [Port] 0 [Flags] 2 [Guid] 1961942219 [EditorId] 1961942219 [Version] 1048832 [Id] WindowsEditor(7,DESKTOP-0KNUGSO) [Debug] 1 [PackageName] WindowsEditor [ProjectName] Editor" 

Player connection [13480]  * "[IP] 192.168.241.1 [Port] 0 [Flags] 2 [Guid] 1961942219 [EditorId] 1961942219 [Version] 1048832 [Id] WindowsEditor(7,DESKTOP-0KNUGSO) [Debug] 1 [PackageName] WindowsEditor [ProjectName] Editor" 

Player connection [13480]  * "[IP] 192.168.56.1 [Port] 0 [Flags] 2 [Guid] 1961942219 [EditorId] 1961942219 [Version] 1048832 [Id] WindowsEditor(7,DESKTOP-0KNUGSO) [Debug] 1 [PackageName] WindowsEditor [ProjectName] Editor" 

Player connection [13480]  * "[IP] 10.170.221.71 [Port] 0 [Flags] 2 [Guid] 1961942219 [EditorId] 1961942219 [Version] 1048832 [Id] WindowsEditor(7,DESKTOP-0KNUGSO) [Debug] 1 [PackageName] WindowsEditor [ProjectName] Editor" 

Player connection [13480] Host joined multi-casting on [225.0.0.222:54997]...
Player connection [13480] Host joined alternative multi-casting on [225.0.0.222:34997]...
JobSystem: Creating JobQueue using job-worker-count value 3
Input System module state changed to: Initialized.
[Physics::Module] Initialized fallback backend.
[Physics::Module] Id: 0xdecafbad
Library Redirect Path: Library/
[Physics::Module] Selected backend.
[Physics::Module] Name: PhysX
[Physics::Module] Id: 0xf2b8ea05
[Physics::Module] SDK Version: 4.1.2
[Physics::Module] Integration Version: 1.0.0
[Physics::Module] Threading Mode: Multi-Threaded
Refreshing native plugins compatible for Editor in 1.52 ms, found 3 plugins.
Preloading 0 native plugins for Editor in 0.00 ms.
Initialize engine version: 6000.0.59f2 (ef281c76c3c1)
[Subsystems] Discovering subsystems at path C:/Program Files/Unity/Hub/Editor/6000.0.59f2/Editor/Data/Resources/UnitySubsystems
[Subsystems] Discovering subsystems at path D:/Realidad Aumentada/Game Jam 2/Game-JAM/Assets
GfxDevice: creating device client; kGfxThreadingModeNonThreaded
Direct3D:
    Version:  Direct3D 11.0 [level 11.1]
    Renderer: NVIDIA GeForce GTX 1650 (ID=0x1f9d)
    Vendor:   NVIDIA
    VRAM:     3952 MB
    Driver:   31.0.15.2904
Initialize mono
Mono path[0] = 'C:/Program Files/Unity/Hub/Editor/6000.0.59f2/Editor/Data/Managed'
Mono path[1] = 'C:/Program Files/Unity/Hub/Editor/6000.0.59f2/Editor/Data/MonoBleedingEdge/lib/mono/unityjit-win32'
Mono config path = 'C:/Program Files/Unity/Hub/Editor/6000.0.59f2/Editor/Data/MonoBleedingEdge/etc'
Using monoOptions --debugger-agent=transport=dt_socket,embedding=1,server=y,suspend=n,address=127.0.0.1:56396
Begin MonoManager ReloadAssembly
Registering precompiled unity dll's ...
Register platform support module: C:/Program Files/Unity/Hub/Editor/6000.0.59f2/Editor/Data/PlaybackEngines/WindowsStandaloneSupport/UnityEditor.WindowsStandalone.Extensions.dll
Registered in 0.002408 seconds.
- Loaded All Assemblies, in  0.456 seconds
Native extension for WindowsStandalone target not found
Mono: successfully reloaded assembly
- Finished resetting the current domain, in  0.411 seconds
Domain Reload Profiling: 864ms
	BeginReloadAssembly (150ms)
		ExecutionOrderSort (0ms)
		DisableScriptedObjects (0ms)
		BackupInstance (0ms)
		ReleaseScriptingObjects (0ms)
		CreateAndSetChildDomain (1ms)
	RebuildCommonClasses (44ms)
	RebuildNativeTypeToScriptingClass (14ms)
	initialDomainReloadingComplete (55ms)
	LoadAllAssembliesAndSetupDomain (190ms)
		LoadAssemblies (147ms)
		RebuildTransferFunctionScriptingTraits (0ms)
		AnalyzeDomain (186ms)
			TypeCache.Refresh (184ms)
				TypeCache.ScanAssembly (164ms)
			BuildScriptInfoCaches (0ms)
			ResolveRequiredComponents (1ms)
	FinalizeReload (412ms)
		ReleaseScriptCaches (0ms)
		RebuildScriptCaches (0ms)
		SetupLoadedEditorAssemblies (354ms)
			LogAssemblyErrors (0ms)
			InitializePlatformSupportModulesInManaged (28ms)
			SetLoadedEditorAssemblies (6ms)
			BeforeProcessingInitializeOnLoad (72ms)
			ProcessInitializeOnLoadAttributes (185ms)
			ProcessInitializeOnLoadMethodAttributes (63ms)
			AfterProcessingInitializeOnLoad (0ms)
			EditorAssembliesLoaded (0ms)
		ExecutionOrderSort2 (0ms)
		AwakeInstancesAfterBackupRestoration (0ms)
========================================================================
Worker process is ready to serve import requests
Import Worker Mode flag is 0x00
Begin MonoManager ReloadAssembly
- Loaded All Assemblies, in  0.897 seconds
Refreshing native plugins compatible for Editor in 0.88 ms, found 3 plugins.
Native extension for WindowsStandalone target not found
Package Manager log level set to [2]
[Package Manager] Failed to launch server process. Reason: Unity was launched with the -noUpm command-line argument
[Package Manager] Unable to send message (not connected to server process).
[Package Manager] Cannot connect to Unity Package Manager local server
Mono: successfully reloaded assembly
- Finished resetting the current domain, in  0.861 seconds
Domain Reload Profiling: 1756ms
	BeginReloadAssembly (200ms)
		ExecutionOrderSort (0ms)
		DisableScriptedObjects (7ms)
		BackupInstance (0ms)
		ReleaseScriptingObjects (0ms)
		CreateAndSetChildDomain (34ms)
	RebuildCommonClasses (41ms)
	RebuildNativeTypeToScriptingClass (14ms)
	initialDomainReloadingComplete (44ms)
	LoadAllAssembliesAndSetupDomain (597ms)
		LoadAssemblies (409ms)
		RebuildTransferFunctionScriptingTraits (0ms)
		AnalyzeDomain (298ms)
			TypeCache.Refresh (221ms)
				TypeCache.ScanAssembly (203ms)
			BuildScriptInfoCaches (60ms)
			ResolveRequiredComponents (13ms)
	FinalizeReload (861ms)
		ReleaseScriptCaches (0ms)
		RebuildScriptCaches (0ms)
		SetupLoadedEditorAssemblies (630ms)
			LogAssemblyErrors (0ms)
			InitializePlatformSupportModulesInManaged (3ms)
			SetLoadedEditorAssemblies (5ms)
			BeforeProcessingInitializeOnLoad (133ms)
			ProcessInitializeOnLoadAttributes (424ms)
			ProcessInitializeOnLoadMethodAttributes (60ms)
			AfterProcessingInitializeOnLoad (5ms)
			EditorAssembliesLoaded (0ms)
		ExecutionOrderSort2 (0ms)
		AwakeInstancesAfterBackupRestoration (8ms)
Launched and connected shader compiler UnityShaderCompiler.exe after 0.02 seconds
Refreshing native plugins compatible for Editor in 0.64 ms, found 3 plugins.
Preloading 0 native plugins for Editor in 0.00 ms.
Unloading 13 Unused Serialized files (Serialized files now loaded: 0)
Unloading 6187 unused Assets / (4.1 MB). Loaded Objects now: 6909.
Memory consumption went from 128.0 MB to 123.9 MB.
Total: 7.625100 ms (FindLiveObjects: 0.673600 ms CreateObjectMapping: 0.579600 ms MarkObjects: 4.249300 ms  DeleteObjects: 2.121700 ms)

========================================================================
Received Prepare
Begin MonoManager ReloadAssembly
- Loaded All Assemblies, in  0.793 seconds
Refreshing native plugins compatible for Editor in 0.78 ms, found 3 plugins.
Native extension for WindowsStandalone target not found
[Package Manager] Failed to launch server process. Reason: Unity was launched with the -noUpm command-line argument
[Package Manager] Unable to send message (not connected to server process).
[Package Manager] Cannot connect to Unity Package Manager local server
Mono: successfully reloaded assembly
- Finished resetting the current domain, in  0.904 seconds
Domain Reload Profiling: 1698ms
	BeginReloadAssembly (232ms)
		ExecutionOrderSort (0ms)
		DisableScriptedObjects (6ms)
		BackupInstance (0ms)
		ReleaseScriptingObjects (0ms)
		CreateAndSetChildDomain (49ms)
	RebuildCommonClasses (45ms)
	RebuildNativeTypeToScriptingClass (13ms)
	initialDomainReloadingComplete (25ms)
	LoadAllAssembliesAndSetupDomain (480ms)
		LoadAssemblies (362ms)
		RebuildTransferFunctionScriptingTraits (0ms)
		AnalyzeDomain (235ms)
			TypeCache.Refresh (10ms)
				TypeCache.ScanAssembly (0ms)
			BuildScriptInfoCaches (206ms)
			ResolveRequiredComponents (14ms)
	FinalizeReload (904ms)
		ReleaseScriptCaches (0ms)
		RebuildScriptCaches (0ms)
		SetupLoadedEditorAssemblies (694ms)
			LogAssemblyErrors (0ms)
			InitializePlatformSupportModulesInManaged (2ms)
			SetLoadedEditorAssemblies (3ms)
			BeforeProcessingInitializeOnLoad (135ms)
			ProcessInitializeOnLoadAttributes (475ms)
			ProcessInitializeOnLoadMethodAttributes (74ms)
			AfterProcessingInitializeOnLoad (5ms)
			EditorAssembliesLoaded (0ms)
		ExecutionOrderSort2 (0ms)
		AwakeInstancesAfterBackupRestoration (24ms)
Refreshing native plugins compatible for Editor in 1.13 ms, found 3 plugins.
Preloading 0 native plugins for Editor in 0.00 ms.
Unloading 13 Unused Serialized files (Serialized files now loaded: 0)
Unloading 6185 unused Assets / (4.3 MB). Loaded Objects now: 6924.
Memory consumption went from 139.4 MB to 135.1 MB.
Total: 8.945800 ms (FindLiveObjects: 0.689900 ms CreateObjectMapping: 0.694400 ms MarkObjects: 4.593100 ms  DeleteObjects: 2.966400 ms)

Prepare: number of updated asset objects reloaded= 0
========================================================================
Received Prepare
Begin MonoManager ReloadAssembly
- Loaded All Assemblies, in  0.704 seconds
Refreshing native plugins compatible for Editor in 0.62 ms, found 3 plugins.
Native extension for WindowsStandalone target not found
[Package Manager] Failed to launch server process. Reason: Unity was launched with the -noUpm command-line argument
[Package Manager] Unable to send message (not connected to server process).
[Package Manager] Cannot connect to Unity Package Manager local server
Mono: successfully reloaded assembly
- Finished resetting the current domain, in  0.762 seconds
Domain Reload Profiling: 1467ms
	BeginReloadAssembly (201ms)
		ExecutionOrderSort (0ms)
		DisableScriptedObjects (6ms)
		BackupInstance (0ms)
		ReleaseScriptingObjects (0ms)
		CreateAndSetChildDomain (47ms)
	RebuildCommonClasses (34ms)
	RebuildNativeTypeToScriptingClass (18ms)
	initialDomainReloadingComplete (28ms)
	LoadAllAssembliesAndSetupDomain (423ms)
		LoadAssemblies (329ms)
		RebuildTransferFunctionScriptingTraits (0ms)
		AnalyzeDomain (187ms)
			TypeCache.Refresh (9ms)
				TypeCache.ScanAssembly (0ms)
			BuildScriptInfoCaches (164ms)
			ResolveRequiredComponents (11ms)
	FinalizeReload (762ms)
		ReleaseScriptCaches (0ms)
		RebuildScriptCaches (0ms)
		SetupLoadedEditorAssemblies (576ms)
			LogAssemblyErrors (0ms)
			InitializePlatformSupportModulesInManaged (2ms)
			SetLoadedEditorAssemblies (3ms)
			BeforeProcessingInitializeOnLoad (115ms)
			ProcessInitializeOnLoadAttributes (388ms)
			ProcessInitializeOnLoadMethodAttributes (63ms)
			AfterProcessingInitializeOnLoad (4ms)
			EditorAssembliesLoaded (0ms)
		ExecutionOrderSort2 (0ms)
		AwakeInstancesAfterBackupRestoration (24ms)
Refreshing native plugins compatible for Editor in 0.96 ms, found 3 plugins.
Preloading 0 native plugins for Editor in 0.00 ms.
Unloading 13 Unused Serialized files (Serialized files now loaded: 0)
Unloading 6185 unused Assets / (4.0 MB). Loaded Objects now: 6926.
Memory consumption went from 139.4 MB to 135.4 MB.
Total: 8.749200 ms (FindLiveObjects: 0.793900 ms CreateObjectMapping: 0.842200 ms MarkObjects: 4.641300 ms  DeleteObjects: 2.470600 ms)

Prepare: number of updated asset objects reloaded= 0
========================================================================
Received Prepare
Begin MonoManager ReloadAssembly
- Loaded All Assemblies, in  5.379 seconds
Refreshing native plugins compatible for Editor in 1.03 ms, found 3 plugins.
Native extension for WindowsStandalone target not found
[Package Manager] Failed to launch server process. Reason: Unity was launched with the -noUpm command-line argument
[Package Manager] Unable to send message (not connected to server process).
[Package Manager] Cannot connect to Unity Package Manager local server
Mono: successfully reloaded assembly
- Finished resetting the current domain, in  1.335 seconds
Domain Reload Profiling: 6718ms
	BeginReloadAssembly (662ms)
		ExecutionOrderSort (0ms)
		DisableScriptedObjects (7ms)
		BackupInstance (0ms)
		ReleaseScriptingObjects (0ms)
		CreateAndSetChildDomain (53ms)
	RebuildCommonClasses (209ms)
	RebuildNativeTypeToScriptingClass (13ms)
	initialDomainReloadingComplete (32ms)
	LoadAllAssembliesAndSetupDomain (4467ms)
		LoadAssemblies (4805ms)
		RebuildTransferFunctionScriptingTraits (0ms)
		AnalyzeDomain (201ms)
			TypeCache.Refresh (9ms)
				TypeCache.ScanAssembly (0ms)
			BuildScriptInfoCaches (174ms)
			ResolveRequiredComponents (14ms)
	FinalizeReload (1336ms)
		ReleaseScriptCaches (0ms)
		RebuildScriptCaches (0ms)
		SetupLoadedEditorAssemblies (1030ms)
			LogAssemblyErrors (0ms)
			InitializePlatformSupportModulesInManaged (3ms)
			SetLoadedEditorAssemblies (11ms)
			BeforeProcessingInitializeOnLoad (258ms)
			ProcessInitializeOnLoadAttributes (653ms)
			ProcessInitializeOnLoadMethodAttributes (97ms)
			AfterProcessingInitializeOnLoad (7ms)
			EditorAssembliesLoaded (0ms)
		ExecutionOrderSort2 (0ms)
		AwakeInstancesAfterBackupRestoration (27ms)
Refreshing native plugins compatible for Editor in 2.48 ms, found 3 plugins.
Preloading 0 native plugins for Editor in 0.00 ms.
Unloading 13 Unused Serialized files (Serialized files now loaded: 0)
Unloading 6185 unused Assets / (3.7 MB). Loaded Objects now: 6928.
Memory consumption went from 139.5 MB to 135.7 MB.
Total: 10.672900 ms (FindLiveObjects: 0.759100 ms CreateObjectMapping: 0.695800 ms MarkObjects: 6.430400 ms  DeleteObjects: 2.786300 ms)

Prepare: number of updated asset objects reloaded= 0
========================================================================
Received Prepare
Begin MonoManager ReloadAssembly
- Loaded All Assemblies, in  0.750 seconds
Refreshing native plugins compatible for Editor in 0.58 ms, found 3 plugins.
Native extension for WindowsStandalone target not found
[Package Manager] Failed to launch server process. Reason: Unity was launched with the -noUpm command-line argument
[Package Manager] Unable to send message (not connected to server process).
[Package Manager] Cannot connect to Unity Package Manager local server
Mono: successfully reloaded assembly
- Finished resetting the current domain, in  0.840 seconds
Domain Reload Profiling: 1591ms
	BeginReloadAssembly (235ms)
		ExecutionOrderSort (0ms)
		DisableScriptedObjects (6ms)
		BackupInstance (0ms)
		ReleaseScriptingObjects (0ms)
		CreateAndSetChildDomain (47ms)
	RebuildCommonClasses (44ms)
	RebuildNativeTypeToScriptingClass (13ms)
	initialDomainReloadingComplete (24ms)
	LoadAllAssembliesAndSetupDomain (435ms)
		LoadAssemblies (360ms)
		RebuildTransferFunctionScriptingTraits (0ms)
		AnalyzeDomain (202ms)
			TypeCache.Refresh (7ms)
				TypeCache.ScanAssembly (0ms)
			BuildScriptInfoCaches (180ms)
			ResolveRequiredComponents (11ms)
	FinalizeReload (841ms)
		ReleaseScriptCaches (0ms)
		RebuildScriptCaches (0ms)
		SetupLoadedEditorAssemblies (663ms)
			LogAssemblyErrors (0ms)
			InitializePlatformSupportModulesInManaged (2ms)
			SetLoadedEditorAssemblies (3ms)
			BeforeProcessingInitializeOnLoad (145ms)
			ProcessInitializeOnLoadAttributes (391ms)
			ProcessInitializeOnLoadMethodAttributes (113ms)
			AfterProcessingInitializeOnLoad (8ms)
			EditorAssembliesLoaded (0ms)
		ExecutionOrderSort2 (0ms)
		AwakeInstancesAfterBackupRestoration (30ms)
Refreshing native plugins compatible for Editor in 0.96 ms, found 3 plugins.
Preloading 0 native plugins for Editor in 0.00 ms.
Unloading 13 Unused Serialized files (Serialized files now loaded: 0)
Unloading 6185 unused Assets / (4.2 MB). Loaded Objects now: 6930.
Memory consumption went from 139.5 MB to 135.3 MB.
Total: 14.084600 ms (FindLiveObjects: 0.723200 ms CreateObjectMapping: 1.267400 ms MarkObjects: 7.225600 ms  DeleteObjects: 4.866900 ms)

Prepare: number of updated asset objects reloaded= 0
========================================================================
Received Prepare
Begin MonoManager ReloadAssembly
- Loaded All Assemblies, in  0.700 seconds
Refreshing native plugins compatible for Editor in 0.72 ms, found 3 plugins.
Native extension for WindowsStandalone target not found
[Package Manager] Failed to launch server process. Reason: Unity was launched with the -noUpm command-line argument
[Package Manager] Unable to send message (not connected to server process).
[Package Manager] Cannot connect to Unity Package Manager local server
Mono: successfully reloaded assembly
- Finished resetting the current domain, in  0.809 seconds
Domain Reload Profiling: 1511ms
	BeginReloadAssembly (208ms)
		ExecutionOrderSort (0ms)
		DisableScriptedObjects (6ms)
		BackupInstance (0ms)
		ReleaseScriptingObjects (0ms)
		CreateAndSetChildDomain (52ms)
	RebuildCommonClasses (34ms)
	RebuildNativeTypeToScriptingClass (16ms)
	initialDomainReloadingComplete (29ms)
	LoadAllAssembliesAndSetupDomain (415ms)
		LoadAssemblies (306ms)
		RebuildTransferFunctionScriptingTraits (0ms)
		AnalyzeDomain (199ms)
			TypeCache.Refresh (9ms)
				TypeCache.ScanAssembly (0ms)
			BuildScriptInfoCaches (174ms)
			ResolveRequiredComponents (11ms)
	FinalizeReload (810ms)
		ReleaseScriptCaches (0ms)
		RebuildScriptCaches (0ms)
		SetupLoadedEditorAssemblies (648ms)
			LogAssemblyErrors (0ms)
			InitializePlatformSupportModulesInManaged (3ms)
			SetLoadedEditorAssemblies (3ms)
			BeforeProcessingInitializeOnLoad (118ms)
			ProcessInitializeOnLoadAttributes (439ms)
			ProcessInitializeOnLoadMethodAttributes (78ms)
			AfterProcessingInitializeOnLoad (6ms)
			EditorAssembliesLoaded (0ms)
		ExecutionOrderSort2 (0ms)
		AwakeInstancesAfterBackupRestoration (21ms)
Refreshing native plugins compatible for Editor in 1.16 ms, found 3 plugins.
Preloading 0 native plugins for Editor in 0.00 ms.
Unloading 13 Unused Serialized files (Serialized files now loaded: 0)
Unloading 6185 unused Assets / (4.1 MB). Loaded Objects now: 6932.
Memory consumption went from 139.5 MB to 135.3 MB.
Total: 14.330400 ms (FindLiveObjects: 1.050600 ms CreateObjectMapping: 1.810600 ms MarkObjects: 6.803600 ms  DeleteObjects: 4.663100 ms)

Prepare: number of updated asset objects reloaded= 0
========================================================================
Received Import Request.
  Time since last request: 425783.950876 seconds.
  path: Assets/Readme.asset
  artifactKey: Guid(8105016687592461f977c054a80ce2f2) Importer(2089858483,192608db42251d675da83286b1cce702)
Start importing Assets/Readme.asset using Guid(8105016687592461f977c054a80ce2f2) Importer(2089858483,192608db42251d675da83286b1cce702) (ScriptedImporter) -> (artifact id: '4ec75d93a63645110532430830372bd9') in 0.2721901 seconds
Number of updated asset objects reloaded before import = 0Number of asset objects unloaded after import = 2

========================================================================
Received Import Request.
  Time since last request: 0.000023 seconds.
  path: Assets/00_Scenes/MainScene.unity
  artifactKey: Guid(3507afd4680b5df45bd67d58c60f0d13) Importer(2089858483,192608db42251d675da83286b1cce702)
Start importing Assets/00_Scenes/MainScene.unity using Guid(3507afd4680b5df45bd67d58c60f0d13) Importer(2089858483,192608db42251d675da83286b1cce702) (ScriptedImporter) -> (artifact id: '4bc6670c9a89300fafa56fb6ea7c0681') in 0.0269828 seconds
Number of updated asset objects reloaded before import = 0Number of asset objects unloaded after import = 1

========================================================================
Received Import Request.
  Time since last request: 0.000076 seconds.
  path: Assets/02_Scripts/PlayerHealth.cs
  artifactKey: Guid(d453fd0a72904ae4690653f30f2f6578) Importer(2089858483,192608db42251d675da83286b1cce702)
Start importing Assets/02_Scripts/PlayerHealth.cs using Guid(d453fd0a72904ae4690653f30f2f6578) Importer(2089858483,192608db42251d675da83286b1cce702) (ScriptedImporter) -> (artifact id: '3eb694923a6f74cee9229f1c42349588') in 0.0205281 seconds
Number of updated asset objects reloaded before import = 0Number of asset objects unloaded after import = 0

========================================================================
Received Import Request.
  Time since last request: 0.000019 seconds.
  path: Assets/01_Prefabs/Objects/Mostaza.prefab
  artifactKey: Guid(cc93e72c1b74f234e89043cd94cadf88) Importer(2089858483,192608db42251d675da83286b1cce702)
Start importing Assets/01_Prefabs/Objects/Mostaza.prefab using Guid(cc93e72c1b74f234e89043cd94cadf88) Importer(2089858483,192608db42251d675da83286b1cce702) (ScriptedImporter) -> (artifact id: 'f91ce9e5dd276b24ea1fde33fcfc31a7') in 0.0939297 seconds
Number of updated asset objects reloaded before import = 0Number of asset objects unloaded after import = 8

========================================================================
Received Import Request.
  Time since last request: 0.000022 seconds.
  path: Assets/01_Prefabs/Structures/PaEscalar.prefab
  artifactKey: Guid(efc8a7e15e8c33746b9ee3fc47f56613) Importer(2089858483,192608db42251d675da83286b1cce702)
Start importing Assets/01_Prefabs/Structures/PaEscalar.prefab using Guid(efc8a7e15e8c33746b9ee3fc47f56613) Importer(2089858483,192608db42251d675da83286b1cce702) (ScriptedImporter) -> (artifact id: '67c510827575f3b2563d6c1f18e1e935') in 0.0357331 seconds
Number of updated asset objects reloaded before import = 0Number of asset objects unloaded after import = 7

========================================================================
Received Import Request.
  Time since last request: 0.000030 seconds.
  path: Assets/06_Models/luces.fbx
  artifactKey: Guid(c1182e82e1c8a4542ab8ea0e41ba6b85) Importer(2089858483,192608db42251d675da83286b1cce702)
Start importing Assets/06_Models/luces.fbx using Guid(c1182e82e1c8a4542ab8ea0e41ba6b85) Importer(2089858483,192608db42251d675da83286b1cce702) (ScriptedImporter) -> (artifact id: '091b02011b98f902b989ed4a1949bac1') in 0.0780785 seconds
Number of updated asset objects reloaded before import = 0Number of asset objects unloaded after import = 25

========================================================================
Received Import Request.
  Time since last request: 0.000046 seconds.
  path: Assets/01_Prefabs/Puzzle_Tragaperras/salchichaSlot2.jpg
  artifactKey: Guid(615211ae5dc59fa4194108b81dfab3b2) Importer(2089858483,192608db42251d675da83286b1cce702)
Start importing Assets/01_Prefabs/Puzzle_Tragaperras/salchichaSlot2.jpg using Guid(615211ae5dc59fa4194108b81dfab3b2) Importer(2089858483,192608db42251d675da83286b1cce702) (ScriptedImporter) -> (artifact id: '673d26f2a3b024a319d59d168fe4543e') in 0.0582764 seconds
Number of updated asset objects reloaded before import = 0Number of asset objects unloaded after import = 3

========================================================================
Received Import Request.
  Time since last request: 0.000015 seconds.
  path: Assets/06_Models/Refrigerador.fbx
  artifactKey: Guid(68d1f44ea97dec146919c67649602ca6) Importer(2089858483,192608db42251d675da83286b1cce702)
Start importing Assets/06_Models/Refrigerador.fbx using Guid(68d1f44ea97dec146919c67649602ca6) Importer(2089858483,192608db42251d675da83286b1cce702) (ScriptedImporter) -> (artifact id: '43185664a4eb667b296d10ef3c1b488b') in 0.0288186 seconds
Number of updated asset objects reloaded before import = 0Number of asset objects unloaded after import = 9

========================================================================
Received Import Request.
  Time since last request: 0.000023 seconds.
  path: Assets/01_Prefabs/Puzzle_Tragaperras/SlotMachineController.prefab
  artifactKey: Guid(aeecbf5403549f54f98cf51cf6836b7a) Importer(2089858483,192608db42251d675da83286b1cce702)
Start importing Assets/01_Prefabs/Puzzle_Tragaperras/SlotMachineController.prefab using Guid(aeecbf5403549f54f98cf51cf6836b7a) Importer(2089858483,192608db42251d675da83286b1cce702) (ScriptedImporter) -> (artifact id: 'b2eaee18ffb2e78449fbf26ed33031df') in 0.0408282 seconds
Number of updated asset objects reloaded before import = 0Number of asset objects unloaded after import = 5

========================================================================
Received Import Request.
  Time since last request: 0.000021 seconds.
  path: Assets/04_Sounds/LuzTocar.mp3
  artifactKey: Guid(41dc397972deedd45aaddde077edf3e6) Importer(2089858483,192608db42251d675da83286b1cce702)
Start importing Assets/04_Sounds/LuzTocar.mp3 using Guid(41dc397972deedd45aaddde077edf3e6) Importer(2089858483,192608db42251d675da83286b1cce702) (ScriptedImporter) -> (artifact id: '7457a7343fac24bfb51557393b4f3892') in 0.0471675 seconds
Number of updated asset objects reloaded before import = 0Number of asset objects unloaded after import = 1

========================================================================
Received Import Request.
  Time since last request: 0.000031 seconds.
  path: Assets/02_Scripts/Puzzle_Tragaperras/SlotButtonF.cs
  artifactKey: Guid(8dd92f198da805543a55f23f4e4abd0e) Importer(2089858483,192608db42251d675da83286b1cce702)
Start importing Assets/02_Scripts/Puzzle_Tragaperras/SlotButtonF.cs using Guid(8dd92f198da805543a55f23f4e4abd0e) Importer(2089858483,192608db42251d675da83286b1cce702) (ScriptedImporter) -> (artifact id: 'ba1697b126d6f2f5317f78b0f6a7c9d8') in 0.0155882 seconds
Number of updated asset objects reloaded before import = 0Number of asset objects unloaded after import = 0

========================================================================
Received Import Request.
  Time since last request: 0.000015 seconds.
  path: Assets/02_Scripts/Utils/PuzzleSequenceManager.cs
  artifactKey: Guid(e678586ca2526bd41bf9c9f93fa37f7f) Importer(2089858483,192608db42251d675da83286b1cce702)
Start importing Assets/02_Scripts/Utils/PuzzleSequenceManager.cs using Guid(e678586ca2526bd41bf9c9f93fa37f7f) Importer(2089858483,192608db42251d675da83286b1cce702) (ScriptedImporter) -> (artifact id: '6b743385ce4a2fa5d051c8d42882dc3c') in 0.0149199 seconds
Number of updated asset objects reloaded before import = 0Number of asset objects unloaded after import = 0

========================================================================
Received Import Request.
  Time since last request: 0.000015 seconds.
  path: Assets/02_Scripts/Utils/PadInteractable.cs
  artifactKey: Guid(92eeaf15fce2cce4d97664e5ea4c4ddc) Importer(2089858483,192608db42251d675da83286b1cce702)
Start importing Assets/02_Scripts/Utils/PadInteractable.cs using Guid(92eeaf15fce2cce4d97664e5ea4c4ddc) Importer(2089858483,192608db42251d675da83286b1cce702) (ScriptedImporter) -> (artifact id: 'fe91248f822c06369d145ca4366d94a0') in 0.0143377 seconds
Number of updated asset objects reloaded before import = 0Number of asset objects unloaded after import = 0

========================================================================
Received Import Request.
  Time since last request: 0.000016 seconds.
  path: Assets/04_Sounds/Puerta-Efecto-de-Sonido.mp3
  artifactKey: Guid(820add0258c92234c8b427a5df2bb95e) Importer(2089858483,192608db42251d675da83286b1cce702)
Start importing Assets/04_Sounds/Puerta-Efecto-de-Sonido.mp3 using Guid(820add0258c92234c8b427a5df2bb95e) Importer(2089858483,192608db42251d675da83286b1cce702) (ScriptedImporter) -> (artifact id: '9dc1ae1d45d6b9c01d31fa6258183288') in 0.0387962 seconds
Number of updated asset objects reloaded before import = 0Number of asset objects unloaded after import = 1

========================================================================
Received Import Request.
  Time since last request: 0.000020 seconds.
  path: Assets/01_Prefabs/Objects/Perol.prefab
  artifactKey: Guid(8cdc5b3ea91f47645bb1a4c0261aa527) Importer(2089858483,192608db42251d675da83286b1cce702)
Start importing Assets/01_Prefabs/Objects/Perol.prefab using Guid(8cdc5b3ea91f47645bb1a4c0261aa527) Importer(2089858483,192608db42251d675da83286b1cce702) (ScriptedImporter) -> (artifact id: 'f29fff95f8ac8b8d4691d302719b1d81') in 0.0453761 seconds
Number of updated asset objects reloaded before import = 0Number of asset objects unloaded after import = 8

========================================================================
Received Import Request.
  Time since last request: 0.000026 seconds.
  path: Assets/00_Scenes/Scenes Mauricio/VolumetricFog.shader
  artifactKey: Guid(c0947f0ef39a0a243a92e22dbbe73054) Importer(2089858483,192608db42251d675da83286b1cce702)
Start importing Assets/00_Scenes/Scenes Mauricio/VolumetricFog.shader using Guid(c0947f0ef39a0a243a92e22dbbe73054) Importer(2089858483,192608db42251d675da83286b1cce702) (ScriptedImporter) -> (artifact id: 'f4d3d70f0760018797a0b8879d122e7e') in 0.0252204 seconds
Number of updated asset objects reloaded before import = 0Number of asset objects unloaded after import = 1

========================================================================
Received Import Request.
  Time since last request: 0.000053 seconds.
  path: Assets/01_Prefabs/Enemys/PatrolPoints.prefab
  artifactKey: Guid(d369af134870a8a4dae2ca80e0b73e42) Importer(2089858483,192608db42251d675da83286b1cce702)
Start importing Assets/01_Prefabs/Enemys/PatrolPoints.prefab using Guid(d369af134870a8a4dae2ca80e0b73e42) Importer(2089858483,192608db42251d675da83286b1cce702) (ScriptedImporter) -> (artifact id: '002d23104122c34ed882858f30faf70e') in 0.0299749 seconds
Number of updated asset objects reloaded before import = 0Number of asset objects unloaded after import = 12

========================================================================
Received Import Request.
  Time since last request: 0.000017 seconds.
  path: Assets/Resources/DOTweenSettings.asset
  artifactKey: Guid(d80856855b6bfab489d080f46a7ab97e) Importer(2089858483,192608db42251d675da83286b1cce702)
Start importing Assets/Resources/DOTweenSettings.asset using Guid(d80856855b6bfab489d080f46a7ab97e) Importer(2089858483,192608db42251d675da83286b1cce702) (ScriptedImporter) -> (artifact id: 'f946267866976d001570560708d4df06') in 0.0183271 seconds
Number of updated asset objects reloaded before import = 0Number of asset objects unloaded after import = 1

========================================================================
Received Import Request.
  Time since last request: 0.000016 seconds.
  path: Assets/01_Prefabs/Puzzle_Tragaperras/huevoSlot3.jpg
  artifactKey: Guid(2a2932f84bf9eee48b5d5934aa5c8a42) Importer(2089858483,192608db42251d675da83286b1cce702)
Start importing Assets/01_Prefabs/Puzzle_Tragaperras/huevoSlot3.jpg using Guid(2a2932f84bf9eee48b5d5934aa5c8a42) Importer(2089858483,192608db42251d675da83286b1cce702) (ScriptedImporter) -> (artifact id: '983193f55176090eae259927f5475547') in 0.0292922 seconds
Number of updated asset objects reloaded before import = 0Number of asset objects unloaded after import = 3

========================================================================
Received Import Request.
  Time since last request: 0.000018 seconds.
  path: Assets/06_Models/FileteModel/fileteModel.blend1
  artifactKey: Guid(77c1737ec84b79f4f88fd8ff180eb02e) Importer(2089858483,192608db42251d675da83286b1cce702)
Start importing Assets/06_Models/FileteModel/fileteModel.blend1 using Guid(77c1737ec84b79f4f88fd8ff180eb02e) Importer(2089858483,192608db42251d675da83286b1cce702) (ScriptedImporter) -> (artifact id: '5628b6b46459b51cf13a8bd938580f48') in 0.0105434 seconds
Number of updated asset objects reloaded before import = 0Number of asset objects unloaded after import = 1

========================================================================
Received Import Request.
  Time since last request: 0.000030 seconds.
  path: Assets/06_Models/ChorizoModel/ChorizoRevamp.blend1
  artifactKey: Guid(870c9ef1fa166314ca58bd0824aef807) Importer(2089858483,192608db42251d675da83286b1cce702)
Start importing Assets/06_Models/ChorizoModel/ChorizoRevamp.blend1 using Guid(870c9ef1fa166314ca58bd0824aef807) Importer(2089858483,192608db42251d675da83286b1cce702) (ScriptedImporter) -> (artifact id: '1043352a2cd92e14bfef867171b74a7b') in 0.0139034 seconds
Number of updated asset objects reloaded before import = 0Number of asset objects unloaded after import = 1

========================================================================
Received Import Request.
  Time since last request: 0.000017 seconds.
  path: Assets/05_Materials/Cocina/ParedesPasillo.mat
  artifactKey: Guid(7e783904cee8a214c8ef214f32cecb0a) Importer(2089858483,192608db42251d675da83286b1cce702)
Start importing Assets/05_Materials/Cocina/ParedesPasillo.mat using Guid(7e783904cee8a214c8ef214f32cecb0a) Importer(2089858483,192608db42251d675da83286b1cce702) (ScriptedImporter) -> (artifact id: '1df8b4395f04b19e606964f9d6438a3b') in 0.0150101 seconds
Number of updated asset objects reloaded before import = 0Number of asset objects unloaded after import = 1

========================================================================
Received Import Request.
  Time since last request: 0.000029 seconds.
  path: Assets/02_Scripts/CookingStation.cs
  artifactKey: Guid(18781086102a34f4aa5170a04dc8451c) Importer(2089858483,192608db42251d675da83286b1cce702)
Start importing Assets/02_Scripts/CookingStation.cs using Guid(18781086102a34f4aa5170a04dc8451c) Importer(2089858483,192608db42251d675da83286b1cce702) (ScriptedImporter) -> (artifact id: '99795371433b1da06213c047f7f72ae8') in 0.0107034 seconds
Number of updated asset objects reloaded before import = 0Number of asset objects unloaded after import = 0

========================================================================
Received Import Request.
  Time since last request: 0.000019 seconds.
  path: Assets/01_Prefabs/Puzzle_Tragaperras/salchichaSlot2.prefab
  artifactKey: Guid(44d2323733d73034581f465fd63017b1) Importer(2089858483,192608db42251d675da83286b1cce702)
Start importing Assets/01_Prefabs/Puzzle_Tragaperras/salchichaSlot2.prefab using Guid(44d2323733d73034581f465fd63017b1) Importer(2089858483,192608db42251d675da83286b1cce702) (ScriptedImporter) -> (artifact id: '5528c3cf63da0705278c0e4b8d095f30') in 0.0362279 seconds
Number of updated asset objects reloaded before import = 0Number of asset objects unloaded after import = 7

========================================================================
Received Import Request.
  Time since last request: 0.000015 seconds.
  path: Assets/00_Scenes/MainMenu.unity
  artifactKey: Guid(23b10da7840c3c8499c88a11bfc88afb) Importer(2089858483,192608db42251d675da83286b1cce702)
Start importing Assets/00_Scenes/MainMenu.unity using Guid(23b10da7840c3c8499c88a11bfc88afb) Importer(2089858483,192608db42251d675da83286b1cce702) (ScriptedImporter) -> (artifact id: '88c5c7b55cd2b44be26af901784015ad') in 0.0190793 seconds
Number of updated asset objects reloaded before import = 0Number of asset objects unloaded after import = 1

========================================================================
Received Import Request.
  Time since last request: 0.000021 seconds.
  path: Assets/01_Prefabs/Puzzle_Tragaperras/huevoSlot3.prefab
  artifactKey: Guid(d75212a172989a843a01d351a5282795) Importer(2089858483,192608db42251d675da83286b1cce702)
Start importing Assets/01_Prefabs/Puzzle_Tragaperras/huevoSlot3.prefab using Guid(d75212a172989a843a01d351a5282795) Importer(2089858483,192608db42251d675da83286b1cce702) (ScriptedImporter) -> (artifact id: '6ed0cccb10ae2a05b4222a832c2e02b1') in 0.0305444 seconds
Number of updated asset objects reloaded before import = 0Number of asset objects unloaded after import = 7

========================================================================
Received Import Request.
  Time since last request: 0.000025 seconds.
  path: Assets/03_Shaders/Water_Mat.mat
  artifactKey: Guid(5730b785d4b9cc640b9a3e5e380a2618) Importer(2089858483,192608db42251d675da83286b1cce702)
Start importing Assets/03_Shaders/Water_Mat.mat using Guid(5730b785d4b9cc640b9a3e5e380a2618) Importer(2089858483,192608db42251d675da83286b1cce702) (ScriptedImporter) -> (artifact id: 'a8a86c9c9b58c51b5e26206c8e4dd3a2') in 0.0169417 seconds
Number of updated asset objects reloaded before import = 0Number of asset objects unloaded after import = 6

========================================================================
Received Import Request.
  Time since last request: 0.000024 seconds.
  path: Assets/02_Scripts/Player.cs
  artifactKey: Guid(d54062acf99095a4d86e8fa232267907) Importer(2089858483,192608db42251d675da83286b1cce702)
Start importing Assets/02_Scripts/Player.cs using Guid(d54062acf99095a4d86e8fa232267907) Importer(2089858483,192608db42251d675da83286b1cce702) (ScriptedImporter) -> (artifact id: '7344e5860d9a01a4645b9b9f89c246c4') in 0.0118785 seconds
Number of updated asset objects reloaded before import = 0Number of asset objects unloaded after import = 0

========================================================================
Received Import Request.
  Time since last request: 0.000018 seconds.
  path: Assets/02_Scripts/Door&&Key/Key.cs
  artifactKey: Guid(179711b1526e1514d952f0ffa9c20734) Importer(2089858483,192608db42251d675da83286b1cce702)
Start importing Assets/02_Scripts/Door&&Key/Key.cs using Guid(179711b1526e1514d952f0ffa9c20734) Importer(2089858483,192608db42251d675da83286b1cce702) (ScriptedImporter) -> (artifact id: '9206fcdcc0b90a7cb27fd369c8664f04') in 0.0128677 seconds
Number of updated asset objects reloaded before import = 0Number of asset objects unloaded after import = 0

========================================================================
Received Import Request.
  Time since last request: 0.000016 seconds.
  path: Assets/06_Models/Pared_PuzzleMemory1.fbm/tripo_image_6a1336e1_0.jpg
  artifactKey: Guid(47774dc56be77394d9fe9e48b71021dd) Importer(2089858483,192608db42251d675da83286b1cce702)
Start importing Assets/06_Models/Pared_PuzzleMemory1.fbm/tripo_image_6a1336e1_0.jpg using Guid(47774dc56be77394d9fe9e48b71021dd) Importer(2089858483,192608db42251d675da83286b1cce702) (ScriptedImporter) -> (artifact id: 'cbcf4db871b3ca50816146b306744167') in 0.0260655 seconds
Number of updated asset objects reloaded before import = 0Number of asset objects unloaded after import = 1

========================================================================
Received Import Request.
  Time since last request: 0.000016 seconds.
  path: Assets/06_Models/personajes/Breathing Idle.fbx
  artifactKey: Guid(40ecaad4f219fa143ac7be79ccb743ce) Importer(2089858483,192608db42251d675da83286b1cce702)
Start importing Assets/06_Models/personajes/Breathing Idle.fbx using Guid(40ecaad4f219fa143ac7be79ccb743ce) Importer(2089858483,192608db42251d675da83286b1cce702) (ScriptedImporter) -> (artifact id: '046086e16e597f9e0af730e768b5c884') in 0.0465534 seconds
Number of updated asset objects reloaded before import = 0Number of asset objects unloaded after import = 137

========================================================================
Received Import Request.
  Time since last request: 0.000021 seconds.
  path: Assets/06_Models/Leche/Leche.fbx
  artifactKey: Guid(13fbf5b115e736045bfd597e76397e94) Importer(2089858483,192608db42251d675da83286b1cce702)
Start importing Assets/06_Models/Leche/Leche.fbx using Guid(13fbf5b115e736045bfd597e76397e94) Importer(2089858483,192608db42251d675da83286b1cce702) (ScriptedImporter) -> (artifact id: '57551ab3275a1abde227daa002b0efd4') in 0.0444393 seconds
Number of updated asset objects reloaded before import = 0Number of asset objects unloaded after import = 31

========================================================================
Received Import Request.
  Time since last request: 0.000028 seconds.
  path: Assets/06_Models/PepinoModel/pepinoModel.fbx
  artifactKey: Guid(4b3d8455b9a19ef41852e4f65f15e3fa) Importer(2089858483,192608db42251d675da83286b1cce702)
Start importing Assets/06_Models/PepinoModel/pepinoModel.fbx using Guid(4b3d8455b9a19ef41852e4f65f15e3fa) Importer(2089858483,192608db42251d675da83286b1cce702) (ScriptedImporter) -> (artifact id: 'c85d347277fa937f3ca9dfe2bfe887c5') in 0.0304701 seconds
Number of updated asset objects reloaded before import = 0Number of asset objects unloaded after import = 19

========================================================================
Received Import Request.
  Time since last request: 0.000019 seconds.
  path: Assets/06_Models/Leche/CAJADELECHEMODEL.blend
  artifactKey: Guid(c9871edebb5ccf84f82a215e1895de6f) Importer(2089858483,192608db42251d675da83286b1cce702)
Start importing Assets/06_Models/Leche/CAJADELECHEMODEL.blend using Guid(c9871edebb5ccf84f82a215e1895de6f) Importer(2089858483,192608db42251d675da83286b1cce702) (ScriptedImporter) -> (artifact id: 'c0ec9ee7c0922762dfe0f6d2d43cc1e4') in 0.0241117 seconds
Number of updated asset objects reloaded before import = 0Number of asset objects unloaded after import = 1

========================================================================
Received Import Request.
  Time since last request: 0.000022 seconds.
  path: Assets/01_Prefabs/Player/Player.prefab
  artifactKey: Guid(ba0dae2ece0d6b34f864cbf11920c5e0) Importer(2089858483,192608db42251d675da83286b1cce702)
Start importing Assets/01_Prefabs/Player/Player.prefab using Guid(ba0dae2ece0d6b34f864cbf11920c5e0) Importer(2089858483,192608db42251d675da83286b1cce702) (ScriptedImporter) -> (artifact id: 'b524785893204afa91ac27c3e9a55587') in 0.0501344 seconds
Number of updated asset objects reloaded before import = 0Number of asset objects unloaded after import = 11

========================================================================
Received Import Request.
  Time since last request: 0.000024 seconds.
  path: Assets/02_Scripts/Utils/Radio.cs
  artifactKey: Guid(c596d4bfcb26bd349a2d9c4c005403af) Importer(2089858483,192608db42251d675da83286b1cce702)
Start importing Assets/02_Scripts/Utils/Radio.cs using Guid(c596d4bfcb26bd349a2d9c4c005403af) Importer(2089858483,192608db42251d675da83286b1cce702) (ScriptedImporter) -> (artifact id: '47ce3c184f41f67a73a675cff71e1e0a') in 0.0126422 seconds
Number of updated asset objects reloaded before import = 0Number of asset objects unloaded after import = 0

========================================================================
Received Import Request.
  Time since last request: 0.000030 seconds.
  path: Assets/01_Prefabs/Player/PlayerAnims.prefab
  artifactKey: Guid(f046af32926daa2409d9195480eac130) Importer(2089858483,192608db42251d675da83286b1cce702)
Start importing Assets/01_Prefabs/Player/PlayerAnims.prefab using Guid(f046af32926daa2409d9195480eac130) Importer(2089858483,192608db42251d675da83286b1cce702) (ScriptedImporter) -> (artifact id: 'bdd85a2851e1ccfe65933c9a9c36dfd8') in 0.0548532 seconds
Number of updated asset objects reloaded before import = 0Number of asset objects unloaded after import = 203

========================================================================
Received Import Request.
  Time since last request: 0.000022 seconds.
  path: Assets/TextMesh Pro/Shaders/TMP_Bitmap.shader
  artifactKey: Guid(128e987d567d4e2c824d754223b3f3b0) Importer(2089858483,192608db42251d675da83286b1cce702)
Start importing Assets/TextMesh Pro/Shaders/TMP_Bitmap.shader using Guid(128e987d567d4e2c824d754223b3f3b0) Importer(2089858483,192608db42251d675da83286b1cce702) (ScriptedImporter) -> (artifact id: '1d908f862cccb7d2e8468f1a9b82bdb4') in 0.022805 seconds
Number of updated asset objects reloaded before import = 0Number of asset objects unloaded after import = 1

========================================================================
Received Import Request.
  Time since last request: 0.000034 seconds.
  path: Assets/TextMesh Pro/Resources/LineBreaking Following Characters.txt
  artifactKey: Guid(fade42e8bc714b018fac513c043d323b) Importer(2089858483,192608db42251d675da83286b1cce702)
Start importing Assets/TextMesh Pro/Resources/LineBreaking Following Characters.txt using Guid(fade42e8bc714b018fac513c043d323b) Importer(2089858483,192608db42251d675da83286b1cce702) (ScriptedImporter) -> (artifact id: 'd324fcd49e8ac8f866a2932286830f7f') in 0.0164686 seconds
Number of updated asset objects reloaded before import = 0Number of asset objects unloaded after import = 1

========================================================================
Received Import Request.
  Time since last request: 0.000019 seconds.
  path: Assets/06_Models/stylized+light+bulb+3d+model.fbm/tripo_image_f2eb496f_0.jpg
  artifactKey: Guid(49e103bb7012c57459b37729122b554c) Importer(2089858483,192608db42251d675da83286b1cce702)
Start importing Assets/06_Models/stylized+light+bulb+3d+model.fbm/tripo_image_f2eb496f_0.jpg using Guid(49e103bb7012c57459b37729122b554c) Importer(2089858483,192608db42251d675da83286b1cce702) (ScriptedImporter) -> (artifact id: 'fa962843a9356c92aeba34516f1ad823') in 0.0204727 seconds
Number of updated asset objects reloaded before import = 0Number of asset objects unloaded after import = 1

========================================================================
Received Import Request.
  Time since last request: 0.000021 seconds.
  path: Assets/TextMesh Pro/Fonts/LiberationSans - OFL.txt
  artifactKey: Guid(6e59c59b81ab47f9b6ec5781fa725d2c) Importer(2089858483,192608db42251d675da83286b1cce702)
Start importing Assets/TextMesh Pro/Fonts/LiberationSans - OFL.txt using Guid(6e59c59b81ab47f9b6ec5781fa725d2c) Importer(2089858483,192608db42251d675da83286b1cce702) (ScriptedImporter) -> (artifact id: '2905c8313c901677680e627014267203') in 0.0189655 seconds
Number of updated asset objects reloaded before import = 0Number of asset objects unloaded after import = 1

========================================================================
Received Import Request.
  Time since last request: 0.000029 seconds.
  path: Assets/04_Sounds/Fallo.mp3
  artifactKey: Guid(f2ce1a57f0eebdf4c8058e8a33e007d7) Importer(2089858483,192608db42251d675da83286b1cce702)
Start importing Assets/04_Sounds/Fallo.mp3 using Guid(f2ce1a57f0eebdf4c8058e8a33e007d7) Importer(2089858483,192608db42251d675da83286b1cce702) (ScriptedImporter) -> (artifact id: '697401aa1da43f7ead2d2468a75bee36') in 0.0388134 seconds
Number of updated asset objects reloaded before import = 0Number of asset objects unloaded after import = 1

========================================================================
Received Import Request.
  Time since last request: 0.000018 seconds.
  path: Assets/02_Scripts/Utils/FloatingText.cs
  artifactKey: Guid(a579a58d8184e3642962939862aba6b1) Importer(2089858483,192608db42251d675da83286b1cce702)
Start importing Assets/02_Scripts/Utils/FloatingText.cs using Guid(a579a58d8184e3642962939862aba6b1) Importer(2089858483,192608db42251d675da83286b1cce702) (ScriptedImporter) -> (artifact id: '099d7c245bebe6dd5fef92301fb04917') in 0.0132898 seconds
Number of updated asset objects reloaded before import = 0Number of asset objects unloaded after import = 0

========================================================================
Received Import Request.
  Time since last request: 0.000019 seconds.
  path: Assets/06_Models/Sarten.fbx
  artifactKey: Guid(d9fde6abc9407754d8462df454cb3269) Importer(2089858483,192608db42251d675da83286b1cce702)
Start importing Assets/06_Models/Sarten.fbx using Guid(d9fde6abc9407754d8462df454cb3269) Importer(2089858483,192608db42251d675da83286b1cce702) (ScriptedImporter) -> (artifact id: '210ec03395f9b39606a354944894ff83') in 0.0290834 seconds
Number of updated asset objects reloaded before import = 0Number of asset objects unloaded after import = 8

========================================================================
Received Import Request.
  Time since last request: 0.000020 seconds.
  path: Assets/01_Prefabs/Objects/Olla.prefab
  artifactKey: Guid(5cb03184071e1ec47bffacce69dd521a) Importer(2089858483,192608db42251d675da83286b1cce702)
Start importing Assets/01_Prefabs/Objects/Olla.prefab using Guid(5cb03184071e1ec47bffacce69dd521a) Importer(2089858483,192608db42251d675da83286b1cce702) (ScriptedImporter) -> (artifact id: 'b67724b7bc4edf6563db9916eba9aac7') in 0.0323607 seconds
Number of updated asset objects reloaded before import = 0Number of asset objects unloaded after import = 8

========================================================================
Received Import Request.
  Time since last request: 0.000024 seconds.
  path: Assets/TextMesh Pro/Shaders/TMP_SDF Overlay.shader
  artifactKey: Guid(dd89cf5b9246416f84610a006f916af7) Importer(2089858483,192608db42251d675da83286b1cce702)
Start importing Assets/TextMesh Pro/Shaders/TMP_SDF Overlay.shader using Guid(dd89cf5b9246416f84610a006f916af7) Importer(2089858483,192608db42251d675da83286b1cce702) (ScriptedImporter) -> (artifact id: '41387afc02bd37a7c3a495d53cdf4c6a') in 0.0190244 seconds
Number of updated asset objects reloaded before import = 0Number of asset objects unloaded after import = 1

========================================================================
Received Import Request.
  Time since last request: 0.000029 seconds.
  path: Assets/TextMesh Pro/Shaders/TMP_SDF SSD.shader
  artifactKey: Guid(14eb328de4b8eb245bb7cea29e4ac00b) Importer(2089858483,192608db42251d675da83286b1cce702)
Start importing Assets/TextMesh Pro/Shaders/TMP_SDF SSD.shader using Guid(14eb328de4b8eb245bb7cea29e4ac00b) Importer(2089858483,192608db42251d675da83286b1cce702) (ScriptedImporter) -> (artifact id: 'e3f0a0f5ecdc68927a7d61b6caade76d') in 0.0207999 seconds
Number of updated asset objects reloaded before import = 0Number of asset objects unloaded after import = 1

========================================================================
Received Import Request.
  Time since last request: 0.000017 seconds.
  path: Assets/TextMesh Pro/Shaders/TMP_SDF-URP Lit.shadergraph
  artifactKey: Guid(a3d800b099a06e0478fb790c5e79057a) Importer(2089858483,192608db42251d675da83286b1cce702)
Start importing Assets/TextMesh Pro/Shaders/TMP_SDF-URP Lit.shadergraph using Guid(a3d800b099a06e0478fb790c5e79057a) Importer(2089858483,192608db42251d675da83286b1cce702) (ScriptedImporter) -> (artifact id: '349317f87f7d275a33efed0ffbfceaf5') in 0.0432141 seconds
Number of updated asset objects reloaded before import = 0Number of asset objects unloaded after import = 4

========================================================================
Received Import Request.
  Time since last request: 0.000023 seconds.
  path: Assets/05_Materials/Amarillo.mat
  artifactKey: Guid(4a33de3c22175f94cbb4cfeb56c309aa) Importer(2089858483,192608db42251d675da83286b1cce702)
Start importing Assets/05_Materials/Amarillo.mat using Guid(4a33de3c22175f94cbb4cfeb56c309aa) Importer(2089858483,192608db42251d675da83286b1cce702) (ScriptedImporter) -> (artifact id: '1f65f3a44fde122648cbed160aa9000e') in 0.0150755 seconds
Number of updated asset objects reloaded before import = 0Number of asset objects unloaded after import = 1

========================================================================
Received Import Request.
  Time since last request: 0.000017 seconds.
  path: Assets/Settings/UniversalRenderPipelineGlobalSettings.asset
  artifactKey: Guid(18dc0cd2c080841dea60987a38ce93fa) Importer(2089858483,192608db42251d675da83286b1cce702)
Start importing Assets/Settings/UniversalRenderPipelineGlobalSettings.asset using Guid(18dc0cd2c080841dea60987a38ce93fa) Importer(2089858483,192608db42251d675da83286b1cce702) (ScriptedImporter) -> (artifact id: '8f696eb5b13c9524252bfa95aa570ed1') in 0.1945416 seconds
Number of updated asset objects reloaded before import = 0Number of asset objects unloaded after import = 0

========================================================================
Received Import Request.
  Time since last request: 0.000019 seconds.
  path: Assets/04_Sounds/Cocina Sigilosa_ Versión Más Adrenalina, Orquestal, 102 BPM.mp3
  artifactKey: Guid(347f0058dfe7b8a4c9199e4fccf8659f) Importer(2089858483,192608db42251d675da83286b1cce702)
Start importing Assets/04_Sounds/Cocina Sigilosa_ Versión Más Adrenalina, Orquestal, 102 BPM.mp3 using Guid(347f0058dfe7b8a4c9199e4fccf8659f) Importer(2089858483,192608db42251d675da83286b1cce702) (ScriptedImporter) -> (artifact id: 'd5f4c21cfa65b3ab113923095168247b') in 0.0305945 seconds
Number of updated asset objects reloaded before import = 0Number of asset objects unloaded after import = 1

========================================================================
Received Import Request.
  Time since last request: 0.000027 seconds.
  path: Assets/02_Scripts/Door&&Key/Door.cs
  artifactKey: Guid(74b555e58e4fd47458f5ad7e823664b3) Importer(2089858483,192608db42251d675da83286b1cce702)
Start importing Assets/02_Scripts/Door&&Key/Door.cs using Guid(74b555e58e4fd47458f5ad7e823664b3) Importer(2089858483,192608db42251d675da83286b1cce702) (ScriptedImporter) -> (artifact id: '51508d33f511c0db5ba9105ae5b5f613') in 0.0114935 seconds
Number of updated asset objects reloaded before import = 0Number of asset objects unloaded after import = 0

========================================================================
Received Import Request.
  Time since last request: 0.000019 seconds.
  path: Assets/TextMesh Pro/Shaders/TMP_SDF-Surface-Mobile.shader
  artifactKey: Guid(85187c2149c549c5b33f0cdb02836b17) Importer(2089858483,192608db42251d675da83286b1cce702)
Start importing Assets/TextMesh Pro/Shaders/TMP_SDF-Surface-Mobile.shader using Guid(85187c2149c549c5b33f0cdb02836b17) Importer(2089858483,192608db42251d675da83286b1cce702) (ScriptedImporter) -> (artifact id: '7af73ec147063a9ad9bad0bdd661a642') in 0.0194868 seconds
Number of updated asset objects reloaded before import = 0Number of asset objects unloaded after import = 1

========================================================================
Received Import Request.
  Time since last request: 0.000016 seconds.
  path: Assets/TextMesh Pro/Shaders/TMPro_Mobile.cginc
  artifactKey: Guid(c334973cef89a9840b0b0c507e0377ab) Importer(2089858483,192608db42251d675da83286b1cce702)
Start importing Assets/TextMesh Pro/Shaders/TMPro_Mobile.cginc using Guid(c334973cef89a9840b0b0c507e0377ab) Importer(2089858483,192608db42251d675da83286b1cce702) (ScriptedImporter) -> (artifact id: '2a66653654b151481892f7f59ecd4e22') in 0.0174154 seconds
Number of updated asset objects reloaded before import = 0Number of asset objects unloaded after import = 1

========================================================================
Received Import Request.
  Time since last request: 0.000017 seconds.
  path: Assets/00_Scenes/Scenes Mauricio/SpotLightEnhancer.cs
  artifactKey: Guid(38c5c6576fa408b48af819c564691baf) Importer(2089858483,192608db42251d675da83286b1cce702)
Start importing Assets/00_Scenes/Scenes Mauricio/SpotLightEnhancer.cs using Guid(38c5c6576fa408b48af819c564691baf) Importer(2089858483,192608db42251d675da83286b1cce702) (ScriptedImporter) -> (artifact id: '25f0ebaa2b89168f218f8e41ab128b9c') in 0.0117448 seconds
Number of updated asset objects reloaded before import = 0Number of asset objects unloaded after import = 0

========================================================================
Received Import Request.
  Time since last request: 0.000019 seconds.
  path: Assets/01_Prefabs/Player/Player 1.prefab
  artifactKey: Guid(34a74222fd515d44abed9d1cda29554e) Importer(2089858483,192608db42251d675da83286b1cce702)
Start importing Assets/01_Prefabs/Player/Player 1.prefab using Guid(34a74222fd515d44abed9d1cda29554e) Importer(2089858483,192608db42251d675da83286b1cce702) (ScriptedImporter) -> (artifact id: '227bc563d67f0c1d8b05b1aef8ff407a') in 0.0429259 seconds
Number of updated asset objects reloaded before import = 0Number of asset objects unloaded after import = 19

========================================================================
Received Import Request.
  Time since last request: 0.000016 seconds.
  path: Assets/02_Scripts/Puzzle_Tragaperras/NotoColorEmoji-Regular.ttf
  artifactKey: Guid(0752c8773f48b55419890dbe6d157c63) Importer(2089858483,192608db42251d675da83286b1cce702)
Start importing Assets/02_Scripts/Puzzle_Tragaperras/NotoColorEmoji-Regular.ttf using Guid(0752c8773f48b55419890dbe6d157c63) Importer(2089858483,192608db42251d675da83286b1cce702) (ScriptedImporter) -> (artifact id: '445471cc96e1c16e4e918cf378071568') in 0.0512015 seconds
Number of updated asset objects reloaded before import = 0Number of asset objects unloaded after import = 3

========================================================================
Received Import Request.
  Time since last request: 0.000028 seconds.
  path: Assets/00_Scenes/Scenes Mauricio/PuzzleSimonUI.cs
  artifactKey: Guid(3755d70b38a7a6144a1d8e6615368324) Importer(2089858483,192608db42251d675da83286b1cce702)
Start importing Assets/00_Scenes/Scenes Mauricio/PuzzleSimonUI.cs using Guid(3755d70b38a7a6144a1d8e6615368324) Importer(2089858483,192608db42251d675da83286b1cce702) (ScriptedImporter) -> (artifact id: '692b807fbe4d4187bbd1880a28e3f052') in 0.0108583 seconds
Number of updated asset objects reloaded before import = 0Number of asset objects unloaded after import = 0

========================================================================
Received Import Request.
  Time since last request: 0.000016 seconds.
  path: Assets/01_Prefabs/Objects/DoorPivot (2).prefab
  artifactKey: Guid(cbcd136e867d7564c96a93b77b0c8504) Importer(2089858483,192608db42251d675da83286b1cce702)
Start importing Assets/01_Prefabs/Objects/DoorPivot (2).prefab using Guid(cbcd136e867d7564c96a93b77b0c8504) Importer(2089858483,192608db42251d675da83286b1cce702) (ScriptedImporter) -> (artifact id: 'd28942e9395ac17ff26509cc6c108af8') in 0.025186 seconds
Number of updated asset objects reloaded before import = 0Number of asset objects unloaded after import = 10

========================================================================
Received Import Request.
  Time since last request: 0.000016 seconds.
  path: Assets/04_Sounds/Sonido-de-freír.mp3
  artifactKey: Guid(c20123ccff2c34a449d256b1700c01d6) Importer(2089858483,192608db42251d675da83286b1cce702)
Start importing Assets/04_Sounds/Sonido-de-freír.mp3 using Guid(c20123ccff2c34a449d256b1700c01d6) Importer(2089858483,192608db42251d675da83286b1cce702) (ScriptedImporter) -> (artifact id: 'cb605c209668ca49feb40617d62918ed') in 0.0354447 seconds
Number of updated asset objects reloaded before import = 0Number of asset objects unloaded after import = 1

========================================================================
Received Import Request.
  Time since last request: 0.000018 seconds.
  path: Assets/06_Models/ChorizoModelconIdleAnim.fbx
  artifactKey: Guid(4fb78f8b2d3f994429db6b999914edab) Importer(2089858483,192608db42251d675da83286b1cce702)
Start importing Assets/06_Models/ChorizoModelconIdleAnim.fbx using Guid(4fb78f8b2d3f994429db6b999914edab) Importer(2089858483,192608db42251d675da83286b1cce702) (ScriptedImporter) -> (artifact id: '991916883d009803cf14ef9ebe7b3455') in 0.0314642 seconds
Number of updated asset objects reloaded before import = 0Number of asset objects unloaded after import = 144

========================================================================
Received Import Request.
  Time since last request: 0.000022 seconds.
  path: Assets/00_Scenes/Scenes Mauricio/VolumetricBeam.shader
  artifactKey: Guid(07351c59c500ac448ab6f023bfa241e5) Importer(2089858483,192608db42251d675da83286b1cce702)
Start importing Assets/00_Scenes/Scenes Mauricio/VolumetricBeam.shader using Guid(07351c59c500ac448ab6f023bfa241e5) Importer(2089858483,192608db42251d675da83286b1cce702) (ScriptedImporter) -> (artifact id: 'a0846135fea4b9ec44d53649491ba620') in 0.0182583 seconds
Number of updated asset objects reloaded before import = 0Number of asset objects unloaded after import = 1

========================================================================
Received Import Request.
  Time since last request: 0.000024 seconds.
  path: Assets/07_Animations/PlayerAnimations/Player.controller
  artifactKey: Guid(7a88da05ae00baa42a9852c79a5d3013) Importer(2089858483,192608db42251d675da83286b1cce702)
Start importing Assets/07_Animations/PlayerAnimations/Player.controller using Guid(7a88da05ae00baa42a9852c79a5d3013) Importer(2089858483,192608db42251d675da83286b1cce702) (ScriptedImporter) -> (artifact id: '9c8a911ae76a37ab96e378a8e2c6409e') in 0.0188511 seconds
Number of updated asset objects reloaded before import = 0Number of asset objects unloaded after import = 13

========================================================================
Received Import Request.
  Time since last request: 0.000018 seconds.
  path: Assets/01_Prefabs/Enemys/Pared.prefab
  artifactKey: Guid(1b58eb1148737884ba1aa63b429097ee) Importer(2089858483,192608db42251d675da83286b1cce702)
Start importing Assets/01_Prefabs/Enemys/Pared.prefab using Guid(1b58eb1148737884ba1aa63b429097ee) Importer(2089858483,192608db42251d675da83286b1cce702) (ScriptedImporter) -> (artifact id: '1fc3381c5cb9c3df7dba4f5bd00706c6') in 0.0301197 seconds
Number of updated asset objects reloaded before import = 0Number of asset objects unloaded after import = 7

========================================================================
Received Import Request.
  Time since last request: 0.000018 seconds.
  path: Assets/TutorialInfo/Layout.wlt
  artifactKey: Guid(eabc9546105bf4accac1fd62a63e88e6) Importer(2089858483,192608db42251d675da83286b1cce702)
Start importing Assets/TutorialInfo/Layout.wlt using Guid(eabc9546105bf4accac1fd62a63e88e6) Importer(2089858483,192608db42251d675da83286b1cce702) (ScriptedImporter) -> (artifact id: '2f49efda9b37b6348a77b3cd510bcad9') in 0.010088 seconds
Number of updated asset objects reloaded before import = 0Number of asset objects unloaded after import = 1

========================================================================
Received Import Request.
  Time since last request: 0.000014 seconds.
  path: Assets/01_Prefabs/Objects/Mayonesa.prefab
  artifactKey: Guid(b267abdcbb101364fb63623868f5413c) Importer(2089858483,192608db42251d675da83286b1cce702)
Start importing Assets/01_Prefabs/Objects/Mayonesa.prefab using Guid(b267abdcbb101364fb63623868f5413c) Importer(2089858483,192608db42251d675da83286b1cce702) (ScriptedImporter) -> (artifact id: 'e01829260881b93643a143f25b4dd3ff') in 0.0331568 seconds
Number of updated asset objects reloaded before import = 0Number of asset objects unloaded after import = 8

========================================================================
Received Import Request.
  Time since last request: 0.000017 seconds.
  path: Assets/01_Prefabs/Puzzle_Tragaperras/StartButtonSlot.prefab
  artifactKey: Guid(fb376ed3e94be4a4e80041df9ae9dd20) Importer(2089858483,192608db42251d675da83286b1cce702)
Start importing Assets/01_Prefabs/Puzzle_Tragaperras/StartButtonSlot.prefab using Guid(fb376ed3e94be4a4e80041df9ae9dd20) Importer(2089858483,192608db42251d675da83286b1cce702) (ScriptedImporter) -> (artifact id: '5a8fa2541506b8bdb79b50c3acdafe6a') in 0.0285736 seconds
Number of updated asset objects reloaded before import = 0Number of asset objects unloaded after import = 7

========================================================================
Received Import Request.
  Time since last request: 0.000017 seconds.
  path: Assets/01_Prefabs/Enemys/Pared (2).prefab
  artifactKey: Guid(5c050cc74cafac647bdd506a077ecd02) Importer(2089858483,192608db42251d675da83286b1cce702)
Start importing Assets/01_Prefabs/Enemys/Pared (2).prefab using Guid(5c050cc74cafac647bdd506a077ecd02) Importer(2089858483,192608db42251d675da83286b1cce702) (ScriptedImporter) -> (artifact id: '9406d671d713cf2930f8e452cded983b') in 0.0293895 seconds
Number of updated asset objects reloaded before import = 0Number of asset objects unloaded after import = 7

========================================================================
Received Import Request.
  Time since last request: 0.000027 seconds.
  path: Assets/00_Scenes/Scenes Mauricio/Mat_VolumetricFog.mat
  artifactKey: Guid(b7f032f50f2a5b948bf78dbd39a21f0f) Importer(2089858483,192608db42251d675da83286b1cce702)
Start importing Assets/00_Scenes/Scenes Mauricio/Mat_VolumetricFog.mat using Guid(b7f032f50f2a5b948bf78dbd39a21f0f) Importer(2089858483,192608db42251d675da83286b1cce702) (ScriptedImporter) -> (artifact id: 'b082c630c291c03a232890887cbf556d') in 0.0111968 seconds
Number of updated asset objects reloaded before import = 0Number of asset objects unloaded after import = 1

========================================================================
Received Import Request.
  Time since last request: 0.000016 seconds.
  path: Assets/02_Scripts/PlayerCookingSystem.cs
  artifactKey: Guid(02918023a17224543a655d613b849af8) Importer(2089858483,192608db42251d675da83286b1cce702)
Start importing Assets/02_Scripts/PlayerCookingSystem.cs using Guid(02918023a17224543a655d613b849af8) Importer(2089858483,192608db42251d675da83286b1cce702) (ScriptedImporter) -> (artifact id: 'f2fcae88f6f3805490d83285dda0f97b') in 0.0110406 seconds
Number of updated asset objects reloaded before import = 0Number of asset objects unloaded after import = 0

========================================================================
Received Import Request.
  Time since last request: 0.000018 seconds.
  path: Assets/TextMesh Pro/Shaders/TMP_Bitmap-Custom-Atlas.shader
  artifactKey: Guid(48bb5f55d8670e349b6e614913f9d910) Importer(2089858483,192608db42251d675da83286b1cce702)
Start importing Assets/TextMesh Pro/Shaders/TMP_Bitmap-Custom-Atlas.shader using Guid(48bb5f55d8670e349b6e614913f9d910) Importer(2089858483,192608db42251d675da83286b1cce702) (ScriptedImporter) -> (artifact id: '5d93744e3fa28ed61b025192e3dd4630') in 0.0189752 seconds
Number of updated asset objects reloaded before import = 0Number of asset objects unloaded after import = 1

========================================================================
Received Import Request.
  Time since last request: 0.000018 seconds.
  path: Assets/06_Models/Materials/tripo_image_f2eb496f_0.mat
  artifactKey: Guid(51969eee3f0b5b8468a7e23bf26a9ed9) Importer(2089858483,192608db42251d675da83286b1cce702)
Start importing Assets/06_Models/Materials/tripo_image_f2eb496f_0.mat using Guid(51969eee3f0b5b8468a7e23bf26a9ed9) Importer(2089858483,192608db42251d675da83286b1cce702) (ScriptedImporter) -> (artifact id: '16a8042ff05bfd399694820e2e5187ec') in 0.0169731 seconds
Number of updated asset objects reloaded before import = 0Number of asset objects unloaded after import = 2

========================================================================
Received Import Request.
  Time since last request: 0.000015 seconds.
  path: Assets/05_Materials/Cocina/Techo.mat
  artifactKey: Guid(82c6eea8a98328a4c88af0fc649dc4ba) Importer(2089858483,192608db42251d675da83286b1cce702)
Start importing Assets/05_Materials/Cocina/Techo.mat using Guid(82c6eea8a98328a4c88af0fc649dc4ba) Importer(2089858483,192608db42251d675da83286b1cce702) (ScriptedImporter) -> (artifact id: '9d4690e0acfc09d235a54bc68acf4476') in 0.0134847 seconds
Number of updated asset objects reloaded before import = 0Number of asset objects unloaded after import = 1

========================================================================
Received Import Request.
  Time since last request: 0.000019 seconds.
  path: Assets/Settings/Mobile_RPAsset.asset
  artifactKey: Guid(5e6cbd92db86f4b18aec3ed561671858) Importer(2089858483,192608db42251d675da83286b1cce702)
Start importing Assets/Settings/Mobile_RPAsset.asset using Guid(5e6cbd92db86f4b18aec3ed561671858) Importer(2089858483,192608db42251d675da83286b1cce702) (ScriptedImporter) -> (artifact id: '4bce7d0a7f1894b04b5dfbebbffc6cbf') in 0.0480696 seconds
Number of updated asset objects reloaded before import = 0Number of asset objects unloaded after import = 2

========================================================================
Received Import Request.
  Time since last request: 0.000024 seconds.
  path: Assets/01_Prefabs/Puzzle_Tragaperras/CanvasPuzzleTragaperras.prefab
  artifactKey: Guid(f46a0e88838fc8e45a13410870d97f21) Importer(2089858483,192608db42251d675da83286b1cce702)
Start importing Assets/01_Prefabs/Puzzle_Tragaperras/CanvasPuzzleTragaperras.prefab using Guid(f46a0e88838fc8e45a13410870d97f21) Importer(2089858483,192608db42251d675da83286b1cce702) (ScriptedImporter) -> (artifact id: '1e8a0f466e2c3a61aa962524722fb8ad') in 0.0611144 seconds
Number of updated asset objects reloaded before import = 0Number of asset objects unloaded after import = 19

========================================================================
Received Import Request.
  Time since last request: 0.000016 seconds.
  path: Assets/00_Scenes/Scenes Mauricio/Mat_Beam.mat
  artifactKey: Guid(7602a87f481b7804bbbb5780443a5b2d) Importer(2089858483,192608db42251d675da83286b1cce702)
Start importing Assets/00_Scenes/Scenes Mauricio/Mat_Beam.mat using Guid(7602a87f481b7804bbbb5780443a5b2d) Importer(2089858483,192608db42251d675da83286b1cce702) (ScriptedImporter) -> (artifact id: 'cd21edc97bbb5fbfd7a5c83033b91cb1') in 0.0122571 seconds
Number of updated asset objects reloaded before import = 0Number of asset objects unloaded after import = 1

========================================================================
Received Import Request.
  Time since last request: 0.000015 seconds.
  path: Assets/00_Scenes/Scenas pruebas/SceneAlex.unity
  artifactKey: Guid(b707d8aaaae311a46a2f4863084b8b8a) Importer(2089858483,192608db42251d675da83286b1cce702)
Start importing Assets/00_Scenes/Scenas pruebas/SceneAlex.unity using Guid(b707d8aaaae311a46a2f4863084b8b8a) Importer(2089858483,192608db42251d675da83286b1cce702) (ScriptedImporter) -> (artifact id: 'd0cfef9c543a533aa65a6fc3a5f61b3f') in 0.0179203 seconds
Number of updated asset objects reloaded before import = 0Number of asset objects unloaded after import = 1

========================================================================
Received Import Request.
  Time since last request: 0.000021 seconds.
  path: Assets/Settings/SampleSceneProfile.asset
  artifactKey: Guid(10fc4df2da32a41aaa32d77bc913491c) Importer(2089858483,192608db42251d675da83286b1cce702)
Start importing Assets/Settings/SampleSceneProfile.asset using Guid(10fc4df2da32a41aaa32d77bc913491c) Importer(2089858483,192608db42251d675da83286b1cce702) (ScriptedImporter) -> (artifact id: '71960df95af75f1e6b349c6c7b4ab63e') in 0.0193286 seconds
Number of updated asset objects reloaded before import = 0Number of asset objects unloaded after import = 1

========================================================================
Received Import Request.
  Time since last request: 0.000020 seconds.
  path: Assets/02_Scripts/Enemy/EnemyDog.cs
  artifactKey: Guid(dac2581d1ee07d340bc9246794498887) Importer(2089858483,192608db42251d675da83286b1cce702)
Start importing Assets/02_Scripts/Enemy/EnemyDog.cs using Guid(dac2581d1ee07d340bc9246794498887) Importer(2089858483,192608db42251d675da83286b1cce702) (ScriptedImporter) -> (artifact id: '88adbdc8d763e2c0556e2ca3c922ce55') in 0.0111778 seconds
Number of updated asset objects reloaded before import = 0Number of asset objects unloaded after import = 0

========================================================================
Received Import Request.
  Time since last request: 0.000029 seconds.
  path: Assets/TextMesh Pro/Shaders/TMP_SDF-HDRP LIT.shadergraph
  artifactKey: Guid(ca2ed216f98028c4dae6c5224a952b3c) Importer(2089858483,192608db42251d675da83286b1cce702)
Start importing Assets/TextMesh Pro/Shaders/TMP_SDF-HDRP LIT.shadergraph using Guid(ca2ed216f98028c4dae6c5224a952b3c) Importer(2089858483,192608db42251d675da83286b1cce702) (ScriptedImporter) -> (artifact id: '3eb3cc25878d9b63ae66f50d193137f8') in 0.0209907 seconds
Number of updated asset objects reloaded before import = 0Number of asset objects unloaded after import = 3

========================================================================
Received Import Request.
  Time since last request: 0.000016 seconds.
  path: Assets/01_Prefabs/Puzzle_Tragaperras/princesaSlot1.jpg
  artifactKey: Guid(9cb178e828cf8d6468453ae9a3c6dd16) Importer(2089858483,192608db42251d675da83286b1cce702)
Start importing Assets/01_Prefabs/Puzzle_Tragaperras/princesaSlot1.jpg using Guid(9cb178e828cf8d6468453ae9a3c6dd16) Importer(2089858483,192608db42251d675da83286b1cce702) (ScriptedImporter) -> (artifact id: '18cce686087682f8d1d58dc5fc690939') in 0.0217044 seconds
Number of updated asset objects reloaded before import = 0Number of asset objects unloaded after import = 3

========================================================================
Received Import Request.
  Time since last request: 0.000017 seconds.
  path: Assets/05_Materials/Cocina/fondo-de-azulejos-de-hormigon.jpg
  artifactKey: Guid(24e799fd3a73efe46b47bee7d9151150) Importer(2089858483,192608db42251d675da83286b1cce702)
Start importing Assets/05_Materials/Cocina/fondo-de-azulejos-de-hormigon.jpg using Guid(24e799fd3a73efe46b47bee7d9151150) Importer(2089858483,192608db42251d675da83286b1cce702) (ScriptedImporter) -> (artifact id: '2f0c6839732f87cff5e5941ceaf82c92') in 0.0254306 seconds
Number of updated asset objects reloaded before import = 0Number of asset objects unloaded after import = 1

========================================================================
Received Import Request.
  Time since last request: 0.000016 seconds.
  path: Assets/05_Materials/Azul.mat
  artifactKey: Guid(b8041cd04b35df946bb18d68a947fcaa) Importer(2089858483,192608db42251d675da83286b1cce702)
Start importing Assets/05_Materials/Azul.mat using Guid(b8041cd04b35df946bb18d68a947fcaa) Importer(2089858483,192608db42251d675da83286b1cce702) (ScriptedImporter) -> (artifact id: '133f5984edb9c3e6f9695f7b0223602e') in 0.0112784 seconds
Number of updated asset objects reloaded before import = 0Number of asset objects unloaded after import = 1

========================================================================
Received Import Request.
  Time since last request: 0.000015 seconds.
  path: Assets/00_Scenes/Scenas pruebas/ScenePablo.unity
  artifactKey: Guid(915e4aecff9901844b5ebfda0b5e36ed) Importer(2089858483,192608db42251d675da83286b1cce702)
Start importing Assets/00_Scenes/Scenas pruebas/ScenePablo.unity using Guid(915e4aecff9901844b5ebfda0b5e36ed) Importer(2089858483,192608db42251d675da83286b1cce702) (ScriptedImporter) -> (artifact id: '0012045396d964d5599ed9f3b93f071b') in 0.0184762 seconds
Number of updated asset objects reloaded before import = 0Number of asset objects unloaded after import = 1

========================================================================
Received Import Request.
  Time since last request: 0.000018 seconds.
  path: Assets/00_Scenes/Scenas pruebas/SceneAle.unity
  artifactKey: Guid(442cc0283f3599a46bd21c0f03e43dd0) Importer(2089858483,192608db42251d675da83286b1cce702)
Start importing Assets/00_Scenes/Scenas pruebas/SceneAle.unity using Guid(442cc0283f3599a46bd21c0f03e43dd0) Importer(2089858483,192608db42251d675da83286b1cce702) (ScriptedImporter) -> (artifact id: 'f1d591a1e6871a61d39eb1e947b41a55') in 0.0107258 seconds
Number of updated asset objects reloaded before import = 0Number of asset objects unloaded after import = 1

========================================================================
Received Import Request.
  Time since last request: 0.000026 seconds.
  path: Assets/TextMesh Pro/Shaders/TMP_SDF-HDRP UNLIT.shadergraph
  artifactKey: Guid(f63d574838ccfb44f84acc05fed0af48) Importer(2089858483,192608db42251d675da83286b1cce702)
Start importing Assets/TextMesh Pro/Shaders/TMP_SDF-HDRP UNLIT.shadergraph using Guid(f63d574838ccfb44f84acc05fed0af48) Importer(2089858483,192608db42251d675da83286b1cce702) (ScriptedImporter) -> (artifact id: '952adf497cac8941bdd2edb3ecb13b63') in 0.0218397 seconds
Number of updated asset objects reloaded before import = 0Number of asset objects unloaded after import = 3

========================================================================
Received Import Request.
  Time since last request: 0.000015 seconds.
  path: Assets/01_Prefabs/Enemys/Pared (3).prefab
  artifactKey: Guid(866228d3617394142ba625c21cde1836) Importer(2089858483,192608db42251d675da83286b1cce702)
Start importing Assets/01_Prefabs/Enemys/Pared (3).prefab using Guid(866228d3617394142ba625c21cde1836) Importer(2089858483,192608db42251d675da83286b1cce702) (ScriptedImporter) -> (artifact id: '8c72ed89f1484815d3505ff57173e632') in 0.0256339 seconds
Number of updated asset objects reloaded before import = 0Number of asset objects unloaded after import = 7

========================================================================
Received Import Request.
  Time since last request: 0.000013 seconds.
  path: Assets/06_Models/ChorizoModel/ChorizoModel.fbx
  artifactKey: Guid(f323a2ebd1880d74284ac50ae11cbb2a) Importer(2089858483,192608db42251d675da83286b1cce702)
Start importing Assets/06_Models/ChorizoModel/ChorizoModel.fbx using Guid(f323a2ebd1880d74284ac50ae11cbb2a) Importer(2089858483,192608db42251d675da83286b1cce702) (ScriptedImporter) -> (artifact id: 'eba5ccc73f4127f4b75cab86a6d98039') in 0.0413186 seconds
Number of updated asset objects reloaded before import = 0Number of asset objects unloaded after import = 19

========================================================================
Received Import Request.
  Time since last request: 0.000017 seconds.
  path: Assets/06_Models/ChorizoModel/ChorizoRevampAnimTODO.fbx
  artifactKey: Guid(2af8517a4f69fd9459d4ebe1d5387dbe) Importer(2089858483,192608db42251d675da83286b1cce702)
Start importing Assets/06_Models/ChorizoModel/ChorizoRevampAnimTODO.fbx using Guid(2af8517a4f69fd9459d4ebe1d5387dbe) Importer(2089858483,192608db42251d675da83286b1cce702) (ScriptedImporter) -> (artifact id: '3e2ebfadc13be3c07d38c6974486d026') in 0.075003 seconds
Number of updated asset objects reloaded before import = 0Number of asset objects unloaded after import = 193

========================================================================
Received Import Request.
  Time since last request: 0.000027 seconds.
  path: Assets/00_Scenes/Scenas pruebas/Scenes Pablo/Energias/Material/MAT_ButtonEnergy_Yellow.mat
  artifactKey: Guid(b6a781e5185fca54880e2993e541ffdc) Importer(2089858483,192608db42251d675da83286b1cce702)
Start importing Assets/00_Scenes/Scenas pruebas/Scenes Pablo/Energias/Material/MAT_ButtonEnergy_Yellow.mat using Guid(b6a781e5185fca54880e2993e541ffdc) Importer(2089858483,192608db42251d675da83286b1cce702) (ScriptedImporter) -> (artifact id: '9b298d1513e3df44470d0e63ceb2c4be') in 0.0162551 seconds
Number of updated asset objects reloaded before import = 0Number of asset objects unloaded after import = 1

========================================================================
Received Import Request.
  Time since last request: 0.000045 seconds.
  path: Assets/00_Scenes/Scenes Mauricio/Materials/tripo_image_894776dc_0.mat
  artifactKey: Guid(e73064a7dae5ef54cab334f4a5c02676) Importer(2089858483,192608db42251d675da83286b1cce702)
Start importing Assets/00_Scenes/Scenes Mauricio/Materials/tripo_image_894776dc_0.mat using Guid(e73064a7dae5ef54cab334f4a5c02676) Importer(2089858483,192608db42251d675da83286b1cce702) (ScriptedImporter) -> (artifact id: '300aa72f7e8abc4e8d940a483368cd08') in 0.0289392 seconds
Number of updated asset objects reloaded before import = 0Number of asset objects unloaded after import = 2

========================================================================
Received Import Request.
  Time since last request: 0.000017 seconds.
  path: Assets/05_Materials/Cocina/Materials/806.mat
  artifactKey: Guid(50f9ebd990df2a84cb98cd5254c0598c) Importer(2089858483,192608db42251d675da83286b1cce702)
Start importing Assets/05_Materials/Cocina/Materials/806.mat using Guid(50f9ebd990df2a84cb98cd5254c0598c) Importer(2089858483,192608db42251d675da83286b1cce702) (ScriptedImporter) -> (artifact id: '35c28ddb6da7a44782378b699db4e8dc') in 0.0174365 seconds
Number of updated asset objects reloaded before import = 0Number of asset objects unloaded after import = 2

========================================================================
Received Import Request.
  Time since last request: 0.000017 seconds.
  path: Assets/00_Scenes/Scenas pruebas/Scenes Pablo/Electricidad/Scripts/InteractableScreen.cs
  artifactKey: Guid(ae67ca7433f09d5409ca4800f3a6f7d6) Importer(2089858483,192608db42251d675da83286b1cce702)
Start importing Assets/00_Scenes/Scenas pruebas/Scenes Pablo/Electricidad/Scripts/InteractableScreen.cs using Guid(ae67ca7433f09d5409ca4800f3a6f7d6) Importer(2089858483,192608db42251d675da83286b1cce702) (ScriptedImporter) -> (artifact id: '6af4731569c9df46103f9c64a76c86c6') in 0.0201723 seconds
Number of updated asset objects reloaded before import = 0Number of asset objects unloaded after import = 0

========================================================================
Received Import Request.
  Time since last request: 0.000031 seconds.
  path: Assets/TutorialInfo/Icons/URP.png
  artifactKey: Guid(727a75301c3d24613a3ebcec4a24c2c8) Importer(2089858483,192608db42251d675da83286b1cce702)
Start importing Assets/TutorialInfo/Icons/URP.png using Guid(727a75301c3d24613a3ebcec4a24c2c8) Importer(2089858483,192608db42251d675da83286b1cce702) (ScriptedImporter) -> (artifact id: 'ef0987eaea1f362de502f3d3c80d6e6d') in 0.0186868 seconds
Number of updated asset objects reloaded before import = 0Number of asset objects unloaded after import = 1

========================================================================
Received Import Request.
  Time since last request: 0.000040 seconds.
  path: Assets/TextMesh Pro/Resources/Style Sheets/Default Style Sheet.asset
  artifactKey: Guid(f952c082cb03451daed3ee968ac6c63e) Importer(2089858483,192608db42251d675da83286b1cce702)
Start importing Assets/TextMesh Pro/Resources/Style Sheets/Default Style Sheet.asset using Guid(f952c082cb03451daed3ee968ac6c63e) Importer(2089858483,192608db42251d675da83286b1cce702) (ScriptedImporter) -> (artifact id: '5b5123c565592963736ed3934d5d0b72') in 0.0144108 seconds
Number of updated asset objects reloaded before import = 0Number of asset objects unloaded after import = 1

========================================================================
Received Import Request.
  Time since last request: 0.000036 seconds.
  path: Assets/TextMesh Pro/Resources/Fonts & Materials/LiberationSans SDF - Fallback.asset
  artifactKey: Guid(2e498d1c8094910479dc3e1b768306a4) Importer(2089858483,192608db42251d675da83286b1cce702)
Start importing Assets/TextMesh Pro/Resources/Fonts & Materials/LiberationSans SDF - Fallback.asset using Guid(2e498d1c8094910479dc3e1b768306a4) Importer(2089858483,192608db42251d675da83286b1cce702) (ScriptedImporter) -> (artifact id: 'a0f2aaaea5a543964fcafe0945881b14') in 0.0372234 seconds
Number of updated asset objects reloaded before import = 0Number of asset objects unloaded after import = 5

========================================================================
Received Import Request.
  Time since last request: 0.000017 seconds.
  path: Assets/00_Scenes/Scenes Mauricio/Puzzle_Memory/ReflectionProbe-0.exr
  artifactKey: Guid(550323b8a480ad048b3a60bd994409e5) Importer(2089858483,192608db42251d675da83286b1cce702)
Start importing Assets/00_Scenes/Scenes Mauricio/Puzzle_Memory/ReflectionProbe-0.exr using Guid(550323b8a480ad048b3a60bd994409e5) Importer(2089858483,192608db42251d675da83286b1cce702) (ScriptedImporter) -> (artifact id: '7529fec0c3076d8dcfbfafb12991677e') in 0.0269976 seconds
Number of updated asset objects reloaded before import = 0Number of asset objects unloaded after import = 1

========================================================================
Received Import Request.
  Time since last request: 0.000023 seconds.
  path: Assets/00_Scenes/Scenas pruebas/Scenes Pablo/Energias/Scripts/EnergyButtonFX.cs
  artifactKey: Guid(f43ddbf65575a954fb0e1c213f23f8bc) Importer(2089858483,192608db42251d675da83286b1cce702)
Start importing Assets/00_Scenes/Scenas pruebas/Scenes Pablo/Energias/Scripts/EnergyButtonFX.cs using Guid(f43ddbf65575a954fb0e1c213f23f8bc) Importer(2089858483,192608db42251d675da83286b1cce702) (ScriptedImporter) -> (artifact id: '71c66bc4847da67d727286aad281c37a') in 0.0139233 seconds
Number of updated asset objects reloaded before import = 0Number of asset objects unloaded after import = 0

========================================================================
Received Import Request.
  Time since last request: 0.000018 seconds.
  path: Assets/00_Scenes/Scenas pruebas/Scenes Pablo/Energias/Scripts/ItemUIManager.cs
  artifactKey: Guid(8c9dcc9977ec34443857b51f263c863a) Importer(2089858483,192608db42251d675da83286b1cce702)
Start importing Assets/00_Scenes/Scenas pruebas/Scenes Pablo/Energias/Scripts/ItemUIManager.cs using Guid(8c9dcc9977ec34443857b51f263c863a) Importer(2089858483,192608db42251d675da83286b1cce702) (ScriptedImporter) -> (artifact id: '396fe55a1c613a40f94e4dcce0f1b08e') in 0.0141682 seconds
Number of updated asset objects reloaded before import = 0Number of asset objects unloaded after import = 0

========================================================================
Received Import Request.
  Time since last request: 0.000021 seconds.
  path: Assets/00_Scenes/Scenas pruebas/Scenes Pablo/Electricidad/Scripts/CircuitPuzzleController.cs
  artifactKey: Guid(68e6202801cefa64faa5a8ae38ae7fb3) Importer(2089858483,192608db42251d675da83286b1cce702)
Start importing Assets/00_Scenes/Scenas pruebas/Scenes Pablo/Electricidad/Scripts/CircuitPuzzleController.cs using Guid(68e6202801cefa64faa5a8ae38ae7fb3) Importer(2089858483,192608db42251d675da83286b1cce702) (ScriptedImporter) -> (artifact id: '45c9ed723317645b2b4a15f7a4f979d2') in 0.0141885 seconds
Number of updated asset objects reloaded before import = 0Number of asset objects unloaded after import = 0

========================================================================
Received Import Request.
  Time since last request: 0.000030 seconds.
  path: Assets/00_Scenes/Scenas pruebas/Scenes Pablo/Energias/Scripts/BackgroundFX.cs
  artifactKey: Guid(a769fae6a8df916408ae34e23ecc741e) Importer(2089858483,192608db42251d675da83286b1cce702)
Start importing Assets/00_Scenes/Scenas pruebas/Scenes Pablo/Energias/Scripts/BackgroundFX.cs using Guid(a769fae6a8df916408ae34e23ecc741e) Importer(2089858483,192608db42251d675da83286b1cce702) (ScriptedImporter) -> (artifact id: '9b753beaf3f592eac6e13069a35ac10a') in 0.0143275 seconds
Number of updated asset objects reloaded before import = 0Number of asset objects unloaded after import = 0

========================================================================
Received Import Request.
  Time since last request: 0.000020 seconds.
  path: Assets/TutorialInfo/Scripts/Readme.cs
  artifactKey: Guid(fcf7219bab7fe46a1ad266029b2fee19) Importer(2089858483,192608db42251d675da83286b1cce702)
Start importing Assets/TutorialInfo/Scripts/Readme.cs using Guid(fcf7219bab7fe46a1ad266029b2fee19) Importer(2089858483,192608db42251d675da83286b1cce702) (ScriptedImporter) -> (artifact id: 'a7d2428a88c4dc9c02f574566d30e0c5') in 0.011787 seconds
Number of updated asset objects reloaded before import = 0Number of asset objects unloaded after import = 0

========================================================================
Received Import Request.
  Time since last request: 0.000031 seconds.
  path: Assets/00_Scenes/Scenas pruebas/Scenes Pablo/Transicion/Scena2Prueba.unity
  artifactKey: Guid(8ef6f89cd5229aa4b8e39eba17d9cb21) Importer(2089858483,192608db42251d675da83286b1cce702)
Start importing Assets/00_Scenes/Scenas pruebas/Scenes Pablo/Transicion/Scena2Prueba.unity using Guid(8ef6f89cd5229aa4b8e39eba17d9cb21) Importer(2089858483,192608db42251d675da83286b1cce702) (ScriptedImporter) -> (artifact id: 'cd29a9b2ea25a0f4fa9a39c46b19db87') in 0.0187122 seconds
Number of updated asset objects reloaded before import = 0Number of asset objects unloaded after import = 1

========================================================================
Received Import Request.
  Time since last request: 0.000019 seconds.
  path: Assets/00_Scenes/Scenas pruebas/Scenes Pablo/Sprites/ui_frame_9slice.webp
  artifactKey: Guid(8c4b3ec72947fe44096c04f5197df000) Importer(2089858483,192608db42251d675da83286b1cce702)
Start importing Assets/00_Scenes/Scenas pruebas/Scenes Pablo/Sprites/ui_frame_9slice.webp using Guid(8c4b3ec72947fe44096c04f5197df000) Importer(2089858483,192608db42251d675da83286b1cce702) (ScriptedImporter) -> (artifact id: '358827258e57742dd6389ef8b583eca2') in 0.0133922 seconds
Number of updated asset objects reloaded before import = 0Number of asset objects unloaded after import = 1

========================================================================
Received Import Request.
  Time since last request: 0.000016 seconds.
  path: Assets/00_Scenes/Scenes Mauricio/LamparaLuces.fbm/tripo_image_894776dc_0.jpg
  artifactKey: Guid(668904986f19c3249986911ebc90ded1) Importer(2089858483,192608db42251d675da83286b1cce702)
Start importing Assets/00_Scenes/Scenes Mauricio/LamparaLuces.fbm/tripo_image_894776dc_0.jpg using Guid(668904986f19c3249986911ebc90ded1) Importer(2089858483,192608db42251d675da83286b1cce702) (ScriptedImporter) -> (artifact id: '3d864e913056bb05537c3a343eddfe05') in 0.0209423 seconds
Number of updated asset objects reloaded before import = 0Number of asset objects unloaded after import = 1

========================================================================
Received Import Request.
  Time since last request: 0.000021 seconds.
  path: Assets/00_Scenes/Scenas pruebas/Scenes Pablo/Scripts/Rover.cs
  artifactKey: Guid(2f79f04fda30e0e4084d845e33a405f9) Importer(2089858483,192608db42251d675da83286b1cce702)
Start importing Assets/00_Scenes/Scenas pruebas/Scenes Pablo/Scripts/Rover.cs using Guid(2f79f04fda30e0e4084d845e33a405f9) Importer(2089858483,192608db42251d675da83286b1cce702) (ScriptedImporter) -> (artifact id: 'aad76f6a99bc7e233ac8a58b1dc19666') in 0.0155337 seconds
Number of updated asset objects reloaded before import = 0Number of asset objects unloaded after import = 0

========================================================================
Received Import Request.
  Time since last request: 0.000031 seconds.
  path: Assets/01_Prefabs/ObjectsPuzzleMemory/PuzzleMemory/StarButton.prefab
  artifactKey: Guid(8782fca65c6902a4694954f97db730ca) Importer(2089858483,192608db42251d675da83286b1cce702)
Start importing Assets/01_Prefabs/ObjectsPuzzleMemory/PuzzleMemory/StarButton.prefab using Guid(8782fca65c6902a4694954f97db730ca) Importer(2089858483,192608db42251d675da83286b1cce702) (ScriptedImporter) -> (artifact id: '6c54da11f1a629fdb7f0ecb298a8426b') in 0.0456724 seconds
Number of updated asset objects reloaded before import = 0Number of asset objects unloaded after import = 9

========================================================================
Received Import Request.
  Time since last request: 0.000019 seconds.
  path: Assets/00_Scenes/Scenas pruebas/Scenes Pablo/Energias/Shaders/ShaderFondo.mat
  artifactKey: Guid(417d7e3cb03e2114dbfa5ce4b3998a0c) Importer(2089858483,192608db42251d675da83286b1cce702)
Start importing Assets/00_Scenes/Scenas pruebas/Scenes Pablo/Energias/Shaders/ShaderFondo.mat using Guid(417d7e3cb03e2114dbfa5ce4b3998a0c) Importer(2089858483,192608db42251d675da83286b1cce702) (ScriptedImporter) -> (artifact id: 'e77d7f1867ded5df524096ad6aab834b') in 0.0167153 seconds
Number of updated asset objects reloaded before import = 0Number of asset objects unloaded after import = 6

========================================================================
Received Import Request.
  Time since last request: 0.000031 seconds.
  path: Assets/00_Scenes/Scenas pruebas/Scenes Pablo/ShadersPowerUps/ShadersPower/Mostaza.png
  artifactKey: Guid(3dc7d215c97604c459a19a4641121b3c) Importer(2089858483,192608db42251d675da83286b1cce702)
Start importing Assets/00_Scenes/Scenas pruebas/Scenes Pablo/ShadersPowerUps/ShadersPower/Mostaza.png using Guid(3dc7d215c97604c459a19a4641121b3c) Importer(2089858483,192608db42251d675da83286b1cce702) (ScriptedImporter) -> (artifact id: '5d9bc388a1fdc3ce1ec552387daa80f8') in 0.0277962 seconds
Number of updated asset objects reloaded before import = 0Number of asset objects unloaded after import = 1

========================================================================
Received Import Request.
  Time since last request: 0.000017 seconds.
  path: Assets/00_Scenes/Scenas pruebas/Scenes Pablo/Energias/UI/fondo.mat
  artifactKey: Guid(6e71344f4fb7a7f47b8903bed66131f6) Importer(2089858483,192608db42251d675da83286b1cce702)
Start importing Assets/00_Scenes/Scenas pruebas/Scenes Pablo/Energias/UI/fondo.mat using Guid(6e71344f4fb7a7f47b8903bed66131f6) Importer(2089858483,192608db42251d675da83286b1cce702) (ScriptedImporter) -> (artifact id: '9fa94b401a8148efd9a8cd7c003e744a') in 0.0169427 seconds
Number of updated asset objects reloaded before import = 0Number of asset objects unloaded after import = 3

========================================================================
Received Import Request.
  Time since last request: 0.000023 seconds.
  path: Assets/TutorialInfo/Scripts/Editor/ReadmeEditor.cs
  artifactKey: Guid(476cc7d7cd9874016adc216baab94a0a) Importer(2089858483,192608db42251d675da83286b1cce702)
Start importing Assets/TutorialInfo/Scripts/Editor/ReadmeEditor.cs using Guid(476cc7d7cd9874016adc216baab94a0a) Importer(2089858483,192608db42251d675da83286b1cce702) (ScriptedImporter) -> (artifact id: '782bcfa4a134118548fcbbb2ed47af7f') in 0.0129584 seconds
Number of updated asset objects reloaded before import = 0Number of asset objects unloaded after import = 0

========================================================================
Received Import Request.
  Time since last request: 0.000033 seconds.
  path: Assets/00_Scenes/Scenas pruebas/Scenes Pablo/Energias/Material/Trail_Energy_Yellow.mat
  artifactKey: Guid(44dd4f2e567ddeb49be96dc1a848d32b) Importer(2089858483,192608db42251d675da83286b1cce702)
Start importing Assets/00_Scenes/Scenas pruebas/Scenes Pablo/Energias/Material/Trail_Energy_Yellow.mat using Guid(44dd4f2e567ddeb49be96dc1a848d32b) Importer(2089858483,192608db42251d675da83286b1cce702) (ScriptedImporter) -> (artifact id: '049c4480a7a6657e05c61d74d98b561d') in 0.0163091 seconds
Number of updated asset objects reloaded before import = 0Number of asset objects unloaded after import = 2

========================================================================
Received Import Request.
  Time since last request: 0.000020 seconds.
  path: Assets/00_Scenes/Scenas pruebas/Scenes Pablo/Scripts/GridMap.cs
  artifactKey: Guid(c9b761e3065d45e4a8a9ad626deabbae) Importer(2089858483,192608db42251d675da83286b1cce702)
Start importing Assets/00_Scenes/Scenas pruebas/Scenes Pablo/Scripts/GridMap.cs using Guid(c9b761e3065d45e4a8a9ad626deabbae) Importer(2089858483,192608db42251d675da83286b1cce702) (ScriptedImporter) -> (artifact id: 'a743afd61643102f506ce3ddbe8100aa') in 0.0141728 seconds
Number of updated asset objects reloaded before import = 0Number of asset objects unloaded after import = 0

========================================================================
Received Import Request.
  Time since last request: 0.000048 seconds.
  path: Assets/00_Scenes/Scenas pruebas/Scenes Pablo/Scripts/GridAnchor.cs
  artifactKey: Guid(5506a3257c2096c4b8b5ff5973a20a4d) Importer(2089858483,192608db42251d675da83286b1cce702)
Start importing Assets/00_Scenes/Scenas pruebas/Scenes Pablo/Scripts/GridAnchor.cs using Guid(5506a3257c2096c4b8b5ff5973a20a4d) Importer(2089858483,192608db42251d675da83286b1cce702) (ScriptedImporter) -> (artifact id: '9a0a3f55c0ff35b498fcc100a49d6232') in 0.0136995 seconds
Number of updated asset objects reloaded before import = 0Number of asset objects unloaded after import = 0

========================================================================
Received Import Request.
  Time since last request: 0.000021 seconds.
  path: Assets/05_Materials/Cocina/Materials/cuchara-de-cocina-y-tenedor-para-colgar-en-la-pared.mat
  artifactKey: Guid(52243735a70606e469332c90ed52bf46) Importer(2089858483,192608db42251d675da83286b1cce702)
Start importing Assets/05_Materials/Cocina/Materials/cuchara-de-cocina-y-tenedor-para-colgar-en-la-pared.mat using Guid(52243735a70606e469332c90ed52bf46) Importer(2089858483,192608db42251d675da83286b1cce702) (ScriptedImporter) -> (artifact id: 'e3061dbd006dd0daf534c81d7035fbd2') in 0.0150784 seconds
Number of updated asset objects reloaded before import = 0Number of asset objects unloaded after import = 1

========================================================================
Received Import Request.
  Time since last request: 0.000019 seconds.
  path: Assets/00_Scenes/Scenas pruebas/Scenes Pablo/Energias/Scripts/EnergyEffectManager.cs
  artifactKey: Guid(a12f0de10a68cba4d83b43d64d11aff5) Importer(2089858483,192608db42251d675da83286b1cce702)
Start importing Assets/00_Scenes/Scenas pruebas/Scenes Pablo/Energias/Scripts/EnergyEffectManager.cs using Guid(a12f0de10a68cba4d83b43d64d11aff5) Importer(2089858483,192608db42251d675da83286b1cce702) (ScriptedImporter) -> (artifact id: '9903f310c3eb4826ec78b037fcf40941') in 0.0169364 seconds
Number of updated asset objects reloaded before import = 0Number of asset objects unloaded after import = 0

========================================================================
Received Import Request.
  Time since last request: 0.000025 seconds.
  path: Assets/00_Scenes/Scenas pruebas/Scenes Pablo/Scripts/CommandSlotUI.cs
  artifactKey: Guid(93e1cee3a670125439e95209dac08524) Importer(2089858483,192608db42251d675da83286b1cce702)
Start importing Assets/00_Scenes/Scenas pruebas/Scenes Pablo/Scripts/CommandSlotUI.cs using Guid(93e1cee3a670125439e95209dac08524) Importer(2089858483,192608db42251d675da83286b1cce702) (ScriptedImporter) -> (artifact id: '507eb4d2ca941c4506cf46399d4d4995') in 0.011821 seconds
Number of updated asset objects reloaded before import = 0Number of asset objects unloaded after import = 0

========================================================================
Received Import Request.
  Time since last request: 0.000035 seconds.
  path: Assets/00_Scenes/Scenas pruebas/Scenes Pablo/Energias/ScriptableObjects/Energias/Ronda Solar.asset
  artifactKey: Guid(10bce85c1abefa94ab8ba5b86d54b6a5) Importer(2089858483,192608db42251d675da83286b1cce702)
Start importing Assets/00_Scenes/Scenas pruebas/Scenes Pablo/Energias/ScriptableObjects/Energias/Ronda Solar.asset using Guid(10bce85c1abefa94ab8ba5b86d54b6a5) Importer(2089858483,192608db42251d675da83286b1cce702) (ScriptedImporter) -> (artifact id: '120c56b17d35e01e295ca283e5faf4eb') in 0.0167657 seconds
Number of updated asset objects reloaded before import = 0Number of asset objects unloaded after import = 1

========================================================================
Received Import Request.
  Time since last request: 0.000016 seconds.
  path: Assets/00_Scenes/Scenas pruebas/Scenes Pablo/Energias/Scripts/Audio/EnergyAudioManager.cs
  artifactKey: Guid(a4ba65bfd6b46a043b0db4c33c6731c7) Importer(2089858483,192608db42251d675da83286b1cce702)
Start importing Assets/00_Scenes/Scenas pruebas/Scenes Pablo/Energias/Scripts/Audio/EnergyAudioManager.cs using Guid(a4ba65bfd6b46a043b0db4c33c6731c7) Importer(2089858483,192608db42251d675da83286b1cce702) (ScriptedImporter) -> (artifact id: '9803f81384cfd89cf860475ebdd3dbf6') in 0.0142073 seconds
Number of updated asset objects reloaded before import = 0Number of asset objects unloaded after import = 0

========================================================================
Received Import Request.
  Time since last request: 0.000017 seconds.
  path: Assets/Plugins/Demigiant/DOTween/Editor/Imgs/DOTweenMiniIcon.png
  artifactKey: Guid(61521df2e071645488ba3d05e49289ae) Importer(2089858483,192608db42251d675da83286b1cce702)
Start importing Assets/Plugins/Demigiant/DOTween/Editor/Imgs/DOTweenMiniIcon.png using Guid(61521df2e071645488ba3d05e49289ae) Importer(2089858483,192608db42251d675da83286b1cce702) (ScriptedImporter) -> (artifact id: 'b66979d2771f6fe645de79ba9fd6dfab') in 0.0292739 seconds
Number of updated asset objects reloaded before import = 0Number of asset objects unloaded after import = 1

========================================================================
Received Import Request.
  Time since last request: 0.000015 seconds.
  path: Assets/00_Scenes/Scenas pruebas/Scenes Pablo/Energias/ScriptableObjects/Energias/Eclipse del Caos.asset
  artifactKey: Guid(cfe44d8fea73b464bb5bb568d87327ab) Importer(2089858483,192608db42251d675da83286b1cce702)
Start importing Assets/00_Scenes/Scenas pruebas/Scenes Pablo/Energias/ScriptableObjects/Energias/Eclipse del Caos.asset using Guid(cfe44d8fea73b464bb5bb568d87327ab) Importer(2089858483,192608db42251d675da83286b1cce702) (ScriptedImporter) -> (artifact id: '72fff91aca5cfe09331b75658017d412') in 0.0152974 seconds
Number of updated asset objects reloaded before import = 0Number of asset objects unloaded after import = 1

========================================================================
Received Import Request.
  Time since last request: 0.000019 seconds.
  path: Assets/00_Scenes/Scenas pruebas/Scenes Pablo/Energias/ScriptableObjects/Items/Nucleo Solar.asset
  artifactKey: Guid(3e7120fe5201df04fb9c323debd8c4fb) Importer(2089858483,192608db42251d675da83286b1cce702)
Start importing Assets/00_Scenes/Scenas pruebas/Scenes Pablo/Energias/ScriptableObjects/Items/Nucleo Solar.asset using Guid(3e7120fe5201df04fb9c323debd8c4fb) Importer(2089858483,192608db42251d675da83286b1cce702) (ScriptedImporter) -> (artifact id: '50640a1c36913565fa20e8901f84d0a3') in 0.0208786 seconds
Number of updated asset objects reloaded before import = 0Number of asset objects unloaded after import = 1

========================================================================
Received Import Request.
  Time since last request: 0.000032 seconds.
  path: Assets/00_Scenes/Scenas pruebas/Scenes Pablo/Energias/ScriptableObjects/RoundItems/Ronda Tormenta Azul.asset
  artifactKey: Guid(1b62fab4fe67ad0468e9e6e7d96f2c43) Importer(2089858483,192608db42251d675da83286b1cce702)
Start importing Assets/00_Scenes/Scenas pruebas/Scenes Pablo/Energias/ScriptableObjects/RoundItems/Ronda Tormenta Azul.asset using Guid(1b62fab4fe67ad0468e9e6e7d96f2c43) Importer(2089858483,192608db42251d675da83286b1cce702) (ScriptedImporter) -> (artifact id: '1cac44b5fee6eab6df8d14a5cb68c9c2') in 0.0154664 seconds
Number of updated asset objects reloaded before import = 0Number of asset objects unloaded after import = 1

========================================================================
Received Import Request.
  Time since last request: 0.000034 seconds.
  path: Assets/00_Scenes/Scenas pruebas/Scenes Pablo/Energias/Scripts/EquipMenuManager.cs
  artifactKey: Guid(37942dfb571116044a6154d814f4ff29) Importer(2089858483,192608db42251d675da83286b1cce702)
Start importing Assets/00_Scenes/Scenas pruebas/Scenes Pablo/Energias/Scripts/EquipMenuManager.cs using Guid(37942dfb571116044a6154d814f4ff29) Importer(2089858483,192608db42251d675da83286b1cce702) (ScriptedImporter) -> (artifact id: '7e0b44bdb0cea4eb51b29bdd075793d4') in 0.0138674 seconds
Number of updated asset objects reloaded before import = 0Number of asset objects unloaded after import = 0

========================================================================
Received Import Request.
  Time since last request: 0.000015 seconds.
  path: Assets/Plugins/Demigiant/DOTween/Modules/DOTweenModulePhysics2D.cs
  artifactKey: Guid(230fe34542e175245ba74b4659dae700) Importer(2089858483,192608db42251d675da83286b1cce702)
Start importing Assets/Plugins/Demigiant/DOTween/Modules/DOTweenModulePhysics2D.cs using Guid(230fe34542e175245ba74b4659dae700) Importer(2089858483,192608db42251d675da83286b1cce702) (ScriptedImporter) -> (artifact id: '11b976739fe6413857138589e356b670') in 0.0149823 seconds
Number of updated asset objects reloaded before import = 0Number of asset objects unloaded after import = 0

========================================================================
Received Import Request.
  Time since last request: 0.000017 seconds.
  path: Assets/00_Scenes/Scenas pruebas/Scenes Pablo/Energias/Material/MAT_ButtonEnergy_Red.mat
  artifactKey: Guid(9e017ae588155df4a9cffebb353de192) Importer(2089858483,192608db42251d675da83286b1cce702)
Start importing Assets/00_Scenes/Scenas pruebas/Scenes Pablo/Energias/Material/MAT_ButtonEnergy_Red.mat using Guid(9e017ae588155df4a9cffebb353de192) Importer(2089858483,192608db42251d675da83286b1cce702) (ScriptedImporter) -> (artifact id: '0310bb9cf5360070e344362ab8676b74') in 0.015322 seconds
Number of updated asset objects reloaded before import = 0Number of asset objects unloaded after import = 1

========================================================================
Received Import Request.
  Time since last request: 0.000019 seconds.
  path: Assets/00_Scenes/Scenas pruebas/Scenes Pablo/Sprites/ui_arrow_up.webp
  artifactKey: Guid(fce6770a4a16a214e8b0b3bfbbfee81f) Importer(2089858483,192608db42251d675da83286b1cce702)
Start importing Assets/00_Scenes/Scenas pruebas/Scenes Pablo/Sprites/ui_arrow_up.webp using Guid(fce6770a4a16a214e8b0b3bfbbfee81f) Importer(2089858483,192608db42251d675da83286b1cce702) (ScriptedImporter) -> (artifact id: 'e73124c64e4dfd31f8d74e363fcdbbb1') in 0.0133829 seconds
Number of updated asset objects reloaded before import = 0Number of asset objects unloaded after import = 1

========================================================================
Received Import Request.
  Time since last request: 0.000020 seconds.
  path: Assets/00_Scenes/Scenas pruebas/Scenes Pablo/Energias/Shaders/ShadersCode/ChaosEnergy_Interactive.shader
  artifactKey: Guid(fb8fc2ca04dd9194a91be8fe4510efe8) Importer(2089858483,192608db42251d675da83286b1cce702)
Start importing Assets/00_Scenes/Scenas pruebas/Scenes Pablo/Energias/Shaders/ShadersCode/ChaosEnergy_Interactive.shader using Guid(fb8fc2ca04dd9194a91be8fe4510efe8) Importer(2089858483,192608db42251d675da83286b1cce702) (ScriptedImporter) -> (artifact id: 'cf3a340c1f140fb0a33b511d60b4d6cb') in 0.0137058 seconds
Number of updated asset objects reloaded before import = 0Number of asset objects unloaded after import = 1

========================================================================
Received Import Request.
  Time since last request: 0.000026 seconds.
  path: Assets/00_Scenes/Scenas pruebas/Scenes Pablo/Energias/Shaders/ShadersCode/WaterElectric_Unlit.shader
  artifactKey: Guid(60751d9fa297fed448c81f2d95978087) Importer(2089858483,192608db42251d675da83286b1cce702)
Start importing Assets/00_Scenes/Scenas pruebas/Scenes Pablo/Energias/Shaders/ShadersCode/WaterElectric_Unlit.shader using Guid(60751d9fa297fed448c81f2d95978087) Importer(2089858483,192608db42251d675da83286b1cce702) (ScriptedImporter) -> (artifact id: '189ebac1f046ccae3f54119e485ca357') in 0.0144457 seconds
Number of updated asset objects reloaded before import = 0Number of asset objects unloaded after import = 1

========================================================================
Received Import Request.
  Time since last request: 0.000017 seconds.
  path: Assets/00_Scenes/Scenas pruebas/Scenes Pablo/Energias/Shaders/ShadersCode/Mat_HeatEnergy_Interactive.mat
  artifactKey: Guid(3b8c03f234f569a46a5c1a441614696e) Importer(2089858483,192608db42251d675da83286b1cce702)
Start importing Assets/00_Scenes/Scenas pruebas/Scenes Pablo/Energias/Shaders/ShadersCode/Mat_HeatEnergy_Interactive.mat using Guid(3b8c03f234f569a46a5c1a441614696e) Importer(2089858483,192608db42251d675da83286b1cce702) (ScriptedImporter) -> (artifact id: 'fd0cf7380d98eebc72d62165e66cf422') in 0.0184818 seconds
Number of updated asset objects reloaded before import = 0Number of asset objects unloaded after import = 1

========================================================================
Received Import Request.
  Time since last request: 0.000017 seconds.
  path: Assets/00_Scenes/Scenas pruebas/Scenes Pablo/Energias/Shaders/ShadersCode/Mat_SolarEnergy_Interactive.mat
  artifactKey: Guid(60309f971467e8849b1f29aeab9c5619) Importer(2089858483,192608db42251d675da83286b1cce702)
Start importing Assets/00_Scenes/Scenas pruebas/Scenes Pablo/Energias/Shaders/ShadersCode/Mat_SolarEnergy_Interactive.mat using Guid(60309f971467e8849b1f29aeab9c5619) Importer(2089858483,192608db42251d675da83286b1cce702) (ScriptedImporter) -> (artifact id: '4a3c558c4bc18b812da198276603270a') in 0.0148248 seconds
Number of updated asset objects reloaded before import = 0Number of asset objects unloaded after import = 1

========================================================================
Received Import Request.
  Time since last request: 0.000024 seconds.
  path: Assets/00_Scenes/Scenas pruebas/Scenes Pablo/Energias/Scripts/Audio/megacombo.mp3
  artifactKey: Guid(90da81cee6d920643bbde5f7e8969a8b) Importer(2089858483,192608db42251d675da83286b1cce702)
Start importing Assets/00_Scenes/Scenas pruebas/Scenes Pablo/Energias/Scripts/Audio/megacombo.mp3 using Guid(90da81cee6d920643bbde5f7e8969a8b) Importer(2089858483,192608db42251d675da83286b1cce702) (ScriptedImporter) -> (artifact id: 'dcd5dc102dcde4a3acec1eab3c8f7e16') in 0.0319507 seconds
Number of updated asset objects reloaded before import = 0Number of asset objects unloaded after import = 1

========================================================================
Received Import Request.
  Time since last request: 0.000022 seconds.
  path: Assets/00_Scenes/Scenas pruebas/Scenes Pablo/Energias/Shaders/ShadersCode/Mat_ChaosEnergy_Interactive.mat
  artifactKey: Guid(d0fe7fc372f4bb6499cb94838966a103) Importer(2089858483,192608db42251d675da83286b1cce702)
Start importing Assets/00_Scenes/Scenas pruebas/Scenes Pablo/Energias/Shaders/ShadersCode/Mat_ChaosEnergy_Interactive.mat using Guid(d0fe7fc372f4bb6499cb94838966a103) Importer(2089858483,192608db42251d675da83286b1cce702) (ScriptedImporter) -> (artifact id: '4d41ed22f3d1add99b9ecc11e8b42959') in 0.0150698 seconds
Number of updated asset objects reloaded before import = 0Number of asset objects unloaded after import = 1

========================================================================
Received Import Request.
  Time since last request: 0.000028 seconds.
  path: Assets/00_Scenes/Scenas pruebas/Scenes Pablo/Energias/Energias/Main Camera Profile.asset
  artifactKey: Guid(4f537442447658647ac4fcb65db1dba1) Importer(2089858483,192608db42251d675da83286b1cce702)
Start importing Assets/00_Scenes/Scenas pruebas/Scenes Pablo/Energias/Energias/Main Camera Profile.asset using Guid(4f537442447658647ac4fcb65db1dba1) Importer(2089858483,192608db42251d675da83286b1cce702) (ScriptedImporter) -> (artifact id: 'e4d310b8087f96414dad5ddc82a6addd') in 0.0133097 seconds
Number of updated asset objects reloaded before import = 0Number of asset objects unloaded after import = 1

========================================================================
Received Import Request.
  Time since last request: 0.000016 seconds.
  path: Assets/00_Scenes/Scenas pruebas/Scenes Pablo/Energias/Scripts/EnergySynergyVisuals.cs
  artifactKey: Guid(d72f200dd8456b24bb50fd8ef0424d8a) Importer(2089858483,192608db42251d675da83286b1cce702)
Start importing Assets/00_Scenes/Scenas pruebas/Scenes Pablo/Energias/Scripts/EnergySynergyVisuals.cs using Guid(d72f200dd8456b24bb50fd8ef0424d8a) Importer(2089858483,192608db42251d675da83286b1cce702) (ScriptedImporter) -> (artifact id: 'e83894025196f1b1583b1bff29c1ef2b') in 0.0129094 seconds
Number of updated asset objects reloaded before import = 0Number of asset objects unloaded after import = 0

========================================================================
Received Import Request.
  Time since last request: 0.088163 seconds.
  path: Assets/00_Scenes/Scenas pruebas/Scenes Pablo/Transicion/Scripts/Animations/CircleShrink.anim
  artifactKey: Guid(ae05a4c4e7115204a84b0d0d7dd1e10f) Importer(2089858483,192608db42251d675da83286b1cce702)
Start importing Assets/00_Scenes/Scenas pruebas/Scenes Pablo/Transicion/Scripts/Animations/CircleShrink.anim using Guid(ae05a4c4e7115204a84b0d0d7dd1e10f) Importer(2089858483,192608db42251d675da83286b1cce702) (ScriptedImporter) -> (artifact id: '478aecea6cd1036734c3c338ead9cff0') in 0.0269104 seconds
Number of updated asset objects reloaded before import = 0Number of asset objects unloaded after import = 1

========================================================================
Received Import Request.
  Time since last request: 0.000023 seconds.
  path: Assets/00_Scenes/Scenas pruebas/Scenes Pablo/Energias/Shaders/ShadersCode/ScriptsShaders/ChaosButtonFX.cs
  artifactKey: Guid(7d8aaab00aee78048bb35d8f2b6734ce) Importer(2089858483,192608db42251d675da83286b1cce702)
Start importing Assets/00_Scenes/Scenas pruebas/Scenes Pablo/Energias/Shaders/ShadersCode/ScriptsShaders/ChaosButtonFX.cs using Guid(7d8aaab00aee78048bb35d8f2b6734ce) Importer(2089858483,192608db42251d675da83286b1cce702) (ScriptedImporter) -> (artifact id: '2de65f340c00308d4c9b90509e80fd1e') in 0.0143625 seconds
Number of updated asset objects reloaded before import = 0Number of asset objects unloaded after import = 0

========================================================================
Received Import Request.
  Time since last request: 0.000049 seconds.
  path: Assets/00_Scenes/Scenas pruebas/Scenes Pablo/Transicion/Scripts/Animations/Fade.controller
  artifactKey: Guid(d56baba045cd8d449a63139fbaa72ea8) Importer(2089858483,192608db42251d675da83286b1cce702)
Start importing Assets/00_Scenes/Scenas pruebas/Scenes Pablo/Transicion/Scripts/Animations/Fade.controller using Guid(d56baba045cd8d449a63139fbaa72ea8) Importer(2089858483,192608db42251d675da83286b1cce702) (ScriptedImporter) -> (artifact id: '13bf76297e0aed38008137fc5573a0dd') in 0.012766 seconds
Number of updated asset objects reloaded before import = 0Number of asset objects unloaded after import = 7

========================================================================
Received Import Request.
  Time since last request: 0.000027 seconds.
  path: Assets/00_Scenes/Scenas pruebas/Scenes Pablo/Energias/Shaders/ShadersCode/ScriptsShaders/SolarButtonFX.cs
  artifactKey: Guid(930134ffe20e8524da11afe362198cb7) Importer(2089858483,192608db42251d675da83286b1cce702)
Start importing Assets/00_Scenes/Scenas pruebas/Scenes Pablo/Energias/Shaders/ShadersCode/ScriptsShaders/SolarButtonFX.cs using Guid(930134ffe20e8524da11afe362198cb7) Importer(2089858483,192608db42251d675da83286b1cce702) (ScriptedImporter) -> (artifact id: 'ae323b0a449cb86db503bd4460181dba') in 0.013139 seconds
Number of updated asset objects reloaded before import = 0Number of asset objects unloaded after import = 0

========================================================================
Received Import Request.
  Time since last request: 0.000019 seconds.
  path: Assets/00_Scenes/Scenas pruebas/Scenes Pablo/Energias/Shaders/ShadersCode/ScriptsShaders/ElectricButtonFX.cs
  artifactKey: Guid(f6745069254be69409aa90ac433171d3) Importer(2089858483,192608db42251d675da83286b1cce702)
Start importing Assets/00_Scenes/Scenas pruebas/Scenes Pablo/Energias/Shaders/ShadersCode/ScriptsShaders/ElectricButtonFX.cs using Guid(f6745069254be69409aa90ac433171d3) Importer(2089858483,192608db42251d675da83286b1cce702) (ScriptedImporter) -> (artifact id: '3468e125717210b6d58bfe0b272b4472') in 0.0119237 seconds
Number of updated asset objects reloaded before import = 0Number of asset objects unloaded after import = 0

========================================================================
Received Import Request.
  Time since last request: 0.000019 seconds.
  path: Assets/00_Scenes/Scenas pruebas/Scenes Pablo/Transicion/Scripts/Animations/FadeOut.anim
  artifactKey: Guid(0395e47291f9183409760b935dbccaea) Importer(2089858483,192608db42251d675da83286b1cce702)
Start importing Assets/00_Scenes/Scenas pruebas/Scenes Pablo/Transicion/Scripts/Animations/FadeOut.anim using Guid(0395e47291f9183409760b935dbccaea) Importer(2089858483,192608db42251d675da83286b1cce702) (ScriptedImporter) -> (artifact id: 'e351039f137ddfa3b62eb0faca7184f5') in 0.0150591 seconds
Number of updated asset objects reloaded before import = 0Number of asset objects unloaded after import = 1

========================================================================
Received Import Request.
  Time since last request: 2.245319 seconds.
  path: Assets/00_Scenes/MainScene/LightingData.asset
  artifactKey: Guid(d31738f4ab53e1b488a5df042d8edd7c) Importer(2089858483,192608db42251d675da83286b1cce702)
Start importing Assets/00_Scenes/MainScene/LightingData.asset using Guid(d31738f4ab53e1b488a5df042d8edd7c) Importer(2089858483,192608db42251d675da83286b1cce702) (ScriptedImporter) -> (artifact id: '3105ed1009001f315eb89dadf073d8c8') in 0.0291031 seconds
Number of updated asset objects reloaded before import = 0Number of asset objects unloaded after import = 2

========================================================================
Received Import Request.
  Time since last request: 0.000020 seconds.
  path: Assets/00_Scenes/Scenes Mauricio/LamparaLuces.fbx
  artifactKey: Guid(32d7ded9ee9254a4bb2dd910d5da585c) Importer(2089858483,192608db42251d675da83286b1cce702)
Start importing Assets/00_Scenes/Scenes Mauricio/LamparaLuces.fbx using Guid(32d7ded9ee9254a4bb2dd910d5da585c) Importer(2089858483,192608db42251d675da83286b1cce702) (ScriptedImporter) -> (artifact id: 'ca438f24e5095cc293853656020d65c0') in 0.0245136 seconds
Number of updated asset objects reloaded before import = 0Number of asset objects unloaded after import = 8

========================================================================
Received Import Request.
  Time since last request: 2.893992 seconds.
  path: Assets/TextMesh Pro/Sprites/EmojiOne Attribution.txt
  artifactKey: Guid(381dcb09d5029d14897e55f98031fca5) Importer(2089858483,192608db42251d675da83286b1cce702)
Start importing Assets/TextMesh Pro/Sprites/EmojiOne Attribution.txt using Guid(381dcb09d5029d14897e55f98031fca5) Importer(2089858483,192608db42251d675da83286b1cce702) (ScriptedImporter) -> (artifact id: '4e4260a3c28a87bca1dfdb7bb6e36889') in 0.0186183 seconds
Number of updated asset objects reloaded before import = 0Number of asset objects unloaded after import = 1

========================================================================
Received Import Request.
  Time since last request: 1.968781 seconds.
  path: Assets/TextMesh Pro/Sprites/EmojiOne.png
  artifactKey: Guid(dffef66376be4fa480fb02b19edbe903) Importer(2089858483,192608db42251d675da83286b1cce702)
Start importing Assets/TextMesh Pro/Sprites/EmojiOne.png using Guid(dffef66376be4fa480fb02b19edbe903) Importer(2089858483,192608db42251d675da83286b1cce702) (ScriptedImporter) -> (artifact id: '62e0d573b11fd520e22e0b371d7b8fdd') in 0.0218197 seconds
Number of updated asset objects reloaded before import = 0Number of asset objects unloaded after import = 1

========================================================================
Received Import Request.
  Time since last request: 0.000015 seconds.
  path: Assets/00_Scenes/Scenas pruebas/Scenes Pablo/Energias/EquipMenu.unity
  artifactKey: Guid(885916c92497bc2439e22e45df782c07) Importer(2089858483,192608db42251d675da83286b1cce702)
Start importing Assets/00_Scenes/Scenas pruebas/Scenes Pablo/Energias/EquipMenu.unity using Guid(885916c92497bc2439e22e45df782c07) Importer(2089858483,192608db42251d675da83286b1cce702) (ScriptedImporter) -> (artifact id: 'e47ad1c55c6f2e3548e8768ba9886ba1') in 0.0234429 seconds
Number of updated asset objects reloaded before import = 0Number of asset objects unloaded after import = 1

========================================================================
Received Import Request.
  Time since last request: 0.000019 seconds.
  path: Assets/00_Scenes/Scenas pruebas/Scenes Pablo/Sprites/ui_badge.webp
  artifactKey: Guid(f1fa7185cfe0cf64bb3a98b58789f4a0) Importer(2089858483,192608db42251d675da83286b1cce702)
Start importing Assets/00_Scenes/Scenas pruebas/Scenes Pablo/Sprites/ui_badge.webp using Guid(f1fa7185cfe0cf64bb3a98b58789f4a0) Importer(2089858483,192608db42251d675da83286b1cce702) (ScriptedImporter) -> (artifact id: 'ed994d1929c262be1edbd3cd0f7d5db4') in 0.0137745 seconds
Number of updated asset objects reloaded before import = 0Number of asset objects unloaded after import = 1

========================================================================
Received Import Request.
  Time since last request: 0.000038 seconds.
  path: Assets/00_Scenes/Scenas pruebas/Scenes Pablo/Minigame_Robot.unity
  artifactKey: Guid(3257b60599384f741bef7deb66234a21) Importer(2089858483,192608db42251d675da83286b1cce702)
Start importing Assets/00_Scenes/Scenas pruebas/Scenes Pablo/Minigame_Robot.unity using Guid(3257b60599384f741bef7deb66234a21) Importer(2089858483,192608db42251d675da83286b1cce702) (ScriptedImporter) -> (artifact id: '5bd9d22b7d0d13bb0d9a755b6f889368') in 0.0333904 seconds
Number of updated asset objects reloaded before import = 0Number of asset objects unloaded after import = 1

========================================================================
Received Import Request.
  Time since last request: 0.000027 seconds.
  path: Assets/00_Scenes/Scenas pruebas/Scenes Pablo/Energias/Energias.unity
  artifactKey: Guid(9b458677403c0364bad4f93e900bee73) Importer(2089858483,192608db42251d675da83286b1cce702)
Start importing Assets/00_Scenes/Scenas pruebas/Scenes Pablo/Energias/Energias.unity using Guid(9b458677403c0364bad4f93e900bee73) Importer(2089858483,192608db42251d675da83286b1cce702) (ScriptedImporter) -> (artifact id: 'bf65a556afa041106d543bc802657aae') in 0.0241458 seconds
Number of updated asset objects reloaded before import = 0Number of asset objects unloaded after import = 1

========================================================================
Received Import Request.
  Time since last request: 0.000020 seconds.
  path: Assets/00_Scenes/Scenas pruebas/Scenes Pablo/Energias/Particles/FireWaterFX.prefab
  artifactKey: Guid(bf2f16f2f8b716f4ba20af2411926233) Importer(2089858483,192608db42251d675da83286b1cce702)
Start importing Assets/00_Scenes/Scenas pruebas/Scenes Pablo/Energias/Particles/FireWaterFX.prefab using Guid(bf2f16f2f8b716f4ba20af2411926233) Importer(2089858483,192608db42251d675da83286b1cce702) (ScriptedImporter) -> (artifact id: 'b2fa99abb471d80d21c25de405c64899') in 0.1150426 seconds
Number of updated asset objects reloaded before import = 0Number of asset objects unloaded after import = 6

========================================================================
Received Import Request.
  Time since last request: 0.000019 seconds.
  path: Assets/00_Scenes/Scenas pruebas/Scenes Pablo/Scripts/multi.mat
  artifactKey: Guid(85175ed20b682734d801e435211721da) Importer(2089858483,192608db42251d675da83286b1cce702)
Start importing Assets/00_Scenes/Scenas pruebas/Scenes Pablo/Scripts/multi.mat using Guid(85175ed20b682734d801e435211721da) Importer(2089858483,192608db42251d675da83286b1cce702) (ScriptedImporter) -> (artifact id: '7f1bc7e378ce72f6fabe696892ada17f') in 0.0169739 seconds
Number of updated asset objects reloaded before import = 0Number of asset objects unloaded after import = 1

========================================================================
Received Import Request.
  Time since last request: 0.000023 seconds.
  path: Assets/Plugins/Demigiant/DOTween/readme.txt
  artifactKey: Guid(fccfc62abf2eb0a4db614853430894fd) Importer(2089858483,192608db42251d675da83286b1cce702)
Start importing Assets/Plugins/Demigiant/DOTween/readme.txt using Guid(fccfc62abf2eb0a4db614853430894fd) Importer(2089858483,192608db42251d675da83286b1cce702) (ScriptedImporter) -> (artifact id: '72263f94adf4a89a82370f0153ddc2ec') in 0.0199406 seconds
Number of updated asset objects reloaded before import = 0Number of asset objects unloaded after import = 1

========================================================================
Received Import Request.
  Time since last request: 0.000049 seconds.
  path: Assets/00_Scenes/Scenas pruebas/Scenes Pablo/Energias/Scripts/EnergyGameController.cs
  artifactKey: Guid(baf671f4677613d418cb7d2f3afed851) Importer(2089858483,192608db42251d675da83286b1cce702)
Start importing Assets/00_Scenes/Scenas pruebas/Scenes Pablo/Energias/Scripts/EnergyGameController.cs using Guid(baf671f4677613d418cb7d2f3afed851) Importer(2089858483,192608db42251d675da83286b1cce702) (ScriptedImporter) -> (artifact id: 'c773325058de8a32e43626e13b2f8116') in 0.0132101 seconds
Number of updated asset objects reloaded before import = 0Number of asset objects unloaded after import = 0

========================================================================
Received Import Request.
  Time since last request: 0.000020 seconds.
  path: Assets/00_Scenes/Scenas pruebas/Scenes Pablo/Energias/Scripts/EnergyVisualManager.cs
  artifactKey: Guid(4f9634a1d8f467c40a9840f8eba8dc2e) Importer(2089858483,192608db42251d675da83286b1cce702)
Start importing Assets/00_Scenes/Scenas pruebas/Scenes Pablo/Energias/Scripts/EnergyVisualManager.cs using Guid(4f9634a1d8f467c40a9840f8eba8dc2e) Importer(2089858483,192608db42251d675da83286b1cce702) (ScriptedImporter) -> (artifact id: '88c2f539eba41e6573bc0b5844a1cb5c') in 0.0140933 seconds
Number of updated asset objects reloaded before import = 0Number of asset objects unloaded after import = 0

========================================================================
Received Import Request.
  Time since last request: 0.000023 seconds.
  path: Assets/Plugins/Demigiant/DOTween/Modules/DOTweenModuleSprite.cs
  artifactKey: Guid(188918ab119d93148aa0de59ccf5286b) Importer(2089858483,192608db42251d675da83286b1cce702)
Start importing Assets/Plugins/Demigiant/DOTween/Modules/DOTweenModuleSprite.cs using Guid(188918ab119d93148aa0de59ccf5286b) Importer(2089858483,192608db42251d675da83286b1cce702) (ScriptedImporter) -> (artifact id: 'ea737b92cf78d557de7300683d736ccc') in 0.0137835 seconds
Number of updated asset objects reloaded before import = 0Number of asset objects unloaded after import = 0

========================================================================
Received Import Request.
  Time since last request: 0.000023 seconds.
  path: Assets/00_Scenes/Scenas pruebas/Scenes Pablo/Energias/Material/MAT_ButtonEnergy_Blue.mat
  artifactKey: Guid(2db2367cfd2b361439b67c77c0243698) Importer(2089858483,192608db42251d675da83286b1cce702)
Start importing Assets/00_Scenes/Scenas pruebas/Scenes Pablo/Energias/Material/MAT_ButtonEnergy_Blue.mat using Guid(2db2367cfd2b361439b67c77c0243698) Importer(2089858483,192608db42251d675da83286b1cce702) (ScriptedImporter) -> (artifact id: '4a9664566ca37b3596e05a83ead9ca98') in 0.014813 seconds
Number of updated asset objects reloaded before import = 0Number of asset objects unloaded after import = 1

========================================================================
Received Import Request.
  Time since last request: 0.000015 seconds.
  path: Assets/00_Scenes/Scenas pruebas/Scenes Pablo/Energias/Scripts/RewardPanelManager.cs
  artifactKey: Guid(79fa10cb5d69c4d4bb9f28a338f82efe) Importer(2089858483,192608db42251d675da83286b1cce702)
Start importing Assets/00_Scenes/Scenas pruebas/Scenes Pablo/Energias/Scripts/RewardPanelManager.cs using Guid(79fa10cb5d69c4d4bb9f28a338f82efe) Importer(2089858483,192608db42251d675da83286b1cce702) (ScriptedImporter) -> (artifact id: 'cfe7cf53255760a21f225cb3f2800171') in 0.0142997 seconds
Number of updated asset objects reloaded before import = 0Number of asset objects unloaded after import = 0

========================================================================
Received Import Request.
  Time since last request: 0.000022 seconds.
  path: Assets/01_Prefabs/ObjectsPuzzleMemory/PuzzleMemory/CanvasBotonLucesPuzzle.prefab
  artifactKey: Guid(8e7fc4f82edfa51498bd9ea0f6ede3f9) Importer(2089858483,192608db42251d675da83286b1cce702)
Start importing Assets/01_Prefabs/ObjectsPuzzleMemory/PuzzleMemory/CanvasBotonLucesPuzzle.prefab using Guid(8e7fc4f82edfa51498bd9ea0f6ede3f9) Importer(2089858483,192608db42251d675da83286b1cce702) (ScriptedImporter) -> (artifact id: '3e23b4855a1ab5721412aefb7a2e2748') in 0.0571486 seconds
Number of updated asset objects reloaded before import = 0Number of asset objects unloaded after import = 19

========================================================================
Received Import Request.
  Time since last request: 0.000051 seconds.
  path: Assets/00_Scenes/Scenas pruebas/Scenes Pablo/Energias/Particles/EnergyBlueFX.prefab
  artifactKey: Guid(144990e17314178448cfb52390a9699d) Importer(2089858483,192608db42251d675da83286b1cce702)
Start importing Assets/00_Scenes/Scenas pruebas/Scenes Pablo/Energias/Particles/EnergyBlueFX.prefab using Guid(144990e17314178448cfb52390a9699d) Importer(2089858483,192608db42251d675da83286b1cce702) (ScriptedImporter) -> (artifact id: 'f7570e7ad8b047194c1cc04874257f97') in 0.0496498 seconds
Number of updated asset objects reloaded before import = 0Number of asset objects unloaded after import = 6

========================================================================
Received Import Request.
  Time since last request: 0.000023 seconds.
  path: Assets/00_Scenes/Scenas pruebas/Scenes Pablo/Sprites/plank_slice.png
  artifactKey: Guid(685465e35f8f303498c2696bdc89226d) Importer(2089858483,192608db42251d675da83286b1cce702)
Start importing Assets/00_Scenes/Scenas pruebas/Scenes Pablo/Sprites/plank_slice.png using Guid(685465e35f8f303498c2696bdc89226d) Importer(2089858483,192608db42251d675da83286b1cce702) (ScriptedImporter) -> (artifact id: '066e27a80cc851e9c45036dfd27ee7ca') in 0.0299223 seconds
Number of updated asset objects reloaded before import = 0Number of asset objects unloaded after import = 1

========================================================================
Received Import Request.
  Time since last request: 0.000020 seconds.
  path: Assets/05_Materials/Cocina/Materials/suelo.mat
  artifactKey: Guid(02ae57dbcd0ebf74b97426998ba047ae) Importer(2089858483,192608db42251d675da83286b1cce702)
Start importing Assets/05_Materials/Cocina/Materials/suelo.mat using Guid(02ae57dbcd0ebf74b97426998ba047ae) Importer(2089858483,192608db42251d675da83286b1cce702) (ScriptedImporter) -> (artifact id: 'f4d393a2895f5df92b21d47be5b3f9b9') in 0.0165648 seconds
Number of updated asset objects reloaded before import = 0Number of asset objects unloaded after import = 2

========================================================================
Received Import Request.
  Time since last request: 0.000019 seconds.
  path: Assets/00_Scenes/Scenas pruebas/Scenes Pablo/ShadersPowerUps/ShadersPower/MayonnaiseFlow.shader
  artifactKey: Guid(f22b7f357ff0433458cf9c655fa2f913) Importer(2089858483,192608db42251d675da83286b1cce702)
Start importing Assets/00_Scenes/Scenas pruebas/Scenes Pablo/ShadersPowerUps/ShadersPower/MayonnaiseFlow.shader using Guid(f22b7f357ff0433458cf9c655fa2f913) Importer(2089858483,192608db42251d675da83286b1cce702) (ScriptedImporter) -> (artifact id: '4e8468fb98105a984cc7fa3da773164e') in 0.0222943 seconds
Number of updated asset objects reloaded before import = 0Number of asset objects unloaded after import = 1

========================================================================
Received Import Request.
  Time since last request: 0.000022 seconds.
  path: Assets/00_Scenes/Scenas pruebas/Scenes Pablo/ShadersPowerUps/Scripts/KetchupOverlay.cs
  artifactKey: Guid(99440ae0f17093d4e980a0f1530cd53c) Importer(2089858483,192608db42251d675da83286b1cce702)
Start importing Assets/00_Scenes/Scenas pruebas/Scenes Pablo/ShadersPowerUps/Scripts/KetchupOverlay.cs using Guid(99440ae0f17093d4e980a0f1530cd53c) Importer(2089858483,192608db42251d675da83286b1cce702) (ScriptedImporter) -> (artifact id: 'aaf8e33ff048d1d18d6d73d122c0b387') in 0.0140839 seconds
Number of updated asset objects reloaded before import = 0Number of asset objects unloaded after import = 0

========================================================================
Received Import Request.
  Time since last request: 0.000030 seconds.
  path: Assets/00_Scenes/Scenas pruebas/Scenes Pablo/ShadersPowerUps/ShadersPower/MustardFlow.shader
  artifactKey: Guid(3d96ee070495dcd4bbbc94e496ad6167) Importer(2089858483,192608db42251d675da83286b1cce702)
Start importing Assets/00_Scenes/Scenas pruebas/Scenes Pablo/ShadersPowerUps/ShadersPower/MustardFlow.shader using Guid(3d96ee070495dcd4bbbc94e496ad6167) Importer(2089858483,192608db42251d675da83286b1cce702) (ScriptedImporter) -> (artifact id: 'daddddfcb9af7d24f3219dcba04c9dc9') in 0.0213531 seconds
Number of updated asset objects reloaded before import = 0Number of asset objects unloaded after import = 1

========================================================================
Received Import Request.
  Time since last request: 0.000024 seconds.
  path: Assets/00_Scenes/Scenas pruebas/Scenes Pablo/Energias/UI/mago.jpg
  artifactKey: Guid(f87a59e6182fc63458250835b5580741) Importer(2089858483,192608db42251d675da83286b1cce702)
Start importing Assets/00_Scenes/Scenas pruebas/Scenes Pablo/Energias/UI/mago.jpg using Guid(f87a59e6182fc63458250835b5580741) Importer(2089858483,192608db42251d675da83286b1cce702) (ScriptedImporter) -> (artifact id: '0af4b32fbc881331a31e466fcf73246a') in 0.024669 seconds
Number of updated asset objects reloaded before import = 0Number of asset objects unloaded after import = 1

========================================================================
Received Import Request.
  Time since last request: 0.000019 seconds.
  path: Assets/00_Scenes/Scenas pruebas/Scenes Pablo/Scripts/RobotCameraFollow.cs
  artifactKey: Guid(47ada2204cf895c409c978478214a52e) Importer(2089858483,192608db42251d675da83286b1cce702)
Start importing Assets/00_Scenes/Scenas pruebas/Scenes Pablo/Scripts/RobotCameraFollow.cs using Guid(47ada2204cf895c409c978478214a52e) Importer(2089858483,192608db42251d675da83286b1cce702) (ScriptedImporter) -> (artifact id: 'c50a2f9f879b12f977a990e9730d1399') in 0.0132553 seconds
Number of updated asset objects reloaded before import = 0Number of asset objects unloaded after import = 0

========================================================================
Received Import Request.
  Time since last request: 0.000018 seconds.
  path: Assets/00_Scenes/Scenas pruebas/Scenes Pablo/Energias/Shaders/Trail_Energy.mat
  artifactKey: Guid(32db0293d9ed01346a2951b207fe35f2) Importer(2089858483,192608db42251d675da83286b1cce702)
Start importing Assets/00_Scenes/Scenas pruebas/Scenes Pablo/Energias/Shaders/Trail_Energy.mat using Guid(32db0293d9ed01346a2951b207fe35f2) Importer(2089858483,192608db42251d675da83286b1cce702) (ScriptedImporter) -> (artifact id: '69341d4e57d3290a610f857d363d7a47') in 0.0128517 seconds
Number of updated asset objects reloaded before import = 0Number of asset objects unloaded after import = 1

========================================================================
Received Import Request.
  Time since last request: 0.000022 seconds.
  path: Assets/Plugins/Demigiant/DOTween/Modules/DOTweenModuleAudio.cs
  artifactKey: Guid(b766d08851589514b97afb23c6f30a70) Importer(2089858483,192608db42251d675da83286b1cce702)
Start importing Assets/Plugins/Demigiant/DOTween/Modules/DOTweenModuleAudio.cs using Guid(b766d08851589514b97afb23c6f30a70) Importer(2089858483,192608db42251d675da83286b1cce702) (ScriptedImporter) -> (artifact id: '7cf38eb048451a2615f09ff407ae9c2f') in 0.0144958 seconds
Number of updated asset objects reloaded before import = 0Number of asset objects unloaded after import = 0

========================================================================
Received Import Request.
  Time since last request: 0.000038 seconds.
  path: Assets/00_Scenes/Scenas pruebas/Scenes Pablo/Energias/Material/MAT_ButtonEnergy_Purple.mat
  artifactKey: Guid(379d9c11ab34c8544bec7c5465d18aa3) Importer(2089858483,192608db42251d675da83286b1cce702)
Start importing Assets/00_Scenes/Scenas pruebas/Scenes Pablo/Energias/Material/MAT_ButtonEnergy_Purple.mat using Guid(379d9c11ab34c8544bec7c5465d18aa3) Importer(2089858483,192608db42251d675da83286b1cce702) (ScriptedImporter) -> (artifact id: '9da918afb88fae83ad63202ac328971d') in 0.0165705 seconds
Number of updated asset objects reloaded before import = 0Number of asset objects unloaded after import = 1

========================================================================
Received Import Request.
  Time since last request: 0.000017 seconds.
  path: Assets/00_Scenes/Scenas pruebas/Scenes Pablo/Energias/Scripts/AnimatedScore.cs
  artifactKey: Guid(83f33ad4707b5b048bae62faa581c8f1) Importer(2089858483,192608db42251d675da83286b1cce702)
Start importing Assets/00_Scenes/Scenas pruebas/Scenes Pablo/Energias/Scripts/AnimatedScore.cs using Guid(83f33ad4707b5b048bae62faa581c8f1) Importer(2089858483,192608db42251d675da83286b1cce702) (ScriptedImporter) -> (artifact id: 'b9a33ad2ce546cc725b37fb263cbfe7c') in 0.0138501 seconds
Number of updated asset objects reloaded before import = 0Number of asset objects unloaded after import = 0

========================================================================
Received Import Request.
  Time since last request: 0.000018 seconds.
  path: Assets/05_Materials/Cocina/Materials/pared.mat
  artifactKey: Guid(aa18232b41066174ca4fc9fb872e28e9) Importer(2089858483,192608db42251d675da83286b1cce702)
Start importing Assets/05_Materials/Cocina/Materials/pared.mat using Guid(aa18232b41066174ca4fc9fb872e28e9) Importer(2089858483,192608db42251d675da83286b1cce702) (ScriptedImporter) -> (artifact id: '13131d58c4933bb2fc4529c0296237bd') in 0.0157233 seconds
Number of updated asset objects reloaded before import = 0Number of asset objects unloaded after import = 2

========================================================================
Received Import Request.
  Time since last request: 0.000020 seconds.
  path: Assets/00_Scenes/Scenas pruebas/Scenes Pablo/Energias/Scripts/MetaProgressionManager.cs
  artifactKey: Guid(5b673a2501d445548b6c56c7d0861c3e) Importer(2089858483,192608db42251d675da83286b1cce702)
Start importing Assets/00_Scenes/Scenas pruebas/Scenes Pablo/Energias/Scripts/MetaProgressionManager.cs using Guid(5b673a2501d445548b6c56c7d0861c3e) Importer(2089858483,192608db42251d675da83286b1cce702) (ScriptedImporter) -> (artifact id: '3cf0a5bc7b2c79c9dea78a387a5a2510') in 0.0131579 seconds
Number of updated asset objects reloaded before import = 0Number of asset objects unloaded after import = 0

========================================================================
Received Import Request.
  Time since last request: 0.000018 seconds.
  path: Assets/Plugins/Demigiant/DOTween/Editor/Imgs/Header.jpg
  artifactKey: Guid(78a59ca99f8987941adb61f9e14a06a7) Importer(2089858483,192608db42251d675da83286b1cce702)
Start importing Assets/Plugins/Demigiant/DOTween/Editor/Imgs/Header.jpg using Guid(78a59ca99f8987941adb61f9e14a06a7) Importer(2089858483,192608db42251d675da83286b1cce702) (ScriptedImporter) -> (artifact id: '95a181696c3fb85ead30b727c94c28bf') in 0.0282309 seconds
Number of updated asset objects reloaded before import = 0Number of asset objects unloaded after import = 1

========================================================================
Received Import Request.
  Time since last request: 0.000021 seconds.
  path: Assets/Plugins/Demigiant/DOTween/Editor/Imgs/DOTweenIcon.png
  artifactKey: Guid(8da095e39e9b4df488dfd436f81116d6) Importer(2089858483,192608db42251d675da83286b1cce702)
Start importing Assets/Plugins/Demigiant/DOTween/Editor/Imgs/DOTweenIcon.png using Guid(8da095e39e9b4df488dfd436f81116d6) Importer(2089858483,192608db42251d675da83286b1cce702) (ScriptedImporter) -> (artifact id: 'fd18542d8b2910536b5e1cff4e54d4d6') in 0.0313909 seconds
Number of updated asset objects reloaded before import = 0Number of asset objects unloaded after import = 1

========================================================================
Received Import Request.
  Time since last request: 0.000033 seconds.
  path: Assets/Plugins/Demigiant/DOTween/Editor/Imgs/Footer_dark.png
  artifactKey: Guid(519694efe2bb2914788b151fbd8c01f4) Importer(2089858483,192608db42251d675da83286b1cce702)
Start importing Assets/Plugins/Demigiant/DOTween/Editor/Imgs/Footer_dark.png using Guid(519694efe2bb2914788b151fbd8c01f4) Importer(2089858483,192608db42251d675da83286b1cce702) (ScriptedImporter) -> (artifact id: '3bfb8a69ed53fd62e7434ff4b917a935') in 0.0323035 seconds
Number of updated asset objects reloaded before import = 0Number of asset objects unloaded after import = 1

========================================================================
Received Import Request.
  Time since last request: 0.000039 seconds.
  path: Assets/00_Scenes/Scenas pruebas/Scenes Pablo/Electricidad/Scripts/CircuitTile.cs
  artifactKey: Guid(05f5996cc745894468c82f6e67e81945) Importer(2089858483,192608db42251d675da83286b1cce702)
Start importing Assets/00_Scenes/Scenas pruebas/Scenes Pablo/Electricidad/Scripts/CircuitTile.cs using Guid(05f5996cc745894468c82f6e67e81945) Importer(2089858483,192608db42251d675da83286b1cce702) (ScriptedImporter) -> (artifact id: 'd0862534bb0659d4a4f553c83af064b4') in 0.0137861 seconds
Number of updated asset objects reloaded before import = 0Number of asset objects unloaded after import = 0

========================================================================
Received Import Request.
  Time since last request: 0.000021 seconds.
  path: Assets/Plugins/Demigiant/DOTween/Editor/DOTweenEditor.XML
  artifactKey: Guid(2e2c6224d345d9249acfa6e8ef40bb2d) Importer(2089858483,192608db42251d675da83286b1cce702)
Start importing Assets/Plugins/Demigiant/DOTween/Editor/DOTweenEditor.XML using Guid(2e2c6224d345d9249acfa6e8ef40bb2d) Importer(2089858483,192608db42251d675da83286b1cce702) (ScriptedImporter) -> (artifact id: 'c92e2032d3ccb26ac4fe9b609a1de2c7') in 0.0213049 seconds
Number of updated asset objects reloaded before import = 0Number of asset objects unloaded after import = 1

========================================================================
Received Import Request.
  Time since last request: 0.000020 seconds.
  path: Assets/TextMesh Pro/Resources/Fonts & Materials/LiberationSans SDF - Outline.mat
  artifactKey: Guid(79459efec17a4d00a321bdcc27bbc385) Importer(2089858483,192608db42251d675da83286b1cce702)
Start importing Assets/TextMesh Pro/Resources/Fonts & Materials/LiberationSans SDF - Outline.mat using Guid(79459efec17a4d00a321bdcc27bbc385) Importer(2089858483,192608db42251d675da83286b1cce702) (ScriptedImporter) -> (artifact id: '46f4a86a0d47c978912cc1f5f2ce86f2') in 0.0292816 seconds
Number of updated asset objects reloaded before import = 0Number of asset objects unloaded after import = 2

========================================================================
Received Import Request.
  Time since last request: 0.084111 seconds.
  path: Assets/00_Scenes/Scenas pruebas/Scenes Pablo/Energias/Shaders/ShadersCode/EnergyBackground.mat
  artifactKey: Guid(9fe434a4a12464c4e9cc59a23b249ddb) Importer(2089858483,192608db42251d675da83286b1cce702)
Start importing Assets/00_Scenes/Scenas pruebas/Scenes Pablo/Energias/Shaders/ShadersCode/EnergyBackground.mat using Guid(9fe434a4a12464c4e9cc59a23b249ddb) Importer(2089858483,192608db42251d675da83286b1cce702) (ScriptedImporter) -> (artifact id: 'c12e707ed856e71c0a1527b135ad78d1') in 0.0130106 seconds
Number of updated asset objects reloaded before import = 0Number of asset objects unloaded after import = 1

========================================================================
Received Import Request.
  Time since last request: 0.000013 seconds.
  path: Assets/00_Scenes/Scenas pruebas/Scenes Pablo/Energias/Shaders/ShadersCode/HeatEnergy_Interactive.shader
  artifactKey: Guid(d6d9e3c5d8dd36443a81b836c5158c5b) Importer(2089858483,192608db42251d675da83286b1cce702)
Start importing Assets/00_Scenes/Scenas pruebas/Scenes Pablo/Energias/Shaders/ShadersCode/HeatEnergy_Interactive.shader using Guid(d6d9e3c5d8dd36443a81b836c5158c5b) Importer(2089858483,192608db42251d675da83286b1cce702) (ScriptedImporter) -> (artifact id: '6e026a8203b4a69549427a794686130b') in 0.0221941 seconds
Number of updated asset objects reloaded before import = 0Number of asset objects unloaded after import = 1

========================================================================
Received Import Request.
  Time since last request: 0.000034 seconds.
  path: Assets/00_Scenes/Scenas pruebas/Scenes Pablo/Energias/Shaders/ShadersCode/Mat_VitalEnergy_Interactive.mat
  artifactKey: Guid(f03b322ebe6a4c545834ad69883955e0) Importer(2089858483,192608db42251d675da83286b1cce702)
Start importing Assets/00_Scenes/Scenas pruebas/Scenes Pablo/Energias/Shaders/ShadersCode/Mat_VitalEnergy_Interactive.mat using Guid(f03b322ebe6a4c545834ad69883955e0) Importer(2089858483,192608db42251d675da83286b1cce702) (ScriptedImporter) -> (artifact id: '4947867bca7579e06cfada853f280250') in 0.0137385 seconds
Number of updated asset objects reloaded before import = 0Number of asset objects unloaded after import = 1

========================================================================
Received Import Request.
  Time since last request: 0.000049 seconds.
  path: Assets/00_Scenes/Scenas pruebas/Scenes Pablo/Energias/Shaders/ShadersCode/Mat_EnergyCore.mat
  artifactKey: Guid(c223a8d8d83ba6143a3202d4b8591208) Importer(2089858483,192608db42251d675da83286b1cce702)
Start importing Assets/00_Scenes/Scenas pruebas/Scenes Pablo/Energias/Shaders/ShadersCode/Mat_EnergyCore.mat using Guid(c223a8d8d83ba6143a3202d4b8591208) Importer(2089858483,192608db42251d675da83286b1cce702) (ScriptedImporter) -> (artifact id: 'aaff416002d3335cc75c3265deaa9217') in 0.0152888 seconds
Number of updated asset objects reloaded before import = 0Number of asset objects unloaded after import = 1

========================================================================
Received Import Request.
  Time since last request: 76.411331 seconds.
  path: Assets/00_Scenes/Scenas pruebas/Scenes Pablo/Energias/UI/BolaMaterial.mat
  artifactKey: Guid(788050fa215a5d24aa809fe1fa9ed907) Importer(2089858483,192608db42251d675da83286b1cce702)
Start importing Assets/00_Scenes/Scenas pruebas/Scenes Pablo/Energias/UI/BolaMaterial.mat using Guid(788050fa215a5d24aa809fe1fa9ed907) Importer(2089858483,192608db42251d675da83286b1cce702) (ScriptedImporter) -> (artifact id: '1889cbc9a03236c8226f3cc6164fa52f') in 0.0168868 seconds
Number of updated asset objects reloaded before import = 0Number of asset objects unloaded after import = 2

========================================================================
Received Import Request.
  Time since last request: 193.124135 seconds.
  path: Assets/01_Prefabs/Puzzle_Tragaperras/princesaSlot1.jpg
  artifactKey: Guid(9cb178e828cf8d6468453ae9a3c6dd16) Importer(815301076,1909f56bfc062723c751e8b465ee728b)
Start importing Assets/01_Prefabs/Puzzle_Tragaperras/princesaSlot1.jpg using Guid(9cb178e828cf8d6468453ae9a3c6dd16) Importer(815301076,1909f56bfc062723c751e8b465ee728b) (PreviewImporter) -> (artifact id: 'e73fcfd1f645f9a2f124e0924385248a') in 0.1187548 seconds
Number of updated asset objects reloaded before import = 0Number of asset objects unloaded after import = 3

========================================================================
Received Prepare
Begin MonoManager ReloadAssembly
- Loaded All Assemblies, in  0.806 seconds
Refreshing native plugins compatible for Editor in 0.82 ms, found 3 plugins.
Native extension for WindowsStandalone target not found
[Package Manager] Failed to launch server process. Reason: Unity was launched with the -noUpm command-line argument
[Package Manager] Unable to send message (not connected to server process).
[Package Manager] Cannot connect to Unity Package Manager local server
Mono: successfully reloaded assembly
- Finished resetting the current domain, in  0.760 seconds
Domain Reload Profiling: 1569ms
	BeginReloadAssembly (239ms)
		ExecutionOrderSort (0ms)
		DisableScriptedObjects (6ms)
		BackupInstance (0ms)
		ReleaseScriptingObjects (0ms)
		CreateAndSetChildDomain (80ms)
	RebuildCommonClasses (35ms)
	RebuildNativeTypeToScriptingClass (15ms)
	initialDomainReloadingComplete (34ms)
	LoadAllAssembliesAndSetupDomain (484ms)
		LoadAssemblies (367ms)
		RebuildTransferFunctionScriptingTraits (0ms)
		AnalyzeDomain (216ms)
			TypeCache.Refresh (9ms)
				TypeCache.ScanAssembly (0ms)
			BuildScriptInfoCaches (189ms)
			ResolveRequiredComponents (13ms)
	FinalizeReload (760ms)
		ReleaseScriptCaches (0ms)
		RebuildScriptCaches (0ms)
		SetupLoadedEditorAssemblies (593ms)
			LogAssemblyErrors (0ms)
			InitializePlatformSupportModulesInManaged (2ms)
			SetLoadedEditorAssemblies (4ms)
			BeforeProcessingInitializeOnLoad (121ms)
			ProcessInitializeOnLoadAttributes (391ms)
			ProcessInitializeOnLoadMethodAttributes (69ms)
			AfterProcessingInitializeOnLoad (6ms)
			EditorAssembliesLoaded (0ms)
		ExecutionOrderSort2 (0ms)
		AwakeInstancesAfterBackupRestoration (22ms)
Refreshing native plugins compatible for Editor in 2.05 ms, found 3 plugins.
Preloading 0 native plugins for Editor in 0.00 ms.
Unloading 13 Unused Serialized files (Serialized files now loaded: 0)
Unloading 6188 unused Assets / (4.6 MB). Loaded Objects now: 6945.
Memory consumption went from 145.7 MB to 141.1 MB.
Total: 11.662200 ms (FindLiveObjects: 0.820800 ms CreateObjectMapping: 0.777600 ms MarkObjects: 6.228000 ms  DeleteObjects: 3.834200 ms)

Prepare: number of updated asset objects reloaded= 0
========================================================================
Received Import Request.
  Time since last request: 1541.053615 seconds.
  path: Assets/00_Scenes/Scenas pruebas/Scenes Pablo/Energias/Shaders/ShadersCode/Mat_EnergyCore.mat
  artifactKey: Guid(c223a8d8d83ba6143a3202d4b8591208) Importer(2089858483,192608db42251d675da83286b1cce702)
Start importing Assets/00_Scenes/Scenas pruebas/Scenes Pablo/Energias/Shaders/ShadersCode/Mat_EnergyCore.mat using Guid(c223a8d8d83ba6143a3202d4b8591208) Importer(2089858483,192608db42251d675da83286b1cce702) (ScriptedImporter) -> (artifact id: '55f0ad0e7a7df7bd3e0be872cbcadb0b') in 0.23612 seconds
Number of updated asset objects reloaded before import = 0Number of asset objects unloaded after import = 1

========================================================================
Received Import Request.
  Time since last request: 213.431376 seconds.
  path: Assets/00_Scenes/Scenes Mauricio/Mat_VolumetricFog.mat
  artifactKey: Guid(b7f032f50f2a5b948bf78dbd39a21f0f) Importer(815301076,1909f56bfc062723c751e8b465ee728b)
Start importing Assets/00_Scenes/Scenes Mauricio/Mat_VolumetricFog.mat using Guid(b7f032f50f2a5b948bf78dbd39a21f0f) Importer(815301076,1909f56bfc062723c751e8b465ee728b) (PreviewImporter) -> (artifact id: '31e1a382a0eac5c48e7147e87c2d5a42') in 0.5727745 seconds
Number of updated asset objects reloaded before import = 0Number of asset objects unloaded after import = 1

========================================================================
Received Import Request.
  Time since last request: 0.000040 seconds.
  path: Assets/06_Models/mesonessala.fbx
  artifactKey: Guid(85eac99a794beb440abda726146ef23a) Importer(815301076,1909f56bfc062723c751e8b465ee728b)
Start importing Assets/06_Models/mesonessala.fbx using Guid(85eac99a794beb440abda726146ef23a) Importer(815301076,1909f56bfc062723c751e8b465ee728b) (PreviewImporter) -> (artifact id: 'f308230d0234f7dff0ba6187c09d37d3') in 5.3961907 seconds
Number of updated asset objects reloaded before import = 0Number of asset objects unloaded after import = 60

========================================================================
Received Import Request.
  Time since last request: 0.000047 seconds.
  path: Assets/06_Models/tostadora.fbx
  artifactKey: Guid(1ae7e904f6284e849bd4622fd7d34359) Importer(815301076,1909f56bfc062723c751e8b465ee728b)
Start importing Assets/06_Models/tostadora.fbx using Guid(1ae7e904f6284e849bd4622fd7d34359) Importer(815301076,1909f56bfc062723c751e8b465ee728b) (PreviewImporter) -> (artifact id: '0fa78aa538c61a447ef35edcaac29309') in 0.0913973 seconds
Number of updated asset objects reloaded before import = 0Number of asset objects unloaded after import = 19

========================================================================
Received Import Request.
  Time since last request: 0.000037 seconds.
  path: Assets/06_Models/mesa sin detalles.fbx
  artifactKey: Guid(e6375be486b61a3488ef3be504e22bea) Importer(815301076,1909f56bfc062723c751e8b465ee728b)
Start importing Assets/06_Models/mesa sin detalles.fbx using Guid(e6375be486b61a3488ef3be504e22bea) Importer(815301076,1909f56bfc062723c751e8b465ee728b) (PreviewImporter) -> (artifact id: 'cacd6efc1898229a1a6d228195a2bb6f') in 0.0214519 seconds
Number of updated asset objects reloaded before import = 0Number of asset objects unloaded after import = 8

========================================================================
Received Import Request.
  Time since last request: 554.564115 seconds.
  path: Assets/05_Materials/Amarillo.mat
  artifactKey: Guid(4a33de3c22175f94cbb4cfeb56c309aa) Importer(815301076,1909f56bfc062723c751e8b465ee728b)
Start importing Assets/05_Materials/Amarillo.mat using Guid(4a33de3c22175f94cbb4cfeb56c309aa) Importer(815301076,1909f56bfc062723c751e8b465ee728b) (PreviewImporter) -> (artifact id: 'daaaa34a467e6983b9aec0ff12b2ae6f') in 0.0217655 seconds
Number of updated asset objects reloaded before import = 1Number of asset objects unloaded after import = 1

========================================================================
Received Import Request.
  Time since last request: 0.000031 seconds.
  path: Assets/00_Scenes/Scenas pruebas/Scenes Pablo/Energias/Shaders/BG_EnergyPulse.shadergraph
  artifactKey: Guid(bab7c8f62c1426048a715b56896cb569) Importer(815301076,1909f56bfc062723c751e8b465ee728b)
Start importing Assets/00_Scenes/Scenas pruebas/Scenes Pablo/Energias/Shaders/BG_EnergyPulse.shadergraph using Guid(bab7c8f62c1426048a715b56896cb569) Importer(815301076,1909f56bfc062723c751e8b465ee728b) (PreviewImporter) -> (artifact id: 'ed2d39d87aa27bbac87d000bc747f5ac') in 0.609875 seconds
Number of updated asset objects reloaded before import = 0Number of asset objects unloaded after import = 5

========================================================================
Received Import Request.
  Time since last request: 0.574210 seconds.
  path: Assets/05_Materials/Cocina/Materials/fondo-de-azulejos-de-hormigon.mat
  artifactKey: Guid(93cb1f2e054142c45bc02f9e865ba1ae) Importer(815301076,1909f56bfc062723c751e8b465ee728b)
Start importing Assets/05_Materials/Cocina/Materials/fondo-de-azulejos-de-hormigon.mat using Guid(93cb1f2e054142c45bc02f9e865ba1ae) Importer(815301076,1909f56bfc062723c751e8b465ee728b) (PreviewImporter) -> (artifact id: '29a4a7ca3b4528cc5754626980c48025') in 0.0350394 seconds
Number of updated asset objects reloaded before import = 0Number of asset objects unloaded after import = 2

========================================================================
Received Import Request.
  Time since last request: 1.789735 seconds.
  path: Assets/TextMesh Pro/Fonts/LiberationSans.ttf
  artifactKey: Guid(e3265ab4bf004d28a9537516768c1c75) Importer(815301076,1909f56bfc062723c751e8b465ee728b)
Start importing Assets/TextMesh Pro/Fonts/LiberationSans.ttf using Guid(e3265ab4bf004d28a9537516768c1c75) Importer(815301076,1909f56bfc062723c751e8b465ee728b) (PreviewImporter) -> (artifact id: '4d2fbb8e43d38779cb0dacd22abf6052') in 0.0409036 seconds
Number of updated asset objects reloaded before import = 0Number of asset objects unloaded after import = 4

========================================================================
Received Import Request.
  Time since last request: 0.000032 seconds.
  path: Assets/02_Scripts/Puzzle_Tragaperras/NotoColorEmoji-Regular.ttf
  artifactKey: Guid(0752c8773f48b55419890dbe6d157c63) Importer(815301076,1909f56bfc062723c751e8b465ee728b)
Start importing Assets/02_Scripts/Puzzle_Tragaperras/NotoColorEmoji-Regular.ttf using Guid(0752c8773f48b55419890dbe6d157c63) Importer(815301076,1909f56bfc062723c751e8b465ee728b) (PreviewImporter) -> (artifact id: 'f9e0fcd0da1ca7803901bd274bb1f5f7') in 0.0551867 seconds
Number of updated asset objects reloaded before import = 0Number of asset objects unloaded after import = 4

========================================================================
Received Import Request.
  Time since last request: 2.537815 seconds.
  path: Assets/00_Scenes/Scenas pruebas/Scenes Pablo/ShadersPowerUps/ShadersPower/KetchupDrip_Mat.mat
  artifactKey: Guid(8bbb26a62926dd34b88638e9bd20a5c3) Importer(815301076,1909f56bfc062723c751e8b465ee728b)
Start importing Assets/00_Scenes/Scenas pruebas/Scenes Pablo/ShadersPowerUps/ShadersPower/KetchupDrip_Mat.mat using Guid(8bbb26a62926dd34b88638e9bd20a5c3) Importer(815301076,1909f56bfc062723c751e8b465ee728b) (PreviewImporter) -> (artifact id: '5574910cdb329d985bf66ba4e8cf52ff') in 0.0243904 seconds
Number of updated asset objects reloaded before import = 0Number of asset objects unloaded after import = 2

========================================================================
Received Import Request.
  Time since last request: 1.763625 seconds.
  path: Assets/TextMesh Pro/Resources/Fonts & Materials/LiberationSans SDF - Outline.mat
  artifactKey: Guid(79459efec17a4d00a321bdcc27bbc385) Importer(815301076,1909f56bfc062723c751e8b465ee728b)
Start importing Assets/TextMesh Pro/Resources/Fonts & Materials/LiberationSans SDF - Outline.mat using Guid(79459efec17a4d00a321bdcc27bbc385) Importer(815301076,1909f56bfc062723c751e8b465ee728b) (PreviewImporter) -> (artifact id: 'd4994a8b5e8baab5ca95f70baf91ddd6') in 0.0954191 seconds
Number of updated asset objects reloaded before import = 0Number of asset objects unloaded after import = 2

========================================================================
Received Import Request.
  Time since last request: 0.007153 seconds.
  path: Assets/TextMesh Pro/Resources/Fonts & Materials/LiberationSans SDF.asset
  artifactKey: Guid(8f586378b4e144a9851e7b34d9b748ee) Importer(815301076,1909f56bfc062723c751e8b465ee728b)
Start importing Assets/TextMesh Pro/Resources/Fonts & Materials/LiberationSans SDF.asset using Guid(8f586378b4e144a9851e7b34d9b748ee) Importer(815301076,1909f56bfc062723c751e8b465ee728b) (PreviewImporter) -> (artifact id: '523a7d6666f6dc08d0d80b1442a79dbe') in 0.0528314 seconds
Number of updated asset objects reloaded before import = 0Number of asset objects unloaded after import = 9

========================================================================
Received Import Request.
  Time since last request: 2.666913 seconds.
  path: Assets/00_Scenes/Scenas pruebas/Scenes Pablo/Energias/Material/MAT_ButtonEnergy_Blue.mat
  artifactKey: Guid(2db2367cfd2b361439b67c77c0243698) Importer(815301076,1909f56bfc062723c751e8b465ee728b)
Start importing Assets/00_Scenes/Scenas pruebas/Scenes Pablo/Energias/Material/MAT_ButtonEnergy_Blue.mat using Guid(2db2367cfd2b361439b67c77c0243698) Importer(815301076,1909f56bfc062723c751e8b465ee728b) (PreviewImporter) -> (artifact id: 'aba7bd16f03f5002cd93743a40441790') in 4.7201101 seconds
Number of updated asset objects reloaded before import = 0Number of asset objects unloaded after import = 1

========================================================================
Received Import Request.
  Time since last request: 0.000055 seconds.
  path: Assets/00_Scenes/Scenas pruebas/Scenes Pablo/Energias/Material/MAT_ButtonEnergy_Red.mat
  artifactKey: Guid(9e017ae588155df4a9cffebb353de192) Importer(815301076,1909f56bfc062723c751e8b465ee728b)
Start importing Assets/00_Scenes/Scenas pruebas/Scenes Pablo/Energias/Material/MAT_ButtonEnergy_Red.mat using Guid(9e017ae588155df4a9cffebb353de192) Importer(815301076,1909f56bfc062723c751e8b465ee728b) (PreviewImporter) -> (artifact id: 'dde70389bb4c33a95ea92328518bc19d') in 0.0249979 seconds
Number of updated asset objects reloaded before import = 0Number of asset objects unloaded after import = 1

========================================================================
Received Import Request.
  Time since last request: 0.000053 seconds.
  path: Assets/00_Scenes/Scenas pruebas/Scenes Pablo/Energias/Material/MAT_ButtonEnergy_Purple.mat
  artifactKey: Guid(379d9c11ab34c8544bec7c5465d18aa3) Importer(815301076,1909f56bfc062723c751e8b465ee728b)
Start importing Assets/00_Scenes/Scenas pruebas/Scenes Pablo/Energias/Material/MAT_ButtonEnergy_Purple.mat using Guid(379d9c11ab34c8544bec7c5465d18aa3) Importer(815301076,1909f56bfc062723c751e8b465ee728b) (PreviewImporter) -> (artifact id: '671b469c6b7d85b17581957a7e2e6a8b') in 0.0281828 seconds
Number of updated asset objects reloaded before import = 0Number of asset objects unloaded after import = 1

========================================================================
Received Import Request.
  Time since last request: 0.000036 seconds.
  path: Assets/00_Scenes/Scenes Mauricio/Mat_Dust.mat
  artifactKey: Guid(ba21c6b8095ac2247b178ed38e781117) Importer(815301076,1909f56bfc062723c751e8b465ee728b)
Start importing Assets/00_Scenes/Scenes Mauricio/Mat_Dust.mat using Guid(ba21c6b8095ac2247b178ed38e781117) Importer(815301076,1909f56bfc062723c751e8b465ee728b) (PreviewImporter) -> (artifact id: 'e4900653ab2bb1671ae783ce1cb70de1') in 0.026667 seconds
Number of updated asset objects reloaded before import = 0Number of asset objects unloaded after import = 1

========================================================================
Received Import Request.
  Time since last request: 0.000036 seconds.
  path: Assets/00_Scenes/Scenas pruebas/Scenes Pablo/Energias/Material/MAT_ButtonEnergy_Yellow.mat
  artifactKey: Guid(b6a781e5185fca54880e2993e541ffdc) Importer(815301076,1909f56bfc062723c751e8b465ee728b)
Start importing Assets/00_Scenes/Scenas pruebas/Scenes Pablo/Energias/Material/MAT_ButtonEnergy_Yellow.mat using Guid(b6a781e5185fca54880e2993e541ffdc) Importer(815301076,1909f56bfc062723c751e8b465ee728b) (PreviewImporter) -> (artifact id: '6372211e027a4d50d7d97ac0456f213b') in 0.0229568 seconds
Number of updated asset objects reloaded before import = 0Number of asset objects unloaded after import = 1

========================================================================
Received Import Request.
  Time since last request: 3.979958 seconds.
  path: Assets/00_Scenes/Scenes Mauricio/Mat_Halo.mat
  artifactKey: Guid(35bd43886522d984f94e2cddb86ea020) Importer(815301076,1909f56bfc062723c751e8b465ee728b)
Start importing Assets/00_Scenes/Scenes Mauricio/Mat_Halo.mat using Guid(35bd43886522d984f94e2cddb86ea020) Importer(815301076,1909f56bfc062723c751e8b465ee728b) (PreviewImporter) -> (artifact id: '980e18f15168ef6814b00f2925a59eff') in 0.0317147 seconds
Number of updated asset objects reloaded before import = 0Number of asset objects unloaded after import = 1

========================================================================
Received Import Request.
  Time since last request: 0.000025 seconds.
  path: Assets/00_Scenes/Scenas pruebas/Scenes Pablo/Energias/Shaders/ShadersCode/Mat_HeatEnergy_Interactive.mat
  artifactKey: Guid(3b8c03f234f569a46a5c1a441614696e) Importer(815301076,1909f56bfc062723c751e8b465ee728b)
Start importing Assets/00_Scenes/Scenas pruebas/Scenes Pablo/Energias/Shaders/ShadersCode/Mat_HeatEnergy_Interactive.mat using Guid(3b8c03f234f569a46a5c1a441614696e) Importer(815301076,1909f56bfc062723c751e8b465ee728b) (PreviewImporter) -> (artifact id: '0adfb860ab352d01aa44e307029887a1') in 0.0297433 seconds
Number of updated asset objects reloaded before import = 0Number of asset objects unloaded after import = 1

========================================================================
Received Import Request.
  Time since last request: 3.751808 seconds.
  path: Assets/06_Models/Leche/Leche.fbx
  artifactKey: Guid(13fbf5b115e736045bfd597e76397e94) Importer(815301076,1909f56bfc062723c751e8b465ee728b)
Start importing Assets/06_Models/Leche/Leche.fbx using Guid(13fbf5b115e736045bfd597e76397e94) Importer(815301076,1909f56bfc062723c751e8b465ee728b) (PreviewImporter) -> (artifact id: 'c69b4ebcc0da39f6c1cb49dbd259e38a') in 0.1408024 seconds
Number of updated asset objects reloaded before import = 0Number of asset objects unloaded after import = 31

========================================================================
Received Import Request.
  Time since last request: 0.000035 seconds.
  path: Assets/06_Models/HuevoModel/huevoModelIdle.fbx
  artifactKey: Guid(684d52c9039fe57428b5a52b8835de94) Importer(815301076,1909f56bfc062723c751e8b465ee728b)
Start importing Assets/06_Models/HuevoModel/huevoModelIdle.fbx using Guid(684d52c9039fe57428b5a52b8835de94) Importer(815301076,1909f56bfc062723c751e8b465ee728b) (PreviewImporter) -> (artifact id: 'b0f4e5ac20605bd98bf3621869fc175a') in 0.0997215 seconds
Number of updated asset objects reloaded before import = 0Number of asset objects unloaded after import = 19

========================================================================
Received Import Request.
  Time since last request: 4.218479 seconds.
  path: Assets/06_Models/PepinoModel/pepinoModelIdle.fbx
  artifactKey: Guid(c1dfeadfe34203b4aa60335803d3844a) Importer(815301076,1909f56bfc062723c751e8b465ee728b)
Start importing Assets/06_Models/PepinoModel/pepinoModelIdle.fbx using Guid(c1dfeadfe34203b4aa60335803d3844a) Importer(815301076,1909f56bfc062723c751e8b465ee728b) (PreviewImporter) -> (artifact id: '13ac67f535cd5f42ff954debfec52511') in 0.1063377 seconds
Number of updated asset objects reloaded before import = 0Number of asset objects unloaded after import = 19

========================================================================
Received Import Request.
  Time since last request: 916.908118 seconds.
  path: Assets/00_Scenes/Scenas pruebas/Scenes Pablo/Energias/Energias.unity
  artifactKey: Guid(9b458677403c0364bad4f93e900bee73) Importer(2089858483,192608db42251d675da83286b1cce702)
Start importing Assets/00_Scenes/Scenas pruebas/Scenes Pablo/Energias/Energias.unity using Guid(9b458677403c0364bad4f93e900bee73) Importer(2089858483,192608db42251d675da83286b1cce702) (ScriptedImporter) -> (artifact id: '7e767e993cd01baae7bc3fa26d3741d5') in 0.0397496 seconds
Number of updated asset objects reloaded before import = 0Number of asset objects unloaded after import = 1

========================================================================
Received Prepare
Begin MonoManager ReloadAssembly
- Loaded All Assemblies, in  0.813 seconds
Refreshing native plugins compatible for Editor in 0.68 ms, found 3 plugins.
Native extension for WindowsStandalone target not found
[Package Manager] Failed to launch server process. Reason: Unity was launched with the -noUpm command-line argument
[Package Manager] Unable to send message (not connected to server process).
[Package Manager] Cannot connect to Unity Package Manager local server
Mono: successfully reloaded assembly
- Finished resetting the current domain, in  0.728 seconds
Domain Reload Profiling: 1543ms
	BeginReloadAssembly (255ms)
		ExecutionOrderSort (0ms)
		DisableScriptedObjects (21ms)
		BackupInstance (0ms)
		ReleaseScriptingObjects (0ms)
		CreateAndSetChildDomain (74ms)
	RebuildCommonClasses (53ms)
	RebuildNativeTypeToScriptingClass (17ms)
	initialDomainReloadingComplete (29ms)
	LoadAllAssembliesAndSetupDomain (460ms)
		LoadAssemblies (358ms)
		RebuildTransferFunctionScriptingTraits (0ms)
		AnalyzeDomain (201ms)
			TypeCache.Refresh (8ms)
				TypeCache.ScanAssembly (0ms)
			BuildScriptInfoCaches (178ms)
			ResolveRequiredComponents (11ms)
	FinalizeReload (729ms)
		ReleaseScriptCaches (0ms)
		RebuildScriptCaches (0ms)
		SetupLoadedEditorAssemblies (556ms)
			LogAssemblyErrors (0ms)
			InitializePlatformSupportModulesInManaged (3ms)
			SetLoadedEditorAssemblies (3ms)
			BeforeProcessingInitializeOnLoad (124ms)
			ProcessInitializeOnLoadAttributes (369ms)
			ProcessInitializeOnLoadMethodAttributes (52ms)
			AfterProcessingInitializeOnLoad (5ms)
			EditorAssembliesLoaded (0ms)
		ExecutionOrderSort2 (0ms)
		AwakeInstancesAfterBackupRestoration (21ms)
Refreshing native plugins compatible for Editor in 0.97 ms, found 3 plugins.
Preloading 0 native plugins for Editor in 0.00 ms.
Unloading 14 Unused Serialized files (Serialized files now loaded: 0)
Unloading 6186 unused Assets / (4.1 MB). Loaded Objects now: 7016.
Memory consumption went from 148.2 MB to 144.2 MB.
Total: 8.792100 ms (FindLiveObjects: 0.697300 ms CreateObjectMapping: 0.844300 ms MarkObjects: 4.663000 ms  DeleteObjects: 2.585200 ms)

Prepare: number of updated asset objects reloaded= 0
========================================================================
Received Prepare
Begin MonoManager ReloadAssembly
- Loaded All Assemblies, in  0.819 seconds
Refreshing native plugins compatible for Editor in 0.68 ms, found 3 plugins.
Native extension for WindowsStandalone target not found
[Package Manager] Failed to launch server process. Reason: Unity was launched with the -noUpm command-line argument
[Package Manager] Unable to send message (not connected to server process).
[Package Manager] Cannot connect to Unity Package Manager local server
Mono: successfully reloaded assembly
- Finished resetting the current domain, in  0.818 seconds
Domain Reload Profiling: 1639ms
	BeginReloadAssembly (229ms)
		ExecutionOrderSort (0ms)
		DisableScriptedObjects (6ms)
		BackupInstance (0ms)
		ReleaseScriptingObjects (0ms)
		CreateAndSetChildDomain (62ms)
	RebuildCommonClasses (40ms)
	RebuildNativeTypeToScriptingClass (19ms)
	initialDomainReloadingComplete (34ms)
	LoadAllAssembliesAndSetupDomain (499ms)
		LoadAssemblies (366ms)
		RebuildTransferFunctionScriptingTraits (0ms)
		AnalyzeDomain (230ms)
			TypeCache.Refresh (7ms)
				TypeCache.ScanAssembly (0ms)
			BuildScriptInfoCaches (203ms)
			ResolveRequiredComponents (15ms)
	FinalizeReload (819ms)
		ReleaseScriptCaches (0ms)
		RebuildScriptCaches (0ms)
		SetupLoadedEditorAssemblies (624ms)
			LogAssemblyErrors (0ms)
			InitializePlatformSupportModulesInManaged (2ms)
			SetLoadedEditorAssemblies (4ms)
			BeforeProcessingInitializeOnLoad (134ms)
			ProcessInitializeOnLoadAttributes (399ms)
			ProcessInitializeOnLoadMethodAttributes (77ms)
			AfterProcessingInitializeOnLoad (7ms)
			EditorAssembliesLoaded (0ms)
		ExecutionOrderSort2 (0ms)
		AwakeInstancesAfterBackupRestoration (28ms)
Refreshing native plugins compatible for Editor in 1.10 ms, found 3 plugins.
Preloading 0 native plugins for Editor in 0.00 ms.
Unloading 13 Unused Serialized files (Serialized files now loaded: 0)
Unloading 6185 unused Assets / (3.7 MB). Loaded Objects now: 7018.
Memory consumption went from 147.9 MB to 144.2 MB.
Total: 10.790700 ms (FindLiveObjects: 0.736300 ms CreateObjectMapping: 0.720600 ms MarkObjects: 6.462200 ms  DeleteObjects: 2.870200 ms)

Prepare: number of updated asset objects reloaded= 0
========================================================================
Received Import Request.
  Time since last request: 1840.856375 seconds.
  path: Assets/00_Scenes/Scenas pruebas/Scenes Pablo/Energias/Shaders/ShadersCode/Mat_EnergyCore.mat
  artifactKey: Guid(c223a8d8d83ba6143a3202d4b8591208) Importer(2089858483,192608db42251d675da83286b1cce702)
Start importing Assets/00_Scenes/Scenas pruebas/Scenes Pablo/Energias/Shaders/ShadersCode/Mat_EnergyCore.mat using Guid(c223a8d8d83ba6143a3202d4b8591208) Importer(2089858483,192608db42251d675da83286b1cce702) (ScriptedImporter) -> (artifact id: '2985eee7922e1604b2881fbbfcbabab9') in 0.2345176 seconds
Number of updated asset objects reloaded before import = 0Number of asset objects unloaded after import = 1

========================================================================
Received Import Request.
  Time since last request: 0.000025 seconds.
  path: Assets/00_Scenes/Scenas pruebas/Scenes Pablo/Energias/Energias.unity
  artifactKey: Guid(9b458677403c0364bad4f93e900bee73) Importer(2089858483,192608db42251d675da83286b1cce702)
Start importing Assets/00_Scenes/Scenas pruebas/Scenes Pablo/Energias/Energias.unity using Guid(9b458677403c0364bad4f93e900bee73) Importer(2089858483,192608db42251d675da83286b1cce702) (ScriptedImporter) -> (artifact id: '0ba060eed8df9fe42b5f60a6ffe12549') in 0.0305555 seconds
Number of updated asset objects reloaded before import = 0Number of asset objects unloaded after import = 1

========================================================================
Received Prepare
Refreshing native plugins compatible for Editor in 0.74 ms, found 3 plugins.
Preloading 0 native plugins for Editor in 0.00 ms.
Unloading 13 Unused Serialized files (Serialized files now loaded: 0)
Unloading 6179 unused Assets / (4.3 MB). Loaded Objects now: 7019.
Memory consumption went from 148.1 MB to 143.9 MB.
Total: 8.708300 ms (FindLiveObjects: 0.740300 ms CreateObjectMapping: 0.661000 ms MarkObjects: 4.643100 ms  DeleteObjects: 2.662500 ms)

Prepare: number of updated asset objects reloaded= 0
========================================================================
Received Prepare
Refreshing native plugins compatible for Editor in 3.91 ms, found 3 plugins.
Preloading 0 native plugins for Editor in 0.00 ms.
Unloading 13 Unused Serialized files (Serialized files now loaded: 0)
Unloading 6179 unused Assets / (3.4 MB). Loaded Objects now: 7019.
Memory consumption went from 148.1 MB to 144.7 MB.
Total: 27.935300 ms (FindLiveObjects: 3.080500 ms CreateObjectMapping: 2.424100 ms MarkObjects: 15.632300 ms  DeleteObjects: 6.795900 ms)

Prepare: number of updated asset objects reloaded= 0
========================================================================
Received Import Request.
  Time since last request: 15.396693 seconds.
  path: Assets/00_Scenes/Scenas pruebas/Scenes Pablo/Energias/Scripts/EnergyInfoPanel.cs
  artifactKey: Guid(c6718d3090dfbb14f95a937a5388c5c0) Importer(815301076,1909f56bfc062723c751e8b465ee728b)
Start importing Assets/00_Scenes/Scenas pruebas/Scenes Pablo/Energias/Scripts/EnergyInfoPanel.cs using Guid(c6718d3090dfbb14f95a937a5388c5c0) Importer(815301076,1909f56bfc062723c751e8b465ee728b) (PreviewImporter) -> (artifact id: '13c9e8bc5fb1eed7bee469c164d449c7') in 0.0160278 seconds
Number of updated asset objects reloaded before import = 0Number of asset objects unloaded after import = 0

========================================================================
Received Prepare
Begin MonoManager ReloadAssembly
- Loaded All Assemblies, in  0.815 seconds
Refreshing native plugins compatible for Editor in 0.98 ms, found 3 plugins.
Native extension for WindowsStandalone target not found
[Package Manager] Failed to launch server process. Reason: Unity was launched with the -noUpm command-line argument
[Package Manager] Unable to send message (not connected to server process).
[Package Manager] Cannot connect to Unity Package Manager local server
Mono: successfully reloaded assembly
- Finished resetting the current domain, in  0.879 seconds
Domain Reload Profiling: 1696ms
	BeginReloadAssembly (240ms)
		ExecutionOrderSort (0ms)
		DisableScriptedObjects (21ms)
		BackupInstance (0ms)
		ReleaseScriptingObjects (0ms)
		CreateAndSetChildDomain (64ms)
	RebuildCommonClasses (37ms)
	RebuildNativeTypeToScriptingClass (14ms)
	initialDomainReloadingComplete (30ms)
	LoadAllAssembliesAndSetupDomain (496ms)
		LoadAssemblies (345ms)
		RebuildTransferFunctionScriptingTraits (0ms)
		AnalyzeDomain (247ms)
			TypeCache.Refresh (12ms)
				TypeCache.ScanAssembly (1ms)
			BuildScriptInfoCaches (220ms)
			ResolveRequiredComponents (11ms)
	FinalizeReload (880ms)
		ReleaseScriptCaches (0ms)
		RebuildScriptCaches (0ms)
		SetupLoadedEditorAssemblies (704ms)
			LogAssemblyErrors (0ms)
			InitializePlatformSupportModulesInManaged (2ms)
			SetLoadedEditorAssemblies (3ms)
			BeforeProcessingInitializeOnLoad (161ms)
			ProcessInitializeOnLoadAttributes (457ms)
			ProcessInitializeOnLoadMethodAttributes (73ms)
			AfterProcessingInitializeOnLoad (7ms)
			EditorAssembliesLoaded (0ms)
		ExecutionOrderSort2 (0ms)
		AwakeInstancesAfterBackupRestoration (19ms)
Refreshing native plugins compatible for Editor in 0.83 ms, found 3 plugins.
Preloading 0 native plugins for Editor in 0.00 ms.
Unloading 13 Unused Serialized files (Serialized files now loaded: 0)
Unloading 6186 unused Assets / (4.7 MB). Loaded Objects now: 7021.
Memory consumption went from 147.9 MB to 143.3 MB.
Total: 13.387000 ms (FindLiveObjects: 1.064500 ms CreateObjectMapping: 1.510400 ms MarkObjects: 5.963500 ms  DeleteObjects: 4.846900 ms)

Prepare: number of updated asset objects reloaded= 0
========================================================================
Received Prepare
Refreshing native plugins compatible for Editor in 1.25 ms, found 3 plugins.
Preloading 0 native plugins for Editor in 0.00 ms.
Unloading 13 Unused Serialized files (Serialized files now loaded: 0)
Unloading 6179 unused Assets / (4.0 MB). Loaded Objects now: 7021.
Memory consumption went from 148.1 MB to 144.2 MB.
Total: 44.339300 ms (FindLiveObjects: 2.556900 ms CreateObjectMapping: 4.160600 ms MarkObjects: 26.698300 ms  DeleteObjects: 10.921500 ms)

Prepare: number of updated asset objects reloaded= 0
========================================================================
Received Prepare
Begin MonoManager ReloadAssembly
- Loaded All Assemblies, in  1.038 seconds
Refreshing native plugins compatible for Editor in 0.69 ms, found 3 plugins.
Native extension for WindowsStandalone target not found
[Package Manager] Failed to launch server process. Reason: Unity was launched with the -noUpm command-line argument
[Package Manager] Unable to send message (not connected to server process).
[Package Manager] Cannot connect to Unity Package Manager local server
Mono: successfully reloaded assembly
- Finished resetting the current domain, in  0.669 seconds
Domain Reload Profiling: 1709ms
	BeginReloadAssembly (247ms)
		ExecutionOrderSort (0ms)
		DisableScriptedObjects (11ms)
		BackupInstance (0ms)
		ReleaseScriptingObjects (0ms)
		CreateAndSetChildDomain (61ms)
	RebuildCommonClasses (43ms)
	RebuildNativeTypeToScriptingClass (17ms)
	initialDomainReloadingComplete (33ms)
	LoadAllAssembliesAndSetupDomain (700ms)
		LoadAssemblies (546ms)
		RebuildTransferFunctionScriptingTraits (0ms)
		AnalyzeDomain (260ms)
			TypeCache.Refresh (13ms)
				TypeCache.ScanAssembly (1ms)
			BuildScriptInfoCaches (226ms)
			ResolveRequiredComponents (15ms)
	FinalizeReload (669ms)
		ReleaseScriptCaches (0ms)
		RebuildScriptCaches (0ms)
		SetupLoadedEditorAssemblies (502ms)
			LogAssemblyErrors (0ms)
			InitializePlatformSupportModulesInManaged (3ms)
			SetLoadedEditorAssemblies (5ms)
			BeforeProcessingInitializeOnLoad (111ms)
			ProcessInitializeOnLoadAttributes (321ms)
			ProcessInitializeOnLoadMethodAttributes (56ms)
			AfterProcessingInitializeOnLoad (5ms)
			EditorAssembliesLoaded (0ms)
		ExecutionOrderSort2 (0ms)
		AwakeInstancesAfterBackupRestoration (15ms)
Refreshing native plugins compatible for Editor in 0.76 ms, found 3 plugins.
Preloading 0 native plugins for Editor in 0.00 ms.
Unloading 13 Unused Serialized files (Serialized files now loaded: 0)
Unloading 6186 unused Assets / (4.1 MB). Loaded Objects now: 7023.
Memory consumption went from 147.9 MB to 143.8 MB.
Total: 8.034900 ms (FindLiveObjects: 0.825500 ms CreateObjectMapping: 0.603700 ms MarkObjects: 4.226700 ms  DeleteObjects: 2.377900 ms)

Prepare: number of updated asset objects reloaded= 0
