Using pre-set license
Built from '6000.0/respin/6000.0.59f1-063c55f2fd0f' branch; Version is '6000.0.59f2 (ef281c76c3c1) revision 15673372'; Using compiler version '193933523'; Build Type 'Release'
OS: 'Windows 10  (10.0.19045) 64bit CoreSingleLanguage' Language: 'es' Physical Memory: 11738 MB
BatchMode: 1, IsHumanControllingUs: 0, StartBugReporterOnCrash: 0, Is64bit: 1
Date: 2025-10-28T17:38:29Z

COMMAND LINE ARGUMENTS:
D:\Descargas\unity\6000.0.59f2\Editor\Unity.exe
-adb2
-batchMode
-noUpm
-name
AssetImportWorker0
-projectPath
D:/Descargas/Game-JAM-pablo-puzzle-sinergias
-logFile
Logs/AssetImportWorker0.log
-srvPort
49837
-job-worker-count
1
-background-job-worker-count
8
-gc-helper-count
1
-name
AssetImport
Successfully changed project path to: D:/Descargas/Game-JAM-pablo-puzzle-sinergias
D:/Descargas/Game-JAM-pablo-puzzle-sinergias
[UnityMemory] Configuration Parameters - Can be set up in boot.config
    "memorysetup-bucket-allocator-granularity=16"
    "memorysetup-bucket-allocator-bucket-count=8"
    "memorysetup-bucket-allocator-block-size=33554432"
    "memorysetup-bucket-allocator-block-count=8"
    "memorysetup-main-allocator-block-size=16777216"
    "memorysetup-thread-allocator-block-size=16777216"
    "memorysetup-gfx-main-allocator-block-size=16777216"
    "memorysetup-gfx-thread-allocator-block-size=16777216"
    "memorysetup-cache-allocator-block-size=4194304"
    "memorysetup-typetree-allocator-block-size=2097152"
    "memorysetup-profiler-bucket-allocator-granularity=16"
    "memorysetup-profiler-bucket-allocator-bucket-count=8"
    "memorysetup-profiler-bucket-allocator-block-size=33554432"
    "memorysetup-profiler-bucket-allocator-block-count=8"
    "memorysetup-profiler-allocator-block-size=16777216"
    "memorysetup-profiler-editor-allocator-block-size=1048576"
    "memorysetup-temp-allocator-size-main=16777216"
    "memorysetup-job-temp-allocator-block-size=2097152"
    "memorysetup-job-temp-allocator-block-size-background=1048576"
    "memorysetup-job-temp-allocator-reduction-small-platforms=262144"
    "memorysetup-allocator-temp-initial-block-size-main=262144"
    "memorysetup-allocator-temp-initial-block-size-worker=262144"
    "memorysetup-temp-allocator-size-background-worker=32768"
    "memorysetup-temp-allocator-size-job-worker=262144"
    "memorysetup-temp-allocator-size-preload-manager=33554432"
    "memorysetup-temp-allocator-size-nav-mesh-worker=65536"
    "memorysetup-temp-allocator-size-audio-worker=65536"
    "memorysetup-temp-allocator-size-cloud-worker=32768"
    "memorysetup-temp-allocator-size-gi-baking-worker=262144"
    "memorysetup-temp-allocator-size-gi-baking-worker=262144"
    "memorysetup-temp-allocator-size-gi-baking-worker=262144"
    "memorysetup-temp-allocator-size-gi-baking-worker=262144"
    "memorysetup-temp-allocator-size-gi-baking-worker=262144"
    "memorysetup-temp-allocator-size-gfx=262144"
Player connection [3128]  Target information:

Player connection [3128]  * "[IP] 192.168.60.1 [Port] 0 [Flags] 2 [Guid] 963242259 [EditorId] 963242259 [Version] 1048832 [Id] WindowsEditor(7,DESKTOP-91RQ1U4) [Debug] 1 [PackageName] WindowsEditor [ProjectName] Editor" 

Player connection [3128]  * "[IP] 192.168.83.1 [Port] 0 [Flags] 2 [Guid] 963242259 [EditorId] 963242259 [Version] 1048832 [Id] WindowsEditor(7,DESKTOP-91RQ1U4) [Debug] 1 [PackageName] WindowsEditor [ProjectName] Editor" 

Player connection [3128]  * "[IP] 10.58.225.102 [Port] 0 [Flags] 2 [Guid] 963242259 [EditorId] 963242259 [Version] 1048832 [Id] WindowsEditor(7,DESKTOP-91RQ1U4) [Debug] 1 [PackageName] WindowsEditor [ProjectName] Editor" 

Player connection [3128] Host joined multi-casting on [225.0.0.222:54997]...
Player connection [3128] Host joined alternative multi-casting on [225.0.0.222:34997]...
JobSystem: Creating JobQueue using job-worker-count value 1
Input System module state changed to: Initialized.
[Physics::Module] Initialized fallback backend.
[Physics::Module] Id: 0xdecafbad
Library Redirect Path: Library/
[Physics::Module] Selected backend.
[Physics::Module] Name: PhysX
[Physics::Module] Id: 0xf2b8ea05
[Physics::Module] SDK Version: 4.1.2
[Physics::Module] Integration Version: 1.0.0
[Physics::Module] Threading Mode: Multi-Threaded
Refreshing native plugins compatible for Editor in 405.00 ms, found 3 plugins.
Preloading 0 native plugins for Editor in 0.00 ms.
Initialize engine version: 6000.0.59f2 (ef281c76c3c1)
[Subsystems] Discovering subsystems at path D:/Descargas/unity/6000.0.59f2/Editor/Data/Resources/UnitySubsystems
[Subsystems] Discovering subsystems at path D:/Descargas/Game-JAM-pablo-puzzle-sinergias/Assets
GfxDevice: creating device client; kGfxThreadingModeNonThreaded
Direct3D:
    Version:  Direct3D 11.0 [level 11.1]
    Renderer: AMD Radeon R7 Graphics (ID=0x9874)
    Vendor:   ATI
    VRAM:     5869 MB
    Driver:   27.20.1034.6
Shader Hidden/ProbeVolume/VoxelizeScene is not supported: GPU does not support conservative rasterization
Initialize mono
Mono path[0] = 'D:/Descargas/unity/6000.0.59f2/Editor/Data/Managed'
Mono path[1] = 'D:/Descargas/unity/6000.0.59f2/Editor/Data/MonoBleedingEdge/lib/mono/unityjit-win32'
Mono config path = 'D:/Descargas/unity/6000.0.59f2/Editor/Data/MonoBleedingEdge/etc'
Using monoOptions --debugger-agent=transport=dt_socket,embedding=1,server=y,suspend=n,address=127.0.0.1:56448
Begin MonoManager ReloadAssembly
Registering precompiled unity dll's ...
Register platform support module: D:/Descargas/unity/6000.0.59f2/Editor/Data/PlaybackEngines/WindowsStandaloneSupport/UnityEditor.WindowsStandalone.Extensions.dll
Registered in 0.012368 seconds.
- Loaded All Assemblies, in  2.335 seconds
Native extension for WindowsStandalone target not found
Mono: successfully reloaded assembly
- Finished resetting the current domain, in  4.829 seconds
Domain Reload Profiling: 7164ms
	BeginReloadAssembly (884ms)
		ExecutionOrderSort (0ms)
		DisableScriptedObjects (0ms)
		BackupInstance (0ms)
		ReleaseScriptingObjects (0ms)
		CreateAndSetChildDomain (3ms)
	RebuildCommonClasses (299ms)
	RebuildNativeTypeToScriptingClass (69ms)
	initialDomainReloadingComplete (296ms)
	LoadAllAssembliesAndSetupDomain (783ms)
		LoadAssemblies (880ms)
		RebuildTransferFunctionScriptingTraits (0ms)
		AnalyzeDomain (767ms)
			TypeCache.Refresh (763ms)
				TypeCache.ScanAssembly (716ms)
			BuildScriptInfoCaches (0ms)
			ResolveRequiredComponents (1ms)
	FinalizeReload (4833ms)
		ReleaseScriptCaches (0ms)
		RebuildScriptCaches (0ms)
		SetupLoadedEditorAssemblies (4564ms)
			LogAssemblyErrors (0ms)
			InitializePlatformSupportModulesInManaged (75ms)
			SetLoadedEditorAssemblies (21ms)
			BeforeProcessingInitializeOnLoad (476ms)
			ProcessInitializeOnLoadAttributes (3466ms)
			ProcessInitializeOnLoadMethodAttributes (525ms)
			AfterProcessingInitializeOnLoad (0ms)
			EditorAssembliesLoaded (0ms)
		ExecutionOrderSort2 (0ms)
		AwakeInstancesAfterBackupRestoration (0ms)
========================================================================
Worker process is ready to serve import requests
Import Worker Mode flag is 0x00
Begin MonoManager ReloadAssembly
- Loaded All Assemblies, in 15.633 seconds
Refreshing native plugins compatible for Editor in 9.59 ms, found 3 plugins.
Native extension for WindowsStandalone target not found
Package Manager log level set to [2]
[Package Manager] Failed to launch server process. Reason: Unity was launched with the -noUpm command-line argument
[Package Manager] Unable to send message (not connected to server process).
[Package Manager] Cannot connect to Unity Package Manager local server
Mono: successfully reloaded assembly
- Finished resetting the current domain, in 11.591 seconds
Domain Reload Profiling: 27210ms
	BeginReloadAssembly (1896ms)
		ExecutionOrderSort (0ms)
		DisableScriptedObjects (55ms)
		BackupInstance (0ms)
		ReleaseScriptingObjects (1ms)
		CreateAndSetChildDomain (211ms)
	RebuildCommonClasses (176ms)
	RebuildNativeTypeToScriptingClass (47ms)
	initialDomainReloadingComplete (550ms)
	LoadAllAssembliesAndSetupDomain (12947ms)
		LoadAssemblies (8450ms)
		RebuildTransferFunctionScriptingTraits (0ms)
		AnalyzeDomain (5813ms)
			TypeCache.Refresh (4816ms)
				TypeCache.ScanAssembly (4641ms)
			BuildScriptInfoCaches (343ms)
			ResolveRequiredComponents (625ms)
	FinalizeReload (11594ms)
		ReleaseScriptCaches (0ms)
		RebuildScriptCaches (0ms)
		SetupLoadedEditorAssemblies (9579ms)
			LogAssemblyErrors (0ms)
			InitializePlatformSupportModulesInManaged (12ms)
			SetLoadedEditorAssemblies (21ms)
			BeforeProcessingInitializeOnLoad (1071ms)
			ProcessInitializeOnLoadAttributes (7861ms)
			ProcessInitializeOnLoadMethodAttributes (530ms)
			AfterProcessingInitializeOnLoad (82ms)
			EditorAssembliesLoaded (2ms)
		ExecutionOrderSort2 (0ms)
		AwakeInstancesAfterBackupRestoration (153ms)
Shader Hidden/ProbeVolume/VoxelizeScene is not supported: GPU does not support conservative rasterization
Launched and connected shader compiler UnityShaderCompiler.exe after 0.09 seconds
Refreshing native plugins compatible for Editor in 4.84 ms, found 3 plugins.
Preloading 0 native plugins for Editor in 0.00 ms.
Unloading 13 Unused Serialized files (Serialized files now loaded: 0)
Unloading 6168 unused Assets / (3.9 MB). Loaded Objects now: 6879.
Memory consumption went from 123.4 MB to 119.6 MB.
Total: 47.049300 ms (FindLiveObjects: 2.338200 ms CreateObjectMapping: 4.629000 ms MarkObjects: 21.663400 ms  DeleteObjects: 18.414800 ms)

========================================================================
Received Import Request.
  Time since last request: 1366.986426 seconds.
  path: Assets/00_Scenes/Scenas pruebas/SceneMauricio.unity
  artifactKey: Guid(d74cc076d97e56d4da491e6c2c4a5a5c) Importer(815301076,1909f56bfc062723c751e8b465ee728b)
Start importing Assets/00_Scenes/Scenas pruebas/SceneMauricio.unity using Guid(d74cc076d97e56d4da491e6c2c4a5a5c) Importer(815301076,1909f56bfc062723c751e8b465ee728b) (PreviewImporter) -> (artifact id: '295ae5d9433cb8ba7f3fcdf134d6d868') in 0.025696 seconds
Number of updated asset objects reloaded before import = 0Number of asset objects unloaded after import = 0

========================================================================
Received Import Request.
  Time since last request: 99.012731 seconds.
  path: Assets/06_Models/ChorizoModel
  artifactKey: Guid(961a2e89bd676f24090e3814ae12721d) Importer(815301076,1909f56bfc062723c751e8b465ee728b)
Start importing Assets/06_Models/ChorizoModel using Guid(961a2e89bd676f24090e3814ae12721d) Importer(815301076,1909f56bfc062723c751e8b465ee728b) (PreviewImporter) -> (artifact id: '7cee2d268eddd167ea4008f570c13389') in 0.0017337 seconds
Number of updated asset objects reloaded before import = 0Number of asset objects unloaded after import = 0

========================================================================
Received Import Request.
  Time since last request: 1.247890 seconds.
  path: Assets/06_Models/ChorizoModel/ChorizoRevampAnimTODO.fbx
  artifactKey: Guid(2af8517a4f69fd9459d4ebe1d5387dbe) Importer(815301076,1909f56bfc062723c751e8b465ee728b)
Start importing Assets/06_Models/ChorizoModel/ChorizoRevampAnimTODO.fbx using Guid(2af8517a4f69fd9459d4ebe1d5387dbe) Importer(815301076,1909f56bfc062723c751e8b465ee728b) (PreviewImporter) -> (artifact id: 'a4bb8db9403b27f0ada9e1adc8b9edb6') in 13.4686349 seconds
Number of updated asset objects reloaded before import = 0Number of asset objects unloaded after import = 193

========================================================================
Received Import Request.
  Time since last request: 225.520133 seconds.
  path: Assets/00_Scenes/Scenes Mauricio/Puzzle_Tragaperras.unity
  artifactKey: Guid(fc6124ea06e009d47afa35c409ebebbc) Importer(815301076,1909f56bfc062723c751e8b465ee728b)
Start importing Assets/00_Scenes/Scenes Mauricio/Puzzle_Tragaperras.unity using Guid(fc6124ea06e009d47afa35c409ebebbc) Importer(815301076,1909f56bfc062723c751e8b465ee728b) (PreviewImporter) -> (artifact id: '012ccac0df43a5227ec1d9fa8e1706fb') in 0.0019365 seconds
Number of updated asset objects reloaded before import = 0Number of asset objects unloaded after import = 0

========================================================================
Received Prepare
Begin MonoManager ReloadAssembly
- Loaded All Assemblies, in  2.709 seconds
Refreshing native plugins compatible for Editor in 3.80 ms, found 3 plugins.
Native extension for WindowsStandalone target not found
[Package Manager] Failed to launch server process. Reason: Unity was launched with the -noUpm command-line argument
[Package Manager] Unable to send message (not connected to server process).
[Package Manager] Cannot connect to Unity Package Manager local server
Mono: successfully reloaded assembly
- Finished resetting the current domain, in  3.969 seconds
Domain Reload Profiling: 6685ms
	BeginReloadAssembly (818ms)
		ExecutionOrderSort (0ms)
		DisableScriptedObjects (72ms)
		BackupInstance (0ms)
		ReleaseScriptingObjects (0ms)
		CreateAndSetChildDomain (161ms)
	RebuildCommonClasses (128ms)
	RebuildNativeTypeToScriptingClass (41ms)
	initialDomainReloadingComplete (89ms)
	LoadAllAssembliesAndSetupDomain (1638ms)
		LoadAssemblies (1484ms)
		RebuildTransferFunctionScriptingTraits (0ms)
		AnalyzeDomain (591ms)
			TypeCache.Refresh (19ms)
				TypeCache.ScanAssembly (0ms)
			BuildScriptInfoCaches (523ms)
			ResolveRequiredComponents (37ms)
	FinalizeReload (3971ms)
		ReleaseScriptCaches (0ms)
		RebuildScriptCaches (0ms)
		SetupLoadedEditorAssemblies (3220ms)
			LogAssemblyErrors (0ms)
			InitializePlatformSupportModulesInManaged (10ms)
			SetLoadedEditorAssemblies (10ms)
			BeforeProcessingInitializeOnLoad (583ms)
			ProcessInitializeOnLoadAttributes (2116ms)
			ProcessInitializeOnLoadMethodAttributes (485ms)
			AfterProcessingInitializeOnLoad (15ms)
			EditorAssembliesLoaded (1ms)
		ExecutionOrderSort2 (1ms)
		AwakeInstancesAfterBackupRestoration (106ms)
Shader Hidden/ProbeVolume/VoxelizeScene is not supported: GPU does not support conservative rasterization
Refreshing native plugins compatible for Editor in 2.38 ms, found 3 plugins.
Preloading 0 native plugins for Editor in 0.00 ms.
Unloading 13 Unused Serialized files (Serialized files now loaded: 0)
Unloading 6167 unused Assets / (4.1 MB). Loaded Objects now: 6964.
Memory consumption went from 150.8 MB to 146.7 MB.
Total: 21.431300 ms (FindLiveObjects: 1.634700 ms CreateObjectMapping: 1.945400 ms MarkObjects: 12.110900 ms  DeleteObjects: 5.737600 ms)

Prepare: number of updated asset objects reloaded= 0
========================================================================
Received Prepare
Begin MonoManager ReloadAssembly
- Loaded All Assemblies, in  2.916 seconds
Refreshing native plugins compatible for Editor in 4.77 ms, found 3 plugins.
Native extension for WindowsStandalone target not found
[Package Manager] Failed to launch server process. Reason: Unity was launched with the -noUpm command-line argument
[Package Manager] Unable to send message (not connected to server process).
[Package Manager] Cannot connect to Unity Package Manager local server
Mono: successfully reloaded assembly
- Finished resetting the current domain, in  2.963 seconds
Domain Reload Profiling: 5888ms
	BeginReloadAssembly (802ms)
		ExecutionOrderSort (0ms)
		DisableScriptedObjects (26ms)
		BackupInstance (0ms)
		ReleaseScriptingObjects (0ms)
		CreateAndSetChildDomain (135ms)
	RebuildCommonClasses (124ms)
	RebuildNativeTypeToScriptingClass (42ms)
	initialDomainReloadingComplete (93ms)
	LoadAllAssembliesAndSetupDomain (1862ms)
		LoadAssemblies (1657ms)
		RebuildTransferFunctionScriptingTraits (0ms)
		AnalyzeDomain (685ms)
			TypeCache.Refresh (25ms)
				TypeCache.ScanAssembly (0ms)
			BuildScriptInfoCaches (602ms)
			ResolveRequiredComponents (47ms)
	FinalizeReload (2965ms)
		ReleaseScriptCaches (0ms)
		RebuildScriptCaches (0ms)
		SetupLoadedEditorAssemblies (2240ms)
			LogAssemblyErrors (0ms)
			InitializePlatformSupportModulesInManaged (7ms)
			SetLoadedEditorAssemblies (10ms)
			BeforeProcessingInitializeOnLoad (550ms)
			ProcessInitializeOnLoadAttributes (1452ms)
			ProcessInitializeOnLoadMethodAttributes (213ms)
			AfterProcessingInitializeOnLoad (7ms)
			EditorAssembliesLoaded (1ms)
		ExecutionOrderSort2 (0ms)
		AwakeInstancesAfterBackupRestoration (58ms)
Shader Hidden/ProbeVolume/VoxelizeScene is not supported: GPU does not support conservative rasterization
Refreshing native plugins compatible for Editor in 3.73 ms, found 3 plugins.
Preloading 0 native plugins for Editor in 0.00 ms.
Unloading 13 Unused Serialized files (Serialized files now loaded: 0)
Unloading 6166 unused Assets / (4.0 MB). Loaded Objects now: 6966.
Memory consumption went from 150.6 MB to 146.6 MB.
Total: 28.882300 ms (FindLiveObjects: 1.927500 ms CreateObjectMapping: 2.338300 ms MarkObjects: 16.797500 ms  DeleteObjects: 7.814300 ms)

Prepare: number of updated asset objects reloaded= 0
========================================================================
Received Import Request.
  Time since last request: 497.055716 seconds.
  path: Assets/06_Models/ChorizoModel/ChorizoRevampAnimTODO.fbx
  artifactKey: Guid(2af8517a4f69fd9459d4ebe1d5387dbe) Importer(815301076,1909f56bfc062723c751e8b465ee728b)
Start importing Assets/06_Models/ChorizoModel/ChorizoRevampAnimTODO.fbx using Guid(2af8517a4f69fd9459d4ebe1d5387dbe) Importer(815301076,1909f56bfc062723c751e8b465ee728b) (PreviewImporter) -> (artifact id: 'c600168c52644f93f5b8e786932713f6') in 2.3929238 seconds
Number of updated asset objects reloaded before import = 0Number of asset objects unloaded after import = 193

========================================================================
Received Import Request.
  Time since last request: 22.469553 seconds.
  path: Assets/01_Prefabs/Player
  artifactKey: Guid(5622cbda306606b41b8684f44f63ac74) Importer(815301076,1909f56bfc062723c751e8b465ee728b)
Start importing Assets/01_Prefabs/Player using Guid(5622cbda306606b41b8684f44f63ac74) Importer(815301076,1909f56bfc062723c751e8b465ee728b) (PreviewImporter) -> (artifact id: '7918418b6b202cd5a8ae9aa496ec2f0c') in 0.0013673 seconds
Number of updated asset objects reloaded before import = 0Number of asset objects unloaded after import = 0

========================================================================
Received Import Request.
  Time since last request: 1.149396 seconds.
  path: Assets/01_Prefabs/Player/PlayerAnims.prefab
  artifactKey: Guid(f046af32926daa2409d9195480eac130) Importer(815301076,1909f56bfc062723c751e8b465ee728b)
Start importing Assets/01_Prefabs/Player/PlayerAnims.prefab using Guid(f046af32926daa2409d9195480eac130) Importer(815301076,1909f56bfc062723c751e8b465ee728b) (PreviewImporter) -> (artifact id: '01890cda0b4464ee323dd32eb36861f3') in 0.0868553 seconds
Number of updated asset objects reloaded before import = 0Number of asset objects unloaded after import = 381

========================================================================
Received Import Request.
  Time since last request: 13.615740 seconds.
  path: Assets/01_Prefabs/Player/PlayerAnims.prefab
  artifactKey: Guid(f046af32926daa2409d9195480eac130) Importer(815301076,1909f56bfc062723c751e8b465ee728b)
Start importing Assets/01_Prefabs/Player/PlayerAnims.prefab using Guid(f046af32926daa2409d9195480eac130) Importer(815301076,1909f56bfc062723c751e8b465ee728b) (PreviewImporter) -> (artifact id: 'aca4938cd27e62d20fb5e4a39991cb44') in 0.0587413 seconds
Number of updated asset objects reloaded before import = 0Number of asset objects unloaded after import = 381

========================================================================
Received Import Request.
  Time since last request: 12.910676 seconds.
  path: Assets/00_Scenes/MainScene
  artifactKey: Guid(5c251dd7b65511848b2727ef6f9c6158) Importer(815301076,1909f56bfc062723c751e8b465ee728b)
Start importing Assets/00_Scenes/MainScene using Guid(5c251dd7b65511848b2727ef6f9c6158) Importer(815301076,1909f56bfc062723c751e8b465ee728b) (PreviewImporter) -> (artifact id: 'd94ca69dead3514e9e035f677bb8eaa6') in 0.0018893 seconds
Number of updated asset objects reloaded before import = 0Number of asset objects unloaded after import = 0

========================================================================
Received Import Request.
  Time since last request: 7.850337 seconds.
  path: Assets/00_Scenes/Scenas pruebas/SceneLuis.unity
  artifactKey: Guid(ff55b56a15bd03f44aa9f53935356508) Importer(815301076,1909f56bfc062723c751e8b465ee728b)
Start importing Assets/00_Scenes/Scenas pruebas/SceneLuis.unity using Guid(ff55b56a15bd03f44aa9f53935356508) Importer(815301076,1909f56bfc062723c751e8b465ee728b) (PreviewImporter) -> (artifact id: '9d1cd79074aba050437e56c99c26d220') in 0.001355 seconds
Number of updated asset objects reloaded before import = 0Number of asset objects unloaded after import = 0

========================================================================
Received Prepare
Begin MonoManager ReloadAssembly
- Loaded All Assemblies, in  2.737 seconds
Refreshing native plugins compatible for Editor in 4.66 ms, found 3 plugins.
Native extension for WindowsStandalone target not found
[Package Manager] Failed to launch server process. Reason: Unity was launched with the -noUpm command-line argument
[Package Manager] Unable to send message (not connected to server process).
[Package Manager] Cannot connect to Unity Package Manager local server
Mono: successfully reloaded assembly
- Finished resetting the current domain, in  3.229 seconds
Domain Reload Profiling: 5975ms
	BeginReloadAssembly (795ms)
		ExecutionOrderSort (0ms)
		DisableScriptedObjects (76ms)
		BackupInstance (0ms)
		ReleaseScriptingObjects (0ms)
		CreateAndSetChildDomain (152ms)
	RebuildCommonClasses (132ms)
	RebuildNativeTypeToScriptingClass (42ms)
	initialDomainReloadingComplete (87ms)
	LoadAllAssembliesAndSetupDomain (1688ms)
		LoadAssemblies (1501ms)
		RebuildTransferFunctionScriptingTraits (0ms)
		AnalyzeDomain (602ms)
			TypeCache.Refresh (22ms)
				TypeCache.ScanAssembly (0ms)
			BuildScriptInfoCaches (533ms)
			ResolveRequiredComponents (36ms)
	FinalizeReload (3231ms)
		ReleaseScriptCaches (0ms)
		RebuildScriptCaches (0ms)
		SetupLoadedEditorAssemblies (2508ms)
			LogAssemblyErrors (0ms)
			InitializePlatformSupportModulesInManaged (9ms)
			SetLoadedEditorAssemblies (14ms)
			BeforeProcessingInitializeOnLoad (555ms)
			ProcessInitializeOnLoadAttributes (1643ms)
			ProcessInitializeOnLoadMethodAttributes (276ms)
			AfterProcessingInitializeOnLoad (10ms)
			EditorAssembliesLoaded (1ms)
		ExecutionOrderSort2 (0ms)
		AwakeInstancesAfterBackupRestoration (95ms)
Shader Hidden/ProbeVolume/VoxelizeScene is not supported: GPU does not support conservative rasterization
Refreshing native plugins compatible for Editor in 6.74 ms, found 3 plugins.
Preloading 0 native plugins for Editor in 0.00 ms.
Unloading 13 Unused Serialized files (Serialized files now loaded: 0)
Unloading 6167 unused Assets / (3.4 MB). Loaded Objects now: 6988.
Memory consumption went from 151.9 MB to 148.5 MB.
Total: 39.709500 ms (FindLiveObjects: 1.935000 ms CreateObjectMapping: 3.339000 ms MarkObjects: 24.683200 ms  DeleteObjects: 9.748400 ms)

Prepare: number of updated asset objects reloaded= 0
========================================================================
Received Prepare
Begin MonoManager ReloadAssembly
- Loaded All Assemblies, in  2.743 seconds
Refreshing native plugins compatible for Editor in 4.77 ms, found 3 plugins.
Native extension for WindowsStandalone target not found
[Package Manager] Failed to launch server process. Reason: Unity was launched with the -noUpm command-line argument
[Package Manager] Unable to send message (not connected to server process).
[Package Manager] Cannot connect to Unity Package Manager local server
Mono: successfully reloaded assembly
- Finished resetting the current domain, in  4.087 seconds
Domain Reload Profiling: 6839ms
	BeginReloadAssembly (725ms)
		ExecutionOrderSort (0ms)
		DisableScriptedObjects (26ms)
		BackupInstance (0ms)
		ReleaseScriptingObjects (0ms)
		CreateAndSetChildDomain (118ms)
	RebuildCommonClasses (138ms)
	RebuildNativeTypeToScriptingClass (42ms)
	initialDomainReloadingComplete (86ms)
	LoadAllAssembliesAndSetupDomain (1759ms)
		LoadAssemblies (1502ms)
		RebuildTransferFunctionScriptingTraits (0ms)
		AnalyzeDomain (699ms)
			TypeCache.Refresh (26ms)
				TypeCache.ScanAssembly (0ms)
			BuildScriptInfoCaches (621ms)
			ResolveRequiredComponents (42ms)
	FinalizeReload (4090ms)
		ReleaseScriptCaches (0ms)
		RebuildScriptCaches (0ms)
		SetupLoadedEditorAssemblies (3299ms)
			LogAssemblyErrors (0ms)
			InitializePlatformSupportModulesInManaged (8ms)
			SetLoadedEditorAssemblies (13ms)
			BeforeProcessingInitializeOnLoad (491ms)
			ProcessInitializeOnLoadAttributes (1917ms)
			ProcessInitializeOnLoadMethodAttributes (845ms)
			AfterProcessingInitializeOnLoad (22ms)
			EditorAssembliesLoaded (1ms)
		ExecutionOrderSort2 (0ms)
		AwakeInstancesAfterBackupRestoration (126ms)
Shader Hidden/ProbeVolume/VoxelizeScene is not supported: GPU does not support conservative rasterization
Refreshing native plugins compatible for Editor in 6.09 ms, found 3 plugins.
Preloading 0 native plugins for Editor in 0.00 ms.
Unloading 13 Unused Serialized files (Serialized files now loaded: 0)
Unloading 6166 unused Assets / (3.5 MB). Loaded Objects now: 6990.
Memory consumption went from 151.8 MB to 148.2 MB.
Total: 40.184300 ms (FindLiveObjects: 2.191800 ms CreateObjectMapping: 3.567600 ms MarkObjects: 22.409100 ms  DeleteObjects: 12.011300 ms)

Prepare: number of updated asset objects reloaded= 0
========================================================================
Received Prepare
Begin MonoManager ReloadAssembly
- Loaded All Assemblies, in  2.738 seconds
Refreshing native plugins compatible for Editor in 3.90 ms, found 3 plugins.
Native extension for WindowsStandalone target not found
[Package Manager] Failed to launch server process. Reason: Unity was launched with the -noUpm command-line argument
[Package Manager] Unable to send message (not connected to server process).
[Package Manager] Cannot connect to Unity Package Manager local server
Mono: successfully reloaded assembly
- Finished resetting the current domain, in  3.994 seconds
Domain Reload Profiling: 6740ms
	BeginReloadAssembly (824ms)
		ExecutionOrderSort (0ms)
		DisableScriptedObjects (23ms)
		BackupInstance (0ms)
		ReleaseScriptingObjects (0ms)
		CreateAndSetChildDomain (152ms)
	RebuildCommonClasses (129ms)
	RebuildNativeTypeToScriptingClass (38ms)
	initialDomainReloadingComplete (86ms)
	LoadAllAssembliesAndSetupDomain (1667ms)
		LoadAssemblies (1456ms)
		RebuildTransferFunctionScriptingTraits (0ms)
		AnalyzeDomain (611ms)
			TypeCache.Refresh (25ms)
				TypeCache.ScanAssembly (0ms)
			BuildScriptInfoCaches (541ms)
			ResolveRequiredComponents (35ms)
	FinalizeReload (3996ms)
		ReleaseScriptCaches (0ms)
		RebuildScriptCaches (0ms)
		SetupLoadedEditorAssemblies (3307ms)
			LogAssemblyErrors (0ms)
			InitializePlatformSupportModulesInManaged (6ms)
			SetLoadedEditorAssemblies (9ms)
			BeforeProcessingInitializeOnLoad (609ms)
			ProcessInitializeOnLoadAttributes (2191ms)
			ProcessInitializeOnLoadMethodAttributes (479ms)
			AfterProcessingInitializeOnLoad (12ms)
			EditorAssembliesLoaded (2ms)
		ExecutionOrderSort2 (0ms)
		AwakeInstancesAfterBackupRestoration (113ms)
Shader Hidden/ProbeVolume/VoxelizeScene is not supported: GPU does not support conservative rasterization
Refreshing native plugins compatible for Editor in 3.25 ms, found 3 plugins.
Preloading 0 native plugins for Editor in 0.00 ms.
Unloading 13 Unused Serialized files (Serialized files now loaded: 0)
Unloading 6166 unused Assets / (4.0 MB). Loaded Objects now: 6992.
Memory consumption went from 151.9 MB to 147.8 MB.
Total: 22.960000 ms (FindLiveObjects: 1.593300 ms CreateObjectMapping: 2.101100 ms MarkObjects: 13.397100 ms  DeleteObjects: 5.864400 ms)

Prepare: number of updated asset objects reloaded= 0
========================================================================
Received Prepare
Begin MonoManager ReloadAssembly
- Loaded All Assemblies, in  2.654 seconds
Refreshing native plugins compatible for Editor in 5.12 ms, found 3 plugins.
Native extension for WindowsStandalone target not found
[Package Manager] Failed to launch server process. Reason: Unity was launched with the -noUpm command-line argument
[Package Manager] Unable to send message (not connected to server process).
[Package Manager] Cannot connect to Unity Package Manager local server
Mono: successfully reloaded assembly
- Finished resetting the current domain, in  3.095 seconds
Domain Reload Profiling: 5759ms
	BeginReloadAssembly (701ms)
		ExecutionOrderSort (0ms)
		DisableScriptedObjects (23ms)
		BackupInstance (0ms)
		ReleaseScriptingObjects (0ms)
		CreateAndSetChildDomain (128ms)
	RebuildCommonClasses (119ms)
	RebuildNativeTypeToScriptingClass (46ms)
	initialDomainReloadingComplete (86ms)
	LoadAllAssembliesAndSetupDomain (1709ms)
		LoadAssemblies (1477ms)
		RebuildTransferFunctionScriptingTraits (0ms)
		AnalyzeDomain (639ms)
			TypeCache.Refresh (25ms)
				TypeCache.ScanAssembly (0ms)
			BuildScriptInfoCaches (564ms)
			ResolveRequiredComponents (41ms)
	FinalizeReload (3098ms)
		ReleaseScriptCaches (0ms)
		RebuildScriptCaches (0ms)
		SetupLoadedEditorAssemblies (2381ms)
			LogAssemblyErrors (0ms)
			InitializePlatformSupportModulesInManaged (9ms)
			SetLoadedEditorAssemblies (14ms)
			BeforeProcessingInitializeOnLoad (611ms)
			ProcessInitializeOnLoadAttributes (1396ms)
			ProcessInitializeOnLoadMethodAttributes (340ms)
			AfterProcessingInitializeOnLoad (10ms)
			EditorAssembliesLoaded (1ms)
		ExecutionOrderSort2 (0ms)
		AwakeInstancesAfterBackupRestoration (81ms)
Shader Hidden/ProbeVolume/VoxelizeScene is not supported: GPU does not support conservative rasterization
Refreshing native plugins compatible for Editor in 4.80 ms, found 3 plugins.
Preloading 0 native plugins for Editor in 0.00 ms.
Unloading 13 Unused Serialized files (Serialized files now loaded: 0)
Unloading 6166 unused Assets / (3.9 MB). Loaded Objects now: 6994.
Memory consumption went from 151.9 MB to 148.0 MB.
Total: 32.266800 ms (FindLiveObjects: 2.313900 ms CreateObjectMapping: 3.646000 ms MarkObjects: 19.390000 ms  DeleteObjects: 6.912600 ms)

Prepare: number of updated asset objects reloaded= 0
========================================================================
Received Import Request.
  Time since last request: 466.733831 seconds.
  path: Assets/06_Models/ChorizoModelconIdleAnim.fbx
  artifactKey: Guid(4fb78f8b2d3f994429db6b999914edab) Importer(815301076,1909f56bfc062723c751e8b465ee728b)
Start importing Assets/06_Models/ChorizoModelconIdleAnim.fbx using Guid(4fb78f8b2d3f994429db6b999914edab) Importer(815301076,1909f56bfc062723c751e8b465ee728b) (PreviewImporter) -> (artifact id: 'caf2d14f6ce532ed19fde0edd33b3b58') in 2.2489925 seconds
Number of updated asset objects reloaded before import = 0Number of asset objects unloaded after import = 144

========================================================================
Received Prepare
Begin MonoManager ReloadAssembly
- Loaded All Assemblies, in  2.759 seconds
Refreshing native plugins compatible for Editor in 4.11 ms, found 3 plugins.
Native extension for WindowsStandalone target not found
[Package Manager] Failed to launch server process. Reason: Unity was launched with the -noUpm command-line argument
[Package Manager] Unable to send message (not connected to server process).
[Package Manager] Cannot connect to Unity Package Manager local server
Mono: successfully reloaded assembly
- Finished resetting the current domain, in  3.706 seconds
Domain Reload Profiling: 6473ms
	BeginReloadAssembly (776ms)
		ExecutionOrderSort (0ms)
		DisableScriptedObjects (69ms)
		BackupInstance (0ms)
		ReleaseScriptingObjects (0ms)
		CreateAndSetChildDomain (159ms)
	RebuildCommonClasses (126ms)
	RebuildNativeTypeToScriptingClass (45ms)
	initialDomainReloadingComplete (83ms)
	LoadAllAssembliesAndSetupDomain (1734ms)
		LoadAssemblies (1507ms)
		RebuildTransferFunctionScriptingTraits (0ms)
		AnalyzeDomain (628ms)
			TypeCache.Refresh (20ms)
				TypeCache.ScanAssembly (0ms)
			BuildScriptInfoCaches (551ms)
			ResolveRequiredComponents (47ms)
	FinalizeReload (3708ms)
		ReleaseScriptCaches (0ms)
		RebuildScriptCaches (0ms)
		SetupLoadedEditorAssemblies (2971ms)
			LogAssemblyErrors (0ms)
			InitializePlatformSupportModulesInManaged (11ms)
			SetLoadedEditorAssemblies (15ms)
			BeforeProcessingInitializeOnLoad (611ms)
			ProcessInitializeOnLoadAttributes (2003ms)
			ProcessInitializeOnLoadMethodAttributes (321ms)
			AfterProcessingInitializeOnLoad (10ms)
			EditorAssembliesLoaded (1ms)
		ExecutionOrderSort2 (0ms)
		AwakeInstancesAfterBackupRestoration (83ms)
Shader Hidden/ProbeVolume/VoxelizeScene is not supported: GPU does not support conservative rasterization
Refreshing native plugins compatible for Editor in 4.51 ms, found 3 plugins.
Preloading 0 native plugins for Editor in 0.00 ms.
Unloading 13 Unused Serialized files (Serialized files now loaded: 0)
Unloading 6167 unused Assets / (3.8 MB). Loaded Objects now: 7016.
Memory consumption went from 152.1 MB to 148.3 MB.
Total: 32.497600 ms (FindLiveObjects: 2.534400 ms CreateObjectMapping: 2.437000 ms MarkObjects: 20.270300 ms  DeleteObjects: 7.250500 ms)

Prepare: number of updated asset objects reloaded= 0
========================================================================
Received Import Request.
  Time since last request: 26.804952 seconds.
  path: Assets/07_Animations/PlayerAnimations/Player.controller
  artifactKey: Guid(7a88da05ae00baa42a9852c79a5d3013) Importer(815301076,1909f56bfc062723c751e8b465ee728b)
Start importing Assets/07_Animations/PlayerAnimations/Player.controller using Guid(7a88da05ae00baa42a9852c79a5d3013) Importer(815301076,1909f56bfc062723c751e8b465ee728b) (PreviewImporter) -> (artifact id: '1e15790a941b4d6a6901c5f1d7193db4') in 0.0935625 seconds
Number of updated asset objects reloaded before import = 0Number of asset objects unloaded after import = 18

========================================================================
Received Import Request.
  Time since last request: 132.247763 seconds.
  path: Assets/06_Models/ChorizoModel/ChorizoRevampAnimTODO.fbx
  artifactKey: Guid(2af8517a4f69fd9459d4ebe1d5387dbe) Importer(815301076,1909f56bfc062723c751e8b465ee728b)
Start importing Assets/06_Models/ChorizoModel/ChorizoRevampAnimTODO.fbx using Guid(2af8517a4f69fd9459d4ebe1d5387dbe) Importer(815301076,1909f56bfc062723c751e8b465ee728b) (PreviewImporter) -> (artifact id: '501a645070a69faad9f3c74ac6465911') in 2.17815 seconds
Number of updated asset objects reloaded before import = 0Number of asset objects unloaded after import = 193

========================================================================
Received Prepare
Begin MonoManager ReloadAssembly
- Loaded All Assemblies, in  2.736 seconds
Refreshing native plugins compatible for Editor in 4.34 ms, found 3 plugins.
Native extension for WindowsStandalone target not found
[Package Manager] Failed to launch server process. Reason: Unity was launched with the -noUpm command-line argument
[Package Manager] Unable to send message (not connected to server process).
[Package Manager] Cannot connect to Unity Package Manager local server
Mono: successfully reloaded assembly
- Finished resetting the current domain, in  3.672 seconds
Domain Reload Profiling: 6421ms
	BeginReloadAssembly (718ms)
		ExecutionOrderSort (0ms)
		DisableScriptedObjects (70ms)
		BackupInstance (0ms)
		ReleaseScriptingObjects (0ms)
		CreateAndSetChildDomain (158ms)
	RebuildCommonClasses (154ms)
	RebuildNativeTypeToScriptingClass (39ms)
	initialDomainReloadingComplete (85ms)
	LoadAllAssembliesAndSetupDomain (1750ms)
		LoadAssemblies (1433ms)
		RebuildTransferFunctionScriptingTraits (0ms)
		AnalyzeDomain (651ms)
			TypeCache.Refresh (20ms)
				TypeCache.ScanAssembly (0ms)
			BuildScriptInfoCaches (575ms)
			ResolveRequiredComponents (44ms)
	FinalizeReload (3674ms)
		ReleaseScriptCaches (0ms)
		RebuildScriptCaches (0ms)
		SetupLoadedEditorAssemblies (3028ms)
			LogAssemblyErrors (0ms)
			InitializePlatformSupportModulesInManaged (7ms)
			SetLoadedEditorAssemblies (11ms)
			BeforeProcessingInitializeOnLoad (511ms)
			ProcessInitializeOnLoadAttributes (2039ms)
			ProcessInitializeOnLoadMethodAttributes (444ms)
			AfterProcessingInitializeOnLoad (14ms)
			EditorAssembliesLoaded (2ms)
		ExecutionOrderSort2 (0ms)
		AwakeInstancesAfterBackupRestoration (115ms)
Shader Hidden/ProbeVolume/VoxelizeScene is not supported: GPU does not support conservative rasterization
Refreshing native plugins compatible for Editor in 12.69 ms, found 3 plugins.
Preloading 0 native plugins for Editor in 0.00 ms.
Unloading 13 Unused Serialized files (Serialized files now loaded: 0)
Unloading 6167 unused Assets / (3.6 MB). Loaded Objects now: 7038.
Memory consumption went from 152.1 MB to 148.5 MB.
Total: 43.717900 ms (FindLiveObjects: 3.655900 ms CreateObjectMapping: 3.080400 ms MarkObjects: 24.631100 ms  DeleteObjects: 12.344600 ms)

Prepare: number of updated asset objects reloaded= 0
========================================================================
Received Import Request.
  Time since last request: 696.863302 seconds.
  path: Assets/06_Models/ChorizoModel/ChorizoRevampAnimTODO.fbx
  artifactKey: Guid(2af8517a4f69fd9459d4ebe1d5387dbe) Importer(815301076,1909f56bfc062723c751e8b465ee728b)
Start importing Assets/06_Models/ChorizoModel/ChorizoRevampAnimTODO.fbx using Guid(2af8517a4f69fd9459d4ebe1d5387dbe) Importer(815301076,1909f56bfc062723c751e8b465ee728b) (PreviewImporter) -> (artifact id: '37b97ed628fdb9704d11d2c2c9cfe5fb') in 2.2249529 seconds
Number of updated asset objects reloaded before import = 0Number of asset objects unloaded after import = 193

========================================================================
Received Prepare
Begin MonoManager ReloadAssembly
- Loaded All Assemblies, in  2.846 seconds
Refreshing native plugins compatible for Editor in 4.34 ms, found 3 plugins.
Native extension for WindowsStandalone target not found
[Package Manager] Failed to launch server process. Reason: Unity was launched with the -noUpm command-line argument
[Package Manager] Unable to send message (not connected to server process).
[Package Manager] Cannot connect to Unity Package Manager local server
Mono: successfully reloaded assembly
- Finished resetting the current domain, in  3.889 seconds
Domain Reload Profiling: 6746ms
	BeginReloadAssembly (823ms)
		ExecutionOrderSort (0ms)
		DisableScriptedObjects (86ms)
		BackupInstance (0ms)
		ReleaseScriptingObjects (0ms)
		CreateAndSetChildDomain (191ms)
	RebuildCommonClasses (142ms)
	RebuildNativeTypeToScriptingClass (44ms)
	initialDomainReloadingComplete (96ms)
	LoadAllAssembliesAndSetupDomain (1749ms)
		LoadAssemblies (1478ms)
		RebuildTransferFunctionScriptingTraits (0ms)
		AnalyzeDomain (652ms)
			TypeCache.Refresh (20ms)
				TypeCache.ScanAssembly (0ms)
			BuildScriptInfoCaches (585ms)
			ResolveRequiredComponents (36ms)
	FinalizeReload (3892ms)
		ReleaseScriptCaches (0ms)
		RebuildScriptCaches (0ms)
		SetupLoadedEditorAssemblies (3156ms)
			LogAssemblyErrors (0ms)
			InitializePlatformSupportModulesInManaged (9ms)
			SetLoadedEditorAssemblies (13ms)
			BeforeProcessingInitializeOnLoad (708ms)
			ProcessInitializeOnLoadAttributes (1990ms)
			ProcessInitializeOnLoadMethodAttributes (421ms)
			AfterProcessingInitializeOnLoad (14ms)
			EditorAssembliesLoaded (1ms)
		ExecutionOrderSort2 (0ms)
		AwakeInstancesAfterBackupRestoration (129ms)
Shader Hidden/ProbeVolume/VoxelizeScene is not supported: GPU does not support conservative rasterization
Refreshing native plugins compatible for Editor in 7.89 ms, found 3 plugins.
Preloading 0 native plugins for Editor in 0.00 ms.
Unloading 13 Unused Serialized files (Serialized files now loaded: 0)
Unloading 6167 unused Assets / (3.1 MB). Loaded Objects now: 7060.
Memory consumption went from 152.1 MB to 149.1 MB.
Total: 40.185700 ms (FindLiveObjects: 1.889000 ms CreateObjectMapping: 2.957200 ms MarkObjects: 24.374900 ms  DeleteObjects: 10.961000 ms)

Prepare: number of updated asset objects reloaded= 0
========================================================================
Received Prepare
Begin MonoManager ReloadAssembly
- Loaded All Assemblies, in  2.924 seconds
Refreshing native plugins compatible for Editor in 4.86 ms, found 3 plugins.
Native extension for WindowsStandalone target not found
[Package Manager] Failed to launch server process. Reason: Unity was launched with the -noUpm command-line argument
[Package Manager] Unable to send message (not connected to server process).
[Package Manager] Cannot connect to Unity Package Manager local server
Mono: successfully reloaded assembly
- Finished resetting the current domain, in  3.676 seconds
Domain Reload Profiling: 6608ms
	BeginReloadAssembly (818ms)
		ExecutionOrderSort (0ms)
		DisableScriptedObjects (57ms)
		BackupInstance (0ms)
		ReleaseScriptingObjects (0ms)
		CreateAndSetChildDomain (158ms)
	RebuildCommonClasses (133ms)
	RebuildNativeTypeToScriptingClass (43ms)
	initialDomainReloadingComplete (93ms)
	LoadAllAssembliesAndSetupDomain (1843ms)
		LoadAssemblies (1662ms)
		RebuildTransferFunctionScriptingTraits (0ms)
		AnalyzeDomain (631ms)
			TypeCache.Refresh (38ms)
				TypeCache.ScanAssembly (3ms)
			BuildScriptInfoCaches (545ms)
			ResolveRequiredComponents (38ms)
	FinalizeReload (3678ms)
		ReleaseScriptCaches (0ms)
		RebuildScriptCaches (0ms)
		SetupLoadedEditorAssemblies (2879ms)
			LogAssemblyErrors (0ms)
			InitializePlatformSupportModulesInManaged (8ms)
			SetLoadedEditorAssemblies (17ms)
			BeforeProcessingInitializeOnLoad (692ms)
			ProcessInitializeOnLoadAttributes (1778ms)
			ProcessInitializeOnLoadMethodAttributes (360ms)
			AfterProcessingInitializeOnLoad (24ms)
			EditorAssembliesLoaded (1ms)
		ExecutionOrderSort2 (0ms)
		AwakeInstancesAfterBackupRestoration (122ms)
Shader Hidden/ProbeVolume/VoxelizeScene is not supported: GPU does not support conservative rasterization
Refreshing native plugins compatible for Editor in 8.34 ms, found 3 plugins.
Preloading 0 native plugins for Editor in 0.00 ms.
Unloading 13 Unused Serialized files (Serialized files now loaded: 0)
Unloading 6166 unused Assets / (3.7 MB). Loaded Objects now: 7062.
Memory consumption went from 152.0 MB to 148.3 MB.
Total: 34.349300 ms (FindLiveObjects: 1.744200 ms CreateObjectMapping: 2.137600 ms MarkObjects: 21.777800 ms  DeleteObjects: 8.686200 ms)

Prepare: number of updated asset objects reloaded= 0
========================================================================
Received Prepare
Begin MonoManager ReloadAssembly
- Loaded All Assemblies, in  2.748 seconds
Refreshing native plugins compatible for Editor in 5.12 ms, found 3 plugins.
Native extension for WindowsStandalone target not found
[Package Manager] Failed to launch server process. Reason: Unity was launched with the -noUpm command-line argument
[Package Manager] Unable to send message (not connected to server process).
[Package Manager] Cannot connect to Unity Package Manager local server
Mono: successfully reloaded assembly
- Finished resetting the current domain, in  3.780 seconds
Domain Reload Profiling: 6537ms
	BeginReloadAssembly (728ms)
		ExecutionOrderSort (0ms)
		DisableScriptedObjects (23ms)
		BackupInstance (0ms)
		ReleaseScriptingObjects (0ms)
		CreateAndSetChildDomain (144ms)
	RebuildCommonClasses (121ms)
	RebuildNativeTypeToScriptingClass (41ms)
	initialDomainReloadingComplete (99ms)
	LoadAllAssembliesAndSetupDomain (1764ms)
		LoadAssemblies (1488ms)
		RebuildTransferFunctionScriptingTraits (0ms)
		AnalyzeDomain (673ms)
			TypeCache.Refresh (22ms)
				TypeCache.ScanAssembly (0ms)
			BuildScriptInfoCaches (584ms)
			ResolveRequiredComponents (56ms)
	FinalizeReload (3783ms)
		ReleaseScriptCaches (0ms)
		RebuildScriptCaches (0ms)
		SetupLoadedEditorAssemblies (3073ms)
			LogAssemblyErrors (0ms)
			InitializePlatformSupportModulesInManaged (6ms)
			SetLoadedEditorAssemblies (12ms)
			BeforeProcessingInitializeOnLoad (662ms)
			ProcessInitializeOnLoadAttributes (1936ms)
			ProcessInitializeOnLoadMethodAttributes (420ms)
			AfterProcessingInitializeOnLoad (34ms)
			EditorAssembliesLoaded (1ms)
		ExecutionOrderSort2 (0ms)
		AwakeInstancesAfterBackupRestoration (131ms)
Shader Hidden/ProbeVolume/VoxelizeScene is not supported: GPU does not support conservative rasterization
Refreshing native plugins compatible for Editor in 5.00 ms, found 3 plugins.
Preloading 0 native plugins for Editor in 0.00 ms.
Unloading 13 Unused Serialized files (Serialized files now loaded: 0)
Unloading 6166 unused Assets / (3.7 MB). Loaded Objects now: 7064.
Memory consumption went from 152.0 MB to 148.4 MB.
Total: 35.933700 ms (FindLiveObjects: 2.811100 ms CreateObjectMapping: 2.565100 ms MarkObjects: 21.390400 ms  DeleteObjects: 9.162900 ms)

Prepare: number of updated asset objects reloaded= 0
========================================================================
Received Prepare
Begin MonoManager ReloadAssembly
- Loaded All Assemblies, in  2.747 seconds
Refreshing native plugins compatible for Editor in 4.91 ms, found 3 plugins.
Native extension for WindowsStandalone target not found
[Package Manager] Failed to launch server process. Reason: Unity was launched with the -noUpm command-line argument
[Package Manager] Unable to send message (not connected to server process).
[Package Manager] Cannot connect to Unity Package Manager local server
Mono: successfully reloaded assembly
- Finished resetting the current domain, in  4.334 seconds
Domain Reload Profiling: 7097ms
	BeginReloadAssembly (700ms)
		ExecutionOrderSort (0ms)
		DisableScriptedObjects (20ms)
		BackupInstance (0ms)
		ReleaseScriptingObjects (0ms)
		CreateAndSetChildDomain (124ms)
	RebuildCommonClasses (120ms)
	RebuildNativeTypeToScriptingClass (44ms)
	initialDomainReloadingComplete (92ms)
	LoadAllAssembliesAndSetupDomain (1802ms)
		LoadAssemblies (1567ms)
		RebuildTransferFunctionScriptingTraits (0ms)
		AnalyzeDomain (638ms)
			TypeCache.Refresh (24ms)
				TypeCache.ScanAssembly (0ms)
			BuildScriptInfoCaches (564ms)
			ResolveRequiredComponents (40ms)
	FinalizeReload (4339ms)
		ReleaseScriptCaches (0ms)
		RebuildScriptCaches (0ms)
		SetupLoadedEditorAssemblies (3500ms)
			LogAssemblyErrors (0ms)
			InitializePlatformSupportModulesInManaged (23ms)
			SetLoadedEditorAssemblies (18ms)
			BeforeProcessingInitializeOnLoad (737ms)
			ProcessInitializeOnLoadAttributes (2251ms)
			ProcessInitializeOnLoadMethodAttributes (445ms)
			AfterProcessingInitializeOnLoad (26ms)
			EditorAssembliesLoaded (1ms)
		ExecutionOrderSort2 (1ms)
		AwakeInstancesAfterBackupRestoration (144ms)
Shader Hidden/ProbeVolume/VoxelizeScene is not supported: GPU does not support conservative rasterization
Refreshing native plugins compatible for Editor in 4.58 ms, found 3 plugins.
Preloading 0 native plugins for Editor in 0.00 ms.
Unloading 13 Unused Serialized files (Serialized files now loaded: 0)
Unloading 6166 unused Assets / (3.8 MB). Loaded Objects now: 7066.
Memory consumption went from 152.1 MB to 148.2 MB.
Total: 26.333900 ms (FindLiveObjects: 1.474900 ms CreateObjectMapping: 2.719900 ms MarkObjects: 14.866400 ms  DeleteObjects: 7.269900 ms)

Prepare: number of updated asset objects reloaded= 0
========================================================================
Received Prepare
Begin MonoManager ReloadAssembly
- Loaded All Assemblies, in  2.635 seconds
Refreshing native plugins compatible for Editor in 6.00 ms, found 3 plugins.
Native extension for WindowsStandalone target not found
[Package Manager] Failed to launch server process. Reason: Unity was launched with the -noUpm command-line argument
[Package Manager] Unable to send message (not connected to server process).
[Package Manager] Cannot connect to Unity Package Manager local server
Mono: successfully reloaded assembly
- Finished resetting the current domain, in  3.678 seconds
Domain Reload Profiling: 6323ms
	BeginReloadAssembly (701ms)
		ExecutionOrderSort (0ms)
		DisableScriptedObjects (23ms)
		BackupInstance (0ms)
		ReleaseScriptingObjects (0ms)
		CreateAndSetChildDomain (124ms)
	RebuildCommonClasses (117ms)
	RebuildNativeTypeToScriptingClass (47ms)
	initialDomainReloadingComplete (88ms)
	LoadAllAssembliesAndSetupDomain (1688ms)
		LoadAssemblies (1487ms)
		RebuildTransferFunctionScriptingTraits (0ms)
		AnalyzeDomain (602ms)
			TypeCache.Refresh (22ms)
				TypeCache.ScanAssembly (0ms)
			BuildScriptInfoCaches (535ms)
			ResolveRequiredComponents (33ms)
	FinalizeReload (3682ms)
		ReleaseScriptCaches (0ms)
		RebuildScriptCaches (0ms)
		SetupLoadedEditorAssemblies (3009ms)
			LogAssemblyErrors (0ms)
			InitializePlatformSupportModulesInManaged (6ms)
			SetLoadedEditorAssemblies (10ms)
			BeforeProcessingInitializeOnLoad (722ms)
			ProcessInitializeOnLoadAttributes (1845ms)
			ProcessInitializeOnLoadMethodAttributes (402ms)
			AfterProcessingInitializeOnLoad (22ms)
			EditorAssembliesLoaded (2ms)
		ExecutionOrderSort2 (0ms)
		AwakeInstancesAfterBackupRestoration (130ms)
Shader Hidden/ProbeVolume/VoxelizeScene is not supported: GPU does not support conservative rasterization
Refreshing native plugins compatible for Editor in 5.47 ms, found 3 plugins.
Preloading 0 native plugins for Editor in 0.00 ms.
Unloading 13 Unused Serialized files (Serialized files now loaded: 0)
Unloading 6166 unused Assets / (3.8 MB). Loaded Objects now: 7068.
Memory consumption went from 152.1 MB to 148.3 MB.
Total: 33.768800 ms (FindLiveObjects: 2.728700 ms CreateObjectMapping: 2.815900 ms MarkObjects: 19.605800 ms  DeleteObjects: 8.615000 ms)

Prepare: number of updated asset objects reloaded= 0
========================================================================
Received Import Request.
  Time since last request: 1607.864609 seconds.
  path: Assets/00_Scenes/Scenas pruebas/SceneMauricio.unity
  artifactKey: Guid(d74cc076d97e56d4da491e6c2c4a5a5c) Importer(815301076,1909f56bfc062723c751e8b465ee728b)
Start importing Assets/00_Scenes/Scenas pruebas/SceneMauricio.unity using Guid(d74cc076d97e56d4da491e6c2c4a5a5c) Importer(815301076,1909f56bfc062723c751e8b465ee728b) (PreviewImporter) -> (artifact id: '92803bdff6d2a4f3028c6cf86379a737') in 0.0064909 seconds
Number of updated asset objects reloaded before import = 0Number of asset objects unloaded after import = 0

========================================================================
Received Import Request.
  Time since last request: 21.604179 seconds.
  path: Assets/07_Animations/PlayerAnimations
  artifactKey: Guid(867137f583927414e93d001ab0198361) Importer(815301076,1909f56bfc062723c751e8b465ee728b)
Start importing Assets/07_Animations/PlayerAnimations using Guid(867137f583927414e93d001ab0198361) Importer(815301076,1909f56bfc062723c751e8b465ee728b) (PreviewImporter) -> (artifact id: '65b790d20c64366b20e5b6e505391963') in 0.0020794 seconds
Number of updated asset objects reloaded before import = 0Number of asset objects unloaded after import = 0

========================================================================
Received Import Request.
  Time since last request: 9.694859 seconds.
  path: Assets/InputSystem_Actions.inputactions
  artifactKey: Guid(052faaac586de48259a63d0c4782560b) Importer(2089858483,192608db42251d675da83286b1cce702)
Start importing Assets/InputSystem_Actions.inputactions using Guid(052faaac586de48259a63d0c4782560b) Importer(2089858483,192608db42251d675da83286b1cce702) (ScriptedImporter) -> (artifact id: 'f6b929fe155a00ad0938f4584af247a8') in 1.5446995 seconds
Number of updated asset objects reloaded before import = 0Number of asset objects unloaded after import = 21

========================================================================
Received Import Request.
  Time since last request: 0.000061 seconds.
  path: Assets/01_Prefabs/Objects/Mostaza.prefab
  artifactKey: Guid(cc93e72c1b74f234e89043cd94cadf88) Importer(2089858483,192608db42251d675da83286b1cce702)
Start importing Assets/01_Prefabs/Objects/Mostaza.prefab using Guid(cc93e72c1b74f234e89043cd94cadf88) Importer(2089858483,192608db42251d675da83286b1cce702) (ScriptedImporter) -> (artifact id: 'ac9307f96b327faa683b9323efd6d2c5') in 0.335004 seconds
Number of updated asset objects reloaded before import = 0Number of asset objects unloaded after import = 8

========================================================================
Received Import Request.
  Time since last request: 0.000086 seconds.
  path: Assets/01_Prefabs/Structures/PaEscalar.prefab
  artifactKey: Guid(efc8a7e15e8c33746b9ee3fc47f56613) Importer(2089858483,192608db42251d675da83286b1cce702)
Start importing Assets/01_Prefabs/Structures/PaEscalar.prefab using Guid(efc8a7e15e8c33746b9ee3fc47f56613) Importer(2089858483,192608db42251d675da83286b1cce702) (ScriptedImporter) -> (artifact id: '25255df25e295d56cebf81a452401389') in 0.0493062 seconds
Number of updated asset objects reloaded before import = 0Number of asset objects unloaded after import = 7

========================================================================
Received Import Request.
  Time since last request: 0.000064 seconds.
  path: Assets/06_Models/luces.fbx
  artifactKey: Guid(c1182e82e1c8a4542ab8ea0e41ba6b85) Importer(2089858483,192608db42251d675da83286b1cce702)
Start importing Assets/06_Models/luces.fbx using Guid(c1182e82e1c8a4542ab8ea0e41ba6b85) Importer(2089858483,192608db42251d675da83286b1cce702) (ScriptedImporter) -> (artifact id: '71a7abb5b29983a0f39fe921bcc5dc03') in 0.2733557 seconds
Number of updated asset objects reloaded before import = 0Number of asset objects unloaded after import = 25

========================================================================
Received Import Request.
  Time since last request: 0.000081 seconds.
  path: Assets/01_Prefabs/Puzzle_Tragaperras/salchichaSlot2.jpg
  artifactKey: Guid(615211ae5dc59fa4194108b81dfab3b2) Importer(2089858483,192608db42251d675da83286b1cce702)
Start importing Assets/01_Prefabs/Puzzle_Tragaperras/salchichaSlot2.jpg using Guid(615211ae5dc59fa4194108b81dfab3b2) Importer(2089858483,192608db42251d675da83286b1cce702) (ScriptedImporter) -> (artifact id: '980ad00e734d9aaead9c979a87d8a8f3') in 0.2662081 seconds
Number of updated asset objects reloaded before import = 0Number of asset objects unloaded after import = 3

========================================================================
Received Import Request.
  Time since last request: 0.000055 seconds.
  path: Assets/02_Scripts/Puzzle_Tragaperras/SlotButtonF.cs
  artifactKey: Guid(8dd92f198da805543a55f23f4e4abd0e) Importer(2089858483,192608db42251d675da83286b1cce702)
Start importing Assets/02_Scripts/Puzzle_Tragaperras/SlotButtonF.cs using Guid(8dd92f198da805543a55f23f4e4abd0e) Importer(2089858483,192608db42251d675da83286b1cce702) (ScriptedImporter) -> (artifact id: '5fd2a95a18709843a296220592c8cd1b') in 0.0383924 seconds
Number of updated asset objects reloaded before import = 0Number of asset objects unloaded after import = 0

========================================================================
Received Import Request.
  Time since last request: 0.000087 seconds.
  path: Assets/01_Prefabs/Puzzle_Tragaperras/SlotMachineController.prefab
  artifactKey: Guid(aeecbf5403549f54f98cf51cf6836b7a) Importer(2089858483,192608db42251d675da83286b1cce702)
Start importing Assets/01_Prefabs/Puzzle_Tragaperras/SlotMachineController.prefab using Guid(aeecbf5403549f54f98cf51cf6836b7a) Importer(2089858483,192608db42251d675da83286b1cce702) (ScriptedImporter) -> (artifact id: 'c1e872f15daba049c00d0625b57bf44f') in 0.0808929 seconds
Number of updated asset objects reloaded before import = 0Number of asset objects unloaded after import = 5

========================================================================
Received Import Request.
  Time since last request: 0.000050 seconds.
  path: Assets/01_Prefabs/Enemys/Pared (1).prefab
  artifactKey: Guid(2c8b4e3a773f1c94badebd67495c4e84) Importer(2089858483,192608db42251d675da83286b1cce702)
Start importing Assets/01_Prefabs/Enemys/Pared (1).prefab using Guid(2c8b4e3a773f1c94badebd67495c4e84) Importer(2089858483,192608db42251d675da83286b1cce702) (ScriptedImporter) -> (artifact id: '3672571e0b2d67829de52f74e04520e0') in 0.0475064 seconds
Number of updated asset objects reloaded before import = 0Number of asset objects unloaded after import = 7

========================================================================
Received Import Request.
  Time since last request: 0.000220 seconds.
  path: Assets/Settings/PC_RPAsset.asset
  artifactKey: Guid(4b83569d67af61e458304325a23e5dfd) Importer(2089858483,192608db42251d675da83286b1cce702)
Start importing Assets/Settings/PC_RPAsset.asset using Guid(4b83569d67af61e458304325a23e5dfd) Importer(2089858483,192608db42251d675da83286b1cce702) (ScriptedImporter) -> (artifact id: '0aec8f4f58b32823343ee1728972beff') in 0.2082028 seconds
Number of updated asset objects reloaded before import = 0Number of asset objects unloaded after import = 1

========================================================================
Received Import Request.
  Time since last request: 0.000043 seconds.
  path: Assets/02_Scripts/Utils/PadInteractable.cs
  artifactKey: Guid(92eeaf15fce2cce4d97664e5ea4c4ddc) Importer(2089858483,192608db42251d675da83286b1cce702)
Start importing Assets/02_Scripts/Utils/PadInteractable.cs using Guid(92eeaf15fce2cce4d97664e5ea4c4ddc) Importer(2089858483,192608db42251d675da83286b1cce702) (ScriptedImporter) -> (artifact id: '21aa8bb635132ab546adab38ecb6f00c') in 0.0529846 seconds
Number of updated asset objects reloaded before import = 0Number of asset objects unloaded after import = 0

========================================================================
Received Import Request.
  Time since last request: 0.000054 seconds.
  path: Assets/05_Materials/Cocina/suelo.jpeg
  artifactKey: Guid(48a4e0ff48a4d484cb443ae08e6e6964) Importer(2089858483,192608db42251d675da83286b1cce702)
Start importing Assets/05_Materials/Cocina/suelo.jpeg using Guid(48a4e0ff48a4d484cb443ae08e6e6964) Importer(2089858483,192608db42251d675da83286b1cce702) (ScriptedImporter) -> (artifact id: '9a73d4e8d03c1aeae5e9e9aa169030bd') in 0.0805148 seconds
Number of updated asset objects reloaded before import = 0Number of asset objects unloaded after import = 1

========================================================================
Received Import Request.
  Time since last request: 0.000051 seconds.
  path: Assets/01_Prefabs/Objects/DoorPivot (3).prefab
  artifactKey: Guid(b2e63a54a9acfb74aadc6cd6a4ea87ef) Importer(2089858483,192608db42251d675da83286b1cce702)
Start importing Assets/01_Prefabs/Objects/DoorPivot (3).prefab using Guid(b2e63a54a9acfb74aadc6cd6a4ea87ef) Importer(2089858483,192608db42251d675da83286b1cce702) (ScriptedImporter) -> (artifact id: '90888a8291024131565d7132494d8375') in 0.0415332 seconds
Number of updated asset objects reloaded before import = 0Number of asset objects unloaded after import = 10

========================================================================
Received Import Request.
  Time since last request: 0.000077 seconds.
  path: Assets/06_Models/ChorizoModel/ChorizoRevamp.blend1
  artifactKey: Guid(870c9ef1fa166314ca58bd0824aef807) Importer(2089858483,192608db42251d675da83286b1cce702)
Start importing Assets/06_Models/ChorizoModel/ChorizoRevamp.blend1 using Guid(870c9ef1fa166314ca58bd0824aef807) Importer(2089858483,192608db42251d675da83286b1cce702) (ScriptedImporter) -> (artifact id: '4f654862fdccfa7726722f3207d47a39') in 0.0397369 seconds
Number of updated asset objects reloaded before import = 0Number of asset objects unloaded after import = 1

========================================================================
Received Import Request.
  Time since last request: 0.000057 seconds.
  path: Assets/01_Prefabs/Objects/Perol.prefab
  artifactKey: Guid(8cdc5b3ea91f47645bb1a4c0261aa527) Importer(2089858483,192608db42251d675da83286b1cce702)
Start importing Assets/01_Prefabs/Objects/Perol.prefab using Guid(8cdc5b3ea91f47645bb1a4c0261aa527) Importer(2089858483,192608db42251d675da83286b1cce702) (ScriptedImporter) -> (artifact id: '51722dff812cb470543c1b488452d7f0') in 0.0918513 seconds
Number of updated asset objects reloaded before import = 0Number of asset objects unloaded after import = 8

========================================================================
Received Import Request.
  Time since last request: 0.000076 seconds.
  path: Assets/06_Models/FileteModel/fileteModel.blend1
  artifactKey: Guid(77c1737ec84b79f4f88fd8ff180eb02e) Importer(2089858483,192608db42251d675da83286b1cce702)
Start importing Assets/06_Models/FileteModel/fileteModel.blend1 using Guid(77c1737ec84b79f4f88fd8ff180eb02e) Importer(2089858483,192608db42251d675da83286b1cce702) (ScriptedImporter) -> (artifact id: 'a2c6c3332c1a7f82e06a400daf7dc2ae') in 0.0344905 seconds
Number of updated asset objects reloaded before import = 0Number of asset objects unloaded after import = 1

========================================================================
Received Import Request.
  Time since last request: 0.000050 seconds.
  path: Assets/00_Scenes/Scenes Mauricio/Puzzle_Tragaperras.unity
  artifactKey: Guid(fc6124ea06e009d47afa35c409ebebbc) Importer(2089858483,192608db42251d675da83286b1cce702)
Start importing Assets/00_Scenes/Scenes Mauricio/Puzzle_Tragaperras.unity using Guid(fc6124ea06e009d47afa35c409ebebbc) Importer(2089858483,192608db42251d675da83286b1cce702) (ScriptedImporter) -> (artifact id: 'a192a4c51d57653431bdde53182f29e7') in 0.0425821 seconds
Number of updated asset objects reloaded before import = 0Number of asset objects unloaded after import = 1

========================================================================
Received Import Request.
  Time since last request: 0.000070 seconds.
  path: Assets/00_Scenes/Scenes Mauricio/PuzzleSimonManager.cs
  artifactKey: Guid(3db265c10230bb5488c18b984a013f17) Importer(2089858483,192608db42251d675da83286b1cce702)
Start importing Assets/00_Scenes/Scenes Mauricio/PuzzleSimonManager.cs using Guid(3db265c10230bb5488c18b984a013f17) Importer(2089858483,192608db42251d675da83286b1cce702) (ScriptedImporter) -> (artifact id: '9ef79b9dfc8cb9a9a801930aa87b3449') in 0.0410632 seconds
Number of updated asset objects reloaded before import = 0Number of asset objects unloaded after import = 0

========================================================================
Received Import Request.
  Time since last request: 0.000059 seconds.
  path: Assets/00_Scenes/GameOver.unity
  artifactKey: Guid(56e78d8ed4ab45e439fdde8483d039e4) Importer(2089858483,192608db42251d675da83286b1cce702)
Start importing Assets/00_Scenes/GameOver.unity using Guid(56e78d8ed4ab45e439fdde8483d039e4) Importer(2089858483,192608db42251d675da83286b1cce702) (ScriptedImporter) -> (artifact id: '60853296d5abe1f0df4a7f4867aea74a') in 0.0396023 seconds
Number of updated asset objects reloaded before import = 0Number of asset objects unloaded after import = 1

========================================================================
Received Import Request.
  Time since last request: 0.000083 seconds.
  path: Assets/Settings/Mobile_Renderer.asset
  artifactKey: Guid(65bc7dbf4170f435aa868c779acfb082) Importer(2089858483,192608db42251d675da83286b1cce702)
Start importing Assets/Settings/Mobile_Renderer.asset using Guid(65bc7dbf4170f435aa868c779acfb082) Importer(2089858483,192608db42251d675da83286b1cce702) (ScriptedImporter) -> (artifact id: '06f0adbb6f2e2d655430a47a6998bfe7') in 0.1505108 seconds
Number of updated asset objects reloaded before import = 0Number of asset objects unloaded after import = 1

========================================================================
Received Import Request.
  Time since last request: 0.000069 seconds.
  path: Assets/01_Prefabs/Puzzle_Tragaperras/huevoSlot3.jpg
  artifactKey: Guid(2a2932f84bf9eee48b5d5934aa5c8a42) Importer(2089858483,192608db42251d675da83286b1cce702)
Start importing Assets/01_Prefabs/Puzzle_Tragaperras/huevoSlot3.jpg using Guid(2a2932f84bf9eee48b5d5934aa5c8a42) Importer(2089858483,192608db42251d675da83286b1cce702) (ScriptedImporter) -> (artifact id: 'a824b1285577ad1a5f26fff3fd45a259') in 0.0881723 seconds
Number of updated asset objects reloaded before import = 0Number of asset objects unloaded after import = 3

========================================================================
Received Import Request.
  Time since last request: 0.000093 seconds.
  path: Assets/00_Scenes/Scenes Mauricio/GroundHalo.shader
  artifactKey: Guid(453a6965dfadfd74ca0d7bb8d1c8eb80) Importer(2089858483,192608db42251d675da83286b1cce702)
Start importing Assets/00_Scenes/Scenes Mauricio/GroundHalo.shader using Guid(453a6965dfadfd74ca0d7bb8d1c8eb80) Importer(2089858483,192608db42251d675da83286b1cce702) (ScriptedImporter) -> (artifact id: 'acfdb6782cd05538ae221e4377402d43') in 0.0656112 seconds
Number of updated asset objects reloaded before import = 0Number of asset objects unloaded after import = 1

========================================================================
Received Import Request.
  Time since last request: 0.000058 seconds.
  path: Assets/02_Scripts/CookingStation.cs
  artifactKey: Guid(18781086102a34f4aa5170a04dc8451c) Importer(2089858483,192608db42251d675da83286b1cce702)
Start importing Assets/02_Scripts/CookingStation.cs using Guid(18781086102a34f4aa5170a04dc8451c) Importer(2089858483,192608db42251d675da83286b1cce702) (ScriptedImporter) -> (artifact id: '08c809d7d361bc2de198c245c98eb0d0') in 0.0381163 seconds
Number of updated asset objects reloaded before import = 0Number of asset objects unloaded after import = 0

========================================================================
Received Import Request.
  Time since last request: 0.000073 seconds.
  path: Assets/06_Models/Pared_PuzzleMemory1.fbm/tripo_image_6a1336e1_0.jpg
  artifactKey: Guid(47774dc56be77394d9fe9e48b71021dd) Importer(2089858483,192608db42251d675da83286b1cce702)
Start importing Assets/06_Models/Pared_PuzzleMemory1.fbm/tripo_image_6a1336e1_0.jpg using Guid(47774dc56be77394d9fe9e48b71021dd) Importer(2089858483,192608db42251d675da83286b1cce702) (ScriptedImporter) -> (artifact id: 'e9c95f86f30909972c9a7f6b12b3553a') in 0.0935638 seconds
Number of updated asset objects reloaded before import = 0Number of asset objects unloaded after import = 1

========================================================================
Received Import Request.
  Time since last request: 0.000057 seconds.
  path: Assets/06_Models/PepinoModel/pepinoModel.fbx
  artifactKey: Guid(4b3d8455b9a19ef41852e4f65f15e3fa) Importer(2089858483,192608db42251d675da83286b1cce702)
Start importing Assets/06_Models/PepinoModel/pepinoModel.fbx using Guid(4b3d8455b9a19ef41852e4f65f15e3fa) Importer(2089858483,192608db42251d675da83286b1cce702) (ScriptedImporter) -> (artifact id: '8f460591dd059cf32365bac0c13fa237') in 0.1353452 seconds
Number of updated asset objects reloaded before import = 0Number of asset objects unloaded after import = 19

========================================================================
Received Import Request.
  Time since last request: 0.000077 seconds.
  path: Assets/06_Models/PepinoModel/pepinoModelIdle.fbx
  artifactKey: Guid(c1dfeadfe34203b4aa60335803d3844a) Importer(2089858483,192608db42251d675da83286b1cce702)
Start importing Assets/06_Models/PepinoModel/pepinoModelIdle.fbx using Guid(c1dfeadfe34203b4aa60335803d3844a) Importer(2089858483,192608db42251d675da83286b1cce702) (ScriptedImporter) -> (artifact id: 'a4fc198c3b352f45e6de71118060d1e5') in 0.1143076 seconds
Number of updated asset objects reloaded before import = 0Number of asset objects unloaded after import = 19

========================================================================
Received Import Request.
  Time since last request: 0.000055 seconds.
  path: Assets/06_Models/stylized+light+bulb+3d+model.fbm/tripo_image_f2eb496f_0.jpg
  artifactKey: Guid(49e103bb7012c57459b37729122b554c) Importer(2089858483,192608db42251d675da83286b1cce702)
Start importing Assets/06_Models/stylized+light+bulb+3d+model.fbm/tripo_image_f2eb496f_0.jpg using Guid(49e103bb7012c57459b37729122b554c) Importer(2089858483,192608db42251d675da83286b1cce702) (ScriptedImporter) -> (artifact id: '2ac64585927b4b44a394417bd2270473') in 0.0837316 seconds
Number of updated asset objects reloaded before import = 0Number of asset objects unloaded after import = 1

========================================================================
Received Import Request.
  Time since last request: 0.000088 seconds.
  path: Assets/00_Scenes/MainMenu.unity
  artifactKey: Guid(23b10da7840c3c8499c88a11bfc88afb) Importer(2089858483,192608db42251d675da83286b1cce702)
Start importing Assets/00_Scenes/MainMenu.unity using Guid(23b10da7840c3c8499c88a11bfc88afb) Importer(2089858483,192608db42251d675da83286b1cce702) (ScriptedImporter) -> (artifact id: '026f3b9d659f66ad2400ed411669df85') in 0.0341767 seconds
Number of updated asset objects reloaded before import = 0Number of asset objects unloaded after import = 1

========================================================================
Received Import Request.
  Time since last request: 0.155397 seconds.
  path: Assets/07_Animations/PlayerAnimations/Filete.controller
  artifactKey: Guid(e2979d50655ad9443ba859c70a51300d) Importer(815301076,1909f56bfc062723c751e8b465ee728b)
Start importing Assets/07_Animations/PlayerAnimations/Filete.controller using Guid(e2979d50655ad9443ba859c70a51300d) Importer(815301076,1909f56bfc062723c751e8b465ee728b) (PreviewImporter) -> (artifact id: '9bb8a0edeaf715ce0a342c5d04f57735') in 0.1121175 seconds
Number of updated asset objects reloaded before import = 0Number of asset objects unloaded after import = 1

========================================================================
Received Import Request.
  Time since last request: 0.000054 seconds.
  path: Assets/TextMesh Pro/Resources/LineBreaking Leading Characters.txt
  artifactKey: Guid(d82c1b31c7e74239bff1220585707d2b) Importer(2089858483,192608db42251d675da83286b1cce702)
Start importing Assets/TextMesh Pro/Resources/LineBreaking Leading Characters.txt using Guid(d82c1b31c7e74239bff1220585707d2b) Importer(2089858483,192608db42251d675da83286b1cce702) (ScriptedImporter) -> (artifact id: '100e8e676070cfec1d5717135f41d5a8') in 0.0358638 seconds
Number of updated asset objects reloaded before import = 0Number of asset objects unloaded after import = 1

========================================================================
Received Import Request.
  Time since last request: 0.028226 seconds.
  path: Assets/00_Scenes/SampleScene.unity
  artifactKey: Guid(99c9720ab356a0642a771bea13969a05) Importer(2089858483,192608db42251d675da83286b1cce702)
Start importing Assets/00_Scenes/SampleScene.unity using Guid(99c9720ab356a0642a771bea13969a05) Importer(2089858483,192608db42251d675da83286b1cce702) (ScriptedImporter) -> (artifact id: '9084e7137332801e6725b637066ef1f3') in 0.038421 seconds
Number of updated asset objects reloaded before import = 0Number of asset objects unloaded after import = 1

========================================================================
Received Import Request.
  Time since last request: 0.000046 seconds.
  path: Assets/TextMesh Pro/Resources/TMP Settings.asset
  artifactKey: Guid(3f5b5dff67a942289a9defa416b206f3) Importer(2089858483,192608db42251d675da83286b1cce702)
Start importing Assets/TextMesh Pro/Resources/TMP Settings.asset using Guid(3f5b5dff67a942289a9defa416b206f3) Importer(2089858483,192608db42251d675da83286b1cce702) (ScriptedImporter) -> (artifact id: '0b8fdbb715138715838880b85882f234') in 0.1340452 seconds
Number of updated asset objects reloaded before import = 0Number of asset objects unloaded after import = 15

========================================================================
Received Import Request.
  Time since last request: 0.000077 seconds.
  path: Assets/02_Scripts/Player.cs
  artifactKey: Guid(d54062acf99095a4d86e8fa232267907) Importer(2089858483,192608db42251d675da83286b1cce702)
Start importing Assets/02_Scripts/Player.cs using Guid(d54062acf99095a4d86e8fa232267907) Importer(2089858483,192608db42251d675da83286b1cce702) (ScriptedImporter) -> (artifact id: '5b198b58febb4aab1fc0830c31e33c82') in 0.0503643 seconds
Number of updated asset objects reloaded before import = 0Number of asset objects unloaded after import = 0

========================================================================
Received Import Request.
  Time since last request: 0.000050 seconds.
  path: Assets/01_Prefabs/Player/Player.prefab
  artifactKey: Guid(ba0dae2ece0d6b34f864cbf11920c5e0) Importer(2089858483,192608db42251d675da83286b1cce702)
Start importing Assets/01_Prefabs/Player/Player.prefab using Guid(ba0dae2ece0d6b34f864cbf11920c5e0) Importer(2089858483,192608db42251d675da83286b1cce702) (ScriptedImporter) -> (artifact id: '0494a61d92f77a0f4c03ef8067241c09') in 0.1401596 seconds
Number of updated asset objects reloaded before import = 0Number of asset objects unloaded after import = 11

========================================================================
Received Import Request.
  Time since last request: 0.000076 seconds.
  path: Assets/TextMesh Pro/Shaders/TMPro_Properties.cginc
  artifactKey: Guid(3997e2241185407d80309a82f9148466) Importer(2089858483,192608db42251d675da83286b1cce702)
Start importing Assets/TextMesh Pro/Shaders/TMPro_Properties.cginc using Guid(3997e2241185407d80309a82f9148466) Importer(2089858483,192608db42251d675da83286b1cce702) (ScriptedImporter) -> (artifact id: 'e5736023b1f2f56b9c1924252d22b39c') in 0.0505359 seconds
Number of updated asset objects reloaded before import = 0Number of asset objects unloaded after import = 1

========================================================================
Received Import Request.
  Time since last request: 0.000039 seconds.
  path: Assets/TextMesh Pro/Shaders/TMP_Bitmap.shader
  artifactKey: Guid(128e987d567d4e2c824d754223b3f3b0) Importer(2089858483,192608db42251d675da83286b1cce702)
Start importing Assets/TextMesh Pro/Shaders/TMP_Bitmap.shader using Guid(128e987d567d4e2c824d754223b3f3b0) Importer(2089858483,192608db42251d675da83286b1cce702) (ScriptedImporter) -> (artifact id: '6b4551fe24d5d82c18a77e02ce213dd1') in 0.041372 seconds
Number of updated asset objects reloaded before import = 0Number of asset objects unloaded after import = 1

========================================================================
Received Import Request.
  Time since last request: 0.000059 seconds.
  path: Assets/01_Prefabs/Player/PlayerAnims.prefab
  artifactKey: Guid(f046af32926daa2409d9195480eac130) Importer(2089858483,192608db42251d675da83286b1cce702)
Start importing Assets/01_Prefabs/Player/PlayerAnims.prefab using Guid(f046af32926daa2409d9195480eac130) Importer(2089858483,192608db42251d675da83286b1cce702) (ScriptedImporter) -> (artifact id: '8235b44e33b177f369102a4c08e68767') in 0.1474068 seconds
Number of updated asset objects reloaded before import = 0Number of asset objects unloaded after import = 208

========================================================================
Received Import Request.
  Time since last request: 0.000092 seconds.
  path: Assets/TextMesh Pro/Shaders/TMP_SDF SSD.shader
  artifactKey: Guid(14eb328de4b8eb245bb7cea29e4ac00b) Importer(2089858483,192608db42251d675da83286b1cce702)
Start importing Assets/TextMesh Pro/Shaders/TMP_SDF SSD.shader using Guid(14eb328de4b8eb245bb7cea29e4ac00b) Importer(2089858483,192608db42251d675da83286b1cce702) (ScriptedImporter) -> (artifact id: 'e8c00cef7cbe45d11f569210c9533fd9') in 0.0383184 seconds
Number of updated asset objects reloaded before import = 0Number of asset objects unloaded after import = 1

========================================================================
Received Import Request.
  Time since last request: 0.000070 seconds.
  path: Assets/04_Sounds/Fallo.mp3
  artifactKey: Guid(f2ce1a57f0eebdf4c8058e8a33e007d7) Importer(2089858483,192608db42251d675da83286b1cce702)
Start importing Assets/04_Sounds/Fallo.mp3 using Guid(f2ce1a57f0eebdf4c8058e8a33e007d7) Importer(2089858483,192608db42251d675da83286b1cce702) (ScriptedImporter) -> (artifact id: '12c0472b0484df9d81bbfe5005a54409') in 0.1632436 seconds
Number of updated asset objects reloaded before import = 0Number of asset objects unloaded after import = 1

========================================================================
Received Import Request.
  Time since last request: 0.000084 seconds.
  path: Assets/02_Scripts/Door&&Key/Key.cs
  artifactKey: Guid(179711b1526e1514d952f0ffa9c20734) Importer(2089858483,192608db42251d675da83286b1cce702)
Start importing Assets/02_Scripts/Door&&Key/Key.cs using Guid(179711b1526e1514d952f0ffa9c20734) Importer(2089858483,192608db42251d675da83286b1cce702) (ScriptedImporter) -> (artifact id: 'ff8d5566ac6fcdeea44d360e6cb0e436') in 0.0426285 seconds
Number of updated asset objects reloaded before import = 0Number of asset objects unloaded after import = 0

========================================================================
Received Import Request.
  Time since last request: 0.000214 seconds.
  path: Assets/06_Models/Sarten.fbx
  artifactKey: Guid(d9fde6abc9407754d8462df454cb3269) Importer(2089858483,192608db42251d675da83286b1cce702)
Start importing Assets/06_Models/Sarten.fbx using Guid(d9fde6abc9407754d8462df454cb3269) Importer(2089858483,192608db42251d675da83286b1cce702) (ScriptedImporter) -> (artifact id: '939b94a9d75009f33eaabfe27e12522a') in 0.0723368 seconds
Number of updated asset objects reloaded before import = 0Number of asset objects unloaded after import = 8

========================================================================
Received Import Request.
  Time since last request: 0.000053 seconds.
  path: Assets/TextMesh Pro/Shaders/TMP_SDF-Mobile.shader
  artifactKey: Guid(fe393ace9b354375a9cb14cdbbc28be4) Importer(2089858483,192608db42251d675da83286b1cce702)
Start importing Assets/TextMesh Pro/Shaders/TMP_SDF-Mobile.shader using Guid(fe393ace9b354375a9cb14cdbbc28be4) Importer(2089858483,192608db42251d675da83286b1cce702) (ScriptedImporter) -> (artifact id: '90408334ef2020100edcd784a4df2b6b') in 0.0461956 seconds
Number of updated asset objects reloaded before import = 0Number of asset objects unloaded after import = 1

========================================================================
Received Import Request.
  Time since last request: 0.000070 seconds.
  path: Assets/TextMesh Pro/Shaders/TMP_SDF-Surface.shader
  artifactKey: Guid(f7ada0af4f174f0694ca6a487b8f543d) Importer(2089858483,192608db42251d675da83286b1cce702)
Start importing Assets/TextMesh Pro/Shaders/TMP_SDF-Surface.shader using Guid(f7ada0af4f174f0694ca6a487b8f543d) Importer(2089858483,192608db42251d675da83286b1cce702) (ScriptedImporter) -> (artifact id: '41de4302ddefac30fee0ea82d593278a') in 0.0502541 seconds
Number of updated asset objects reloaded before import = 0Number of asset objects unloaded after import = 1

========================================================================
Received Import Request.
  Time since last request: 0.000064 seconds.
  path: Assets/TextMesh Pro/Shaders/TMP_SDF.shader
  artifactKey: Guid(68e6db2ebdc24f95958faec2be5558d6) Importer(2089858483,192608db42251d675da83286b1cce702)
Start importing Assets/TextMesh Pro/Shaders/TMP_SDF.shader using Guid(68e6db2ebdc24f95958faec2be5558d6) Importer(2089858483,192608db42251d675da83286b1cce702) (ScriptedImporter) -> (artifact id: 'ece7b1404d013760ab39303a5714b272') in 0.0579886 seconds
Number of updated asset objects reloaded before import = 0Number of asset objects unloaded after import = 1

========================================================================
Received Import Request.
  Time since last request: 0.000065 seconds.
  path: Assets/04_Sounds/BOILING-WATER-SOUND.mp3
  artifactKey: Guid(b6bbae0e6648d3b44b5668a4e6d200c2) Importer(2089858483,192608db42251d675da83286b1cce702)
Start importing Assets/04_Sounds/BOILING-WATER-SOUND.mp3 using Guid(b6bbae0e6648d3b44b5668a4e6d200c2) Importer(2089858483,192608db42251d675da83286b1cce702) (ScriptedImporter) -> (artifact id: '02f244a3fecfde4c5840dce0e0873c9a') in 0.121238 seconds
Number of updated asset objects reloaded before import = 0Number of asset objects unloaded after import = 1

========================================================================
Received Import Request.
  Time since last request: 0.000047 seconds.
  path: Assets/TutorialInfo/Scripts/Readme.cs
  artifactKey: Guid(fcf7219bab7fe46a1ad266029b2fee19) Importer(2089858483,192608db42251d675da83286b1cce702)
Start importing Assets/TutorialInfo/Scripts/Readme.cs using Guid(fcf7219bab7fe46a1ad266029b2fee19) Importer(2089858483,192608db42251d675da83286b1cce702) (ScriptedImporter) -> (artifact id: 'c4a4954db15c3f195a1373a347ec97b9') in 0.0535031 seconds
Number of updated asset objects reloaded before import = 0Number of asset objects unloaded after import = 0

========================================================================
Received Import Request.
  Time since last request: 0.000066 seconds.
  path: Assets/05_Materials/Rojo.mat
  artifactKey: Guid(76412b4d5de2b0c42a6a6f129129a5d8) Importer(2089858483,192608db42251d675da83286b1cce702)
Start importing Assets/05_Materials/Rojo.mat using Guid(76412b4d5de2b0c42a6a6f129129a5d8) Importer(2089858483,192608db42251d675da83286b1cce702) (ScriptedImporter) -> (artifact id: '83e839fec4fba573c999f09611a4eb68') in 0.0599883 seconds
Number of updated asset objects reloaded before import = 0Number of asset objects unloaded after import = 1

========================================================================
Received Import Request.
  Time since last request: 0.000056 seconds.
  path: Assets/00_Scenes/Scenes Mauricio/LamparaLuces.fbm/tripo_image_894776dc_0.jpg
  artifactKey: Guid(668904986f19c3249986911ebc90ded1) Importer(2089858483,192608db42251d675da83286b1cce702)
Start importing Assets/00_Scenes/Scenes Mauricio/LamparaLuces.fbm/tripo_image_894776dc_0.jpg using Guid(668904986f19c3249986911ebc90ded1) Importer(2089858483,192608db42251d675da83286b1cce702) (ScriptedImporter) -> (artifact id: '64ea74ed5d7062d620a0b7498f6fc5e4') in 0.0756218 seconds
Number of updated asset objects reloaded before import = 0Number of asset objects unloaded after import = 1

========================================================================
Received Import Request.
  Time since last request: 0.000066 seconds.
  path: Assets/Settings/UniversalRenderPipelineGlobalSettings.asset
  artifactKey: Guid(18dc0cd2c080841dea60987a38ce93fa) Importer(2089858483,192608db42251d675da83286b1cce702)
Start importing Assets/Settings/UniversalRenderPipelineGlobalSettings.asset using Guid(18dc0cd2c080841dea60987a38ce93fa) Importer(2089858483,192608db42251d675da83286b1cce702) (ScriptedImporter) -> (artifact id: '427e68ef0cdda4f7f4c827814f43ebe3') in 0.3604296 seconds
Number of updated asset objects reloaded before import = 0Number of asset objects unloaded after import = 0

========================================================================
Received Import Request.
  Time since last request: 0.000049 seconds.
  path: Assets/06_Models/mesonessala.fbx
  artifactKey: Guid(85eac99a794beb440abda726146ef23a) Importer(2089858483,192608db42251d675da83286b1cce702)
Start importing Assets/06_Models/mesonessala.fbx using Guid(85eac99a794beb440abda726146ef23a) Importer(2089858483,192608db42251d675da83286b1cce702) (ScriptedImporter) -> (artifact id: 'cb904f9f3b13bea39b20f4ebd4ac91f1') in 0.2422988 seconds
Number of updated asset objects reloaded before import = 0Number of asset objects unloaded after import = 60

========================================================================
Received Import Request.
  Time since last request: 0.000119 seconds.
  path: Assets/01_Prefabs/ObjectsPuzzleMemory/PuzzleMemory/StarButton.prefab
  artifactKey: Guid(8782fca65c6902a4694954f97db730ca) Importer(2089858483,192608db42251d675da83286b1cce702)
Start importing Assets/01_Prefabs/ObjectsPuzzleMemory/PuzzleMemory/StarButton.prefab using Guid(8782fca65c6902a4694954f97db730ca) Importer(2089858483,192608db42251d675da83286b1cce702) (ScriptedImporter) -> (artifact id: '13d5a2939f1accae0c68680f008380c7') in 0.1217262 seconds
Number of updated asset objects reloaded before import = 0Number of asset objects unloaded after import = 9

========================================================================
Received Import Request.
  Time since last request: 0.000057 seconds.
  path: Assets/05_Materials/Cocina/Materials/806.mat
  artifactKey: Guid(50f9ebd990df2a84cb98cd5254c0598c) Importer(2089858483,192608db42251d675da83286b1cce702)
Start importing Assets/05_Materials/Cocina/Materials/806.mat using Guid(50f9ebd990df2a84cb98cd5254c0598c) Importer(2089858483,192608db42251d675da83286b1cce702) (ScriptedImporter) -> (artifact id: 'ef6ffd1b4a422e07b62ebaf69791a9dd') in 0.0820943 seconds
Number of updated asset objects reloaded before import = 0Number of asset objects unloaded after import = 2

========================================================================
Received Import Request.
  Time since last request: 0.000066 seconds.
  path: Assets/00_Scenes/Scenas pruebas/SceneLuis.unity
  artifactKey: Guid(ff55b56a15bd03f44aa9f53935356508) Importer(2089858483,192608db42251d675da83286b1cce702)
Start importing Assets/00_Scenes/Scenas pruebas/SceneLuis.unity using Guid(ff55b56a15bd03f44aa9f53935356508) Importer(2089858483,192608db42251d675da83286b1cce702) (ScriptedImporter) -> (artifact id: 'd88d0984461ac7cd4ed4552b7d0cab86') in 0.0647547 seconds
Number of updated asset objects reloaded before import = 0Number of asset objects unloaded after import = 1

========================================================================
Received Import Request.
  Time since last request: 0.000048 seconds.
  path: Assets/06_Models/HuevoModel/HuevoModel.fbx
  artifactKey: Guid(a5fd0011bfcf56b4fbfaab5216c2fa08) Importer(2089858483,192608db42251d675da83286b1cce702)
Start importing Assets/06_Models/HuevoModel/HuevoModel.fbx using Guid(a5fd0011bfcf56b4fbfaab5216c2fa08) Importer(2089858483,192608db42251d675da83286b1cce702) (ScriptedImporter) -> (artifact id: 'c093b8a6d01c15f3d89335111e2732e6') in 0.1012312 seconds
Number of updated asset objects reloaded before import = 0Number of asset objects unloaded after import = 19

========================================================================
Received Import Request.
  Time since last request: 0.000076 seconds.
  path: Assets/04_Sounds/Cocina Sigilosa_ Versión Más Adrenalina, Orquestal, 102 BPM.mp3
  artifactKey: Guid(347f0058dfe7b8a4c9199e4fccf8659f) Importer(2089858483,192608db42251d675da83286b1cce702)
Start importing Assets/04_Sounds/Cocina Sigilosa_ Versión Más Adrenalina, Orquestal, 102 BPM.mp3 using Guid(347f0058dfe7b8a4c9199e4fccf8659f) Importer(2089858483,192608db42251d675da83286b1cce702) (ScriptedImporter) -> (artifact id: '1d2ed5401eb43896c3da0a4fde280a8c') in 0.1504381 seconds
Number of updated asset objects reloaded before import = 0Number of asset objects unloaded after import = 1

========================================================================
Received Import Request.
  Time since last request: 0.000050 seconds.
  path: Assets/06_Models/Materials/tripo_image_6a1336e1_0.mat
  artifactKey: Guid(e039e57a305956947b2126e170a71738) Importer(2089858483,192608db42251d675da83286b1cce702)
Start importing Assets/06_Models/Materials/tripo_image_6a1336e1_0.mat using Guid(e039e57a305956947b2126e170a71738) Importer(2089858483,192608db42251d675da83286b1cce702) (ScriptedImporter) -> (artifact id: '81b5387a3a08c3095e1eff2f166086a7') in 0.0616666 seconds
Number of updated asset objects reloaded before import = 0Number of asset objects unloaded after import = 2

========================================================================
Received Import Request.
  Time since last request: 0.000063 seconds.
  path: Assets/02_Scripts/Door&&Key/Door.cs
  artifactKey: Guid(74b555e58e4fd47458f5ad7e823664b3) Importer(2089858483,192608db42251d675da83286b1cce702)
Start importing Assets/02_Scripts/Door&&Key/Door.cs using Guid(74b555e58e4fd47458f5ad7e823664b3) Importer(2089858483,192608db42251d675da83286b1cce702) (ScriptedImporter) -> (artifact id: '640885ac09da41c3ddadebd91c1821ef') in 0.0468798 seconds
Number of updated asset objects reloaded before import = 0Number of asset objects unloaded after import = 0

========================================================================
Received Import Request.
  Time since last request: 0.000062 seconds.
  path: Assets/TextMesh Pro/Resources/Fonts & Materials/LiberationSans SDF - Fallback.asset
  artifactKey: Guid(2e498d1c8094910479dc3e1b768306a4) Importer(2089858483,192608db42251d675da83286b1cce702)
Start importing Assets/TextMesh Pro/Resources/Fonts & Materials/LiberationSans SDF - Fallback.asset using Guid(2e498d1c8094910479dc3e1b768306a4) Importer(2089858483,192608db42251d675da83286b1cce702) (ScriptedImporter) -> (artifact id: '8b4b8219d31af5e836fe658a2f7afc8a') in 0.1622 seconds
Number of updated asset objects reloaded before import = 0Number of asset objects unloaded after import = 5

========================================================================
Received Import Request.
  Time since last request: 0.000074 seconds.
  path: Assets/TextMesh Pro/Resources/Style Sheets/Default Style Sheet.asset
  artifactKey: Guid(f952c082cb03451daed3ee968ac6c63e) Importer(2089858483,192608db42251d675da83286b1cce702)
Start importing Assets/TextMesh Pro/Resources/Style Sheets/Default Style Sheet.asset using Guid(f952c082cb03451daed3ee968ac6c63e) Importer(2089858483,192608db42251d675da83286b1cce702) (ScriptedImporter) -> (artifact id: 'c9344a235a867afb967cca27c2dd6137') in 0.041172 seconds
Number of updated asset objects reloaded before import = 0Number of asset objects unloaded after import = 1

========================================================================
Received Import Request.
  Time since last request: 0.000057 seconds.
  path: Assets/TextMesh Pro/Resources/Sprite Assets/EmojiOne.asset
  artifactKey: Guid(c41005c129ba4d66911b75229fd70b45) Importer(2089858483,192608db42251d675da83286b1cce702)
Start importing Assets/TextMesh Pro/Resources/Sprite Assets/EmojiOne.asset using Guid(c41005c129ba4d66911b75229fd70b45) Importer(2089858483,192608db42251d675da83286b1cce702) (ScriptedImporter) -> (artifact id: 'cc1af21af1331f3a831a852b4c5ca117') in 0.0636189 seconds
Number of updated asset objects reloaded before import = 0Number of asset objects unloaded after import = 3

========================================================================
Received Import Request.
  Time since last request: 0.000086 seconds.
  path: Assets/00_Scenes/Scenes Mauricio/SpotLightEnhancer.cs
  artifactKey: Guid(38c5c6576fa408b48af819c564691baf) Importer(2089858483,192608db42251d675da83286b1cce702)
Start importing Assets/00_Scenes/Scenes Mauricio/SpotLightEnhancer.cs using Guid(38c5c6576fa408b48af819c564691baf) Importer(2089858483,192608db42251d675da83286b1cce702) (ScriptedImporter) -> (artifact id: 'caff1d395069f65d9467095e2167b670') in 0.0403199 seconds
Number of updated asset objects reloaded before import = 0Number of asset objects unloaded after import = 0

========================================================================
Received Import Request.
  Time since last request: 0.000066 seconds.
  path: Assets/00_Scenes/Scenas pruebas/Scenes Pablo/Electricidad/ScenePuzzleElectricidad.unity
  artifactKey: Guid(847e6e6e02efa974e9fd6a437885e597) Importer(2089858483,192608db42251d675da83286b1cce702)
Start importing Assets/00_Scenes/Scenas pruebas/Scenes Pablo/Electricidad/ScenePuzzleElectricidad.unity using Guid(847e6e6e02efa974e9fd6a437885e597) Importer(2089858483,192608db42251d675da83286b1cce702) (ScriptedImporter) -> (artifact id: '212e0d3ede17fec919582e005438f8e0') in 0.041501 seconds
Number of updated asset objects reloaded before import = 0Number of asset objects unloaded after import = 1

========================================================================
Received Import Request.
  Time since last request: 0.000068 seconds.
  path: Assets/TextMesh Pro/Shaders/TMPro_Mobile.cginc
  artifactKey: Guid(c334973cef89a9840b0b0c507e0377ab) Importer(2089858483,192608db42251d675da83286b1cce702)
Start importing Assets/TextMesh Pro/Shaders/TMPro_Mobile.cginc using Guid(c334973cef89a9840b0b0c507e0377ab) Importer(2089858483,192608db42251d675da83286b1cce702) (ScriptedImporter) -> (artifact id: 'de777fdf84ad5f72b46fdf5d1c717e87') in 0.0402837 seconds
Number of updated asset objects reloaded before import = 0Number of asset objects unloaded after import = 1

========================================================================
Received Import Request.
  Time since last request: 0.000047 seconds.
  path: Assets/00_Scenes/Scenas pruebas/Scenes Pablo/Scripts/GridMap.cs
  artifactKey: Guid(c9b761e3065d45e4a8a9ad626deabbae) Importer(2089858483,192608db42251d675da83286b1cce702)
Start importing Assets/00_Scenes/Scenas pruebas/Scenes Pablo/Scripts/GridMap.cs using Guid(c9b761e3065d45e4a8a9ad626deabbae) Importer(2089858483,192608db42251d675da83286b1cce702) (ScriptedImporter) -> (artifact id: 'be562493313598a11128fef6d676e359') in 0.0358753 seconds
Number of updated asset objects reloaded before import = 0Number of asset objects unloaded after import = 0

========================================================================
Received Import Request.
  Time since last request: 0.000072 seconds.
  path: Assets/00_Scenes/Scenas pruebas/Scenes Pablo/Scripts/GridAnchor.cs
  artifactKey: Guid(5506a3257c2096c4b8b5ff5973a20a4d) Importer(2089858483,192608db42251d675da83286b1cce702)
Start importing Assets/00_Scenes/Scenas pruebas/Scenes Pablo/Scripts/GridAnchor.cs using Guid(5506a3257c2096c4b8b5ff5973a20a4d) Importer(2089858483,192608db42251d675da83286b1cce702) (ScriptedImporter) -> (artifact id: '7053026928a55fa411bf7dcee7f1eadd') in 0.0502689 seconds
Number of updated asset objects reloaded before import = 0Number of asset objects unloaded after import = 0

========================================================================
Received Import Request.
  Time since last request: 0.000048 seconds.
  path: Assets/TextMesh Pro/Resources/LineBreaking Following Characters.txt
  artifactKey: Guid(fade42e8bc714b018fac513c043d323b) Importer(2089858483,192608db42251d675da83286b1cce702)
Start importing Assets/TextMesh Pro/Resources/LineBreaking Following Characters.txt using Guid(fade42e8bc714b018fac513c043d323b) Importer(2089858483,192608db42251d675da83286b1cce702) (ScriptedImporter) -> (artifact id: '1fb260785532913e3c91cfc5d4dd5794') in 0.0582704 seconds
Number of updated asset objects reloaded before import = 0Number of asset objects unloaded after import = 1

========================================================================
Received Import Request.
  Time since last request: 0.000069 seconds.
  path: Assets/TextMesh Pro/Fonts/LiberationSans - OFL.txt
  artifactKey: Guid(6e59c59b81ab47f9b6ec5781fa725d2c) Importer(2089858483,192608db42251d675da83286b1cce702)
Start importing Assets/TextMesh Pro/Fonts/LiberationSans - OFL.txt using Guid(6e59c59b81ab47f9b6ec5781fa725d2c) Importer(2089858483,192608db42251d675da83286b1cce702) (ScriptedImporter) -> (artifact id: '5540224baa943e3afe9561ed092be5d8') in 0.0464351 seconds
Number of updated asset objects reloaded before import = 0Number of asset objects unloaded after import = 1

========================================================================
Received Import Request.
  Time since last request: 0.000057 seconds.
  path: Assets/00_Scenes/Scenas pruebas/Scenes Pablo/Sprites/ui_focus_arrow.webp
  artifactKey: Guid(673725767f473d34cb777fc2f20a5258) Importer(2089858483,192608db42251d675da83286b1cce702)
Start importing Assets/00_Scenes/Scenas pruebas/Scenes Pablo/Sprites/ui_focus_arrow.webp using Guid(673725767f473d34cb777fc2f20a5258) Importer(2089858483,192608db42251d675da83286b1cce702) (ScriptedImporter) -> (artifact id: '73e4dd0c970517908a2521870b3746e1') in 0.0419571 seconds
Number of updated asset objects reloaded before import = 0Number of asset objects unloaded after import = 1

========================================================================
Received Import Request.
  Time since last request: 0.000069 seconds.
  path: Assets/00_Scenes/Scenas pruebas/Scenes Pablo/Sprites/ui_arrow_up.webp
  artifactKey: Guid(fce6770a4a16a214e8b0b3bfbbfee81f) Importer(2089858483,192608db42251d675da83286b1cce702)
Start importing Assets/00_Scenes/Scenas pruebas/Scenes Pablo/Sprites/ui_arrow_up.webp using Guid(fce6770a4a16a214e8b0b3bfbbfee81f) Importer(2089858483,192608db42251d675da83286b1cce702) (ScriptedImporter) -> (artifact id: 'd8ec7565b4989f351889b3c61f9b6aa8') in 0.0435735 seconds
Number of updated asset objects reloaded before import = 0Number of asset objects unloaded after import = 1

========================================================================
Received Import Request.
  Time since last request: 0.000053 seconds.
  path: Assets/Plugins/Demigiant/DOTween/Editor/DOTweenEditor.dll.mdb
  artifactKey: Guid(8f46310a8b0a8f04a92993c37c713243) Importer(2089858483,192608db42251d675da83286b1cce702)
Start importing Assets/Plugins/Demigiant/DOTween/Editor/DOTweenEditor.dll.mdb using Guid(8f46310a8b0a8f04a92993c37c713243) Importer(2089858483,192608db42251d675da83286b1cce702) (ScriptedImporter) -> (artifact id: '7ca1b477d770fddf2fea93a5a90139d3') in 0.0432635 seconds
Number of updated asset objects reloaded before import = 0Number of asset objects unloaded after import = 1

========================================================================
Received Import Request.
  Time since last request: 0.000071 seconds.
  path: Assets/Plugins/Demigiant/DOTween/Editor/DOTweenEditor.dll
  artifactKey: Guid(45d5034162d6cf04dbe46da84fc7d074) Importer(2089858483,192608db42251d675da83286b1cce702)
Start importing Assets/Plugins/Demigiant/DOTween/Editor/DOTweenEditor.dll using Guid(45d5034162d6cf04dbe46da84fc7d074) Importer(2089858483,192608db42251d675da83286b1cce702) (ScriptedImporter) -> (artifact id: '2a619aced766912806db89e7d521c60e') in 0.0750801 seconds
Number of updated asset objects reloaded before import = 0Number of asset objects unloaded after import = 0

========================================================================
Received Import Request.
  Time since last request: 0.000050 seconds.
  path: Assets/Plugins/Demigiant/DOTween/Modules/DOTweenModuleAudio.cs
  artifactKey: Guid(b766d08851589514b97afb23c6f30a70) Importer(2089858483,192608db42251d675da83286b1cce702)
Start importing Assets/Plugins/Demigiant/DOTween/Modules/DOTweenModuleAudio.cs using Guid(b766d08851589514b97afb23c6f30a70) Importer(2089858483,192608db42251d675da83286b1cce702) (ScriptedImporter) -> (artifact id: '0d1b0a1275b7a99f5ac9e7afdbac7f99') in 0.0496442 seconds
Number of updated asset objects reloaded before import = 0Number of asset objects unloaded after import = 0

========================================================================
Received Import Request.
  Time since last request: 0.000071 seconds.
  path: Assets/Plugins/Demigiant/DOTween/Modules/DOTweenModulePhysics.cs
  artifactKey: Guid(dae9aa560b4242648a3affa2bfabc365) Importer(2089858483,192608db42251d675da83286b1cce702)
Start importing Assets/Plugins/Demigiant/DOTween/Modules/DOTweenModulePhysics.cs using Guid(dae9aa560b4242648a3affa2bfabc365) Importer(2089858483,192608db42251d675da83286b1cce702) (ScriptedImporter) -> (artifact id: '36bbcb5bf04f9df9d1a255cd1b79457c') in 0.0498298 seconds
Number of updated asset objects reloaded before import = 0Number of asset objects unloaded after import = 0

========================================================================
Received Import Request.
  Time since last request: 0.000044 seconds.
  path: Assets/Plugins/Demigiant/DOTween/Modules/DOTweenModuleSprite.cs
  artifactKey: Guid(188918ab119d93148aa0de59ccf5286b) Importer(2089858483,192608db42251d675da83286b1cce702)
Start importing Assets/Plugins/Demigiant/DOTween/Modules/DOTweenModuleSprite.cs using Guid(188918ab119d93148aa0de59ccf5286b) Importer(2089858483,192608db42251d675da83286b1cce702) (ScriptedImporter) -> (artifact id: '05c4a2d224e00f10b5ca3eeee67b71a1') in 0.0519332 seconds
Number of updated asset objects reloaded before import = 0Number of asset objects unloaded after import = 0

========================================================================
Received Import Request.
  Time since last request: 0.000067 seconds.
  path: Assets/Plugins/Demigiant/DOTween/Modules/DOTweenModuleUtils.cs
  artifactKey: Guid(7bcaf917d9cf5b84090421a5a2abe42e) Importer(2089858483,192608db42251d675da83286b1cce702)
Start importing Assets/Plugins/Demigiant/DOTween/Modules/DOTweenModuleUtils.cs using Guid(7bcaf917d9cf5b84090421a5a2abe42e) Importer(2089858483,192608db42251d675da83286b1cce702) (ScriptedImporter) -> (artifact id: '2830277c5cdf0d38a83f627a439f68c0') in 0.0500197 seconds
Number of updated asset objects reloaded before import = 0Number of asset objects unloaded after import = 0

========================================================================
Received Import Request.
  Time since last request: 0.000048 seconds.
  path: Assets/01_Prefabs/Player/Player 1.prefab
  artifactKey: Guid(34a74222fd515d44abed9d1cda29554e) Importer(2089858483,192608db42251d675da83286b1cce702)
Start importing Assets/01_Prefabs/Player/Player 1.prefab using Guid(34a74222fd515d44abed9d1cda29554e) Importer(2089858483,192608db42251d675da83286b1cce702) (ScriptedImporter) -> (artifact id: 'fdef80543cbddb407ddf2bafe874f530') in 0.0990668 seconds
Number of updated asset objects reloaded before import = 0Number of asset objects unloaded after import = 19

========================================================================
Received Import Request.
  Time since last request: 0.000060 seconds.
  path: Assets/00_Scenes/Scenas pruebas/Scenes Pablo/Electricidad/Scripts/CircuitPuzzleController.cs
  artifactKey: Guid(68e6202801cefa64faa5a8ae38ae7fb3) Importer(2089858483,192608db42251d675da83286b1cce702)
Start importing Assets/00_Scenes/Scenas pruebas/Scenes Pablo/Electricidad/Scripts/CircuitPuzzleController.cs using Guid(68e6202801cefa64faa5a8ae38ae7fb3) Importer(2089858483,192608db42251d675da83286b1cce702) (ScriptedImporter) -> (artifact id: 'b655fdd4aaf38f3b3e21c0af787a0aef') in 0.056224 seconds
Number of updated asset objects reloaded before import = 0Number of asset objects unloaded after import = 0

========================================================================
Received Import Request.
  Time since last request: 0.000113 seconds.
  path: Assets/02_Scripts/PowerUps/PowerUpPickup.cs
  artifactKey: Guid(a1aa1cafa89db3744b6a459b05b820d4) Importer(2089858483,192608db42251d675da83286b1cce702)
Start importing Assets/02_Scripts/PowerUps/PowerUpPickup.cs using Guid(a1aa1cafa89db3744b6a459b05b820d4) Importer(2089858483,192608db42251d675da83286b1cce702) (ScriptedImporter) -> (artifact id: 'c2214e5bada4fd3803561c22b7c3b9c1') in 0.0595746 seconds
Number of updated asset objects reloaded before import = 0Number of asset objects unloaded after import = 0

========================================================================
Received Import Request.
  Time since last request: 0.000071 seconds.
  path: Assets/00_Scenes/Scenas pruebas/Scenes Pablo/Energias/Particles/EnergyPurpleFX.prefab
  artifactKey: Guid(d8c4d1dfdd319144a9381ec7c51f23ac) Importer(2089858483,192608db42251d675da83286b1cce702)
Start importing Assets/00_Scenes/Scenas pruebas/Scenes Pablo/Energias/Particles/EnergyPurpleFX.prefab using Guid(d8c4d1dfdd319144a9381ec7c51f23ac) Importer(2089858483,192608db42251d675da83286b1cce702) (ScriptedImporter) -> (artifact id: 'ef35bf6eb36e0f9c31603b5515142023') in 0.2836353 seconds
Number of updated asset objects reloaded before import = 0Number of asset objects unloaded after import = 6

========================================================================
Received Import Request.
  Time since last request: 0.000054 seconds.
  path: Assets/00_Scenes/Scenas pruebas/Scenes Pablo/Sprites/ui_arrow_left.webp
  artifactKey: Guid(fbf9e432c2f1a8842ab13a62b379ee05) Importer(2089858483,192608db42251d675da83286b1cce702)
Start importing Assets/00_Scenes/Scenas pruebas/Scenes Pablo/Sprites/ui_arrow_left.webp using Guid(fbf9e432c2f1a8842ab13a62b379ee05) Importer(2089858483,192608db42251d675da83286b1cce702) (ScriptedImporter) -> (artifact id: 'afcc9089c2cbfca8504f8b7590bcb705') in 0.037472 seconds
Number of updated asset objects reloaded before import = 0Number of asset objects unloaded after import = 1

========================================================================
Received Import Request.
  Time since last request: 0.000069 seconds.
  path: Assets/02_Scripts/Puzzle_Tragaperras/NotoColorEmoji-Regular.ttf
  artifactKey: Guid(0752c8773f48b55419890dbe6d157c63) Importer(2089858483,192608db42251d675da83286b1cce702)
Start importing Assets/02_Scripts/Puzzle_Tragaperras/NotoColorEmoji-Regular.ttf using Guid(0752c8773f48b55419890dbe6d157c63) Importer(2089858483,192608db42251d675da83286b1cce702) (ScriptedImporter) -> (artifact id: '8cee8a4ab5f35aa9b8d3d781d0561b71') in 0.3168848 seconds
Number of updated asset objects reloaded before import = 0Number of asset objects unloaded after import = 3

========================================================================
Received Import Request.
  Time since last request: 0.000064 seconds.
  path: Assets/00_Scenes/Scenas pruebas/Scenes Pablo/Energias/Scripts/EquipMenuManager.cs
  artifactKey: Guid(37942dfb571116044a6154d814f4ff29) Importer(2089858483,192608db42251d675da83286b1cce702)
Start importing Assets/00_Scenes/Scenas pruebas/Scenes Pablo/Energias/Scripts/EquipMenuManager.cs using Guid(37942dfb571116044a6154d814f4ff29) Importer(2089858483,192608db42251d675da83286b1cce702) (ScriptedImporter) -> (artifact id: 'c992fc65b88a8fca7d935b7b59dee8be') in 0.0417179 seconds
Number of updated asset objects reloaded before import = 0Number of asset objects unloaded after import = 0

========================================================================
Received Import Request.
  Time since last request: 0.000069 seconds.
  path: Assets/00_Scenes/Scenas pruebas/Scenes Pablo/Sprites/ui_badge.webp
  artifactKey: Guid(f1fa7185cfe0cf64bb3a98b58789f4a0) Importer(2089858483,192608db42251d675da83286b1cce702)
Start importing Assets/00_Scenes/Scenas pruebas/Scenes Pablo/Sprites/ui_badge.webp using Guid(f1fa7185cfe0cf64bb3a98b58789f4a0) Importer(2089858483,192608db42251d675da83286b1cce702) (ScriptedImporter) -> (artifact id: '69cf61e215e795c2e3bc15217480c38b') in 0.0427136 seconds
Number of updated asset objects reloaded before import = 0Number of asset objects unloaded after import = 1

========================================================================
Received Import Request.
  Time since last request: 0.000048 seconds.
  path: Assets/00_Scenes/Scenas pruebas/Scenes Pablo/Energias/Energias.unity
  artifactKey: Guid(9b458677403c0364bad4f93e900bee73) Importer(2089858483,192608db42251d675da83286b1cce702)
Start importing Assets/00_Scenes/Scenas pruebas/Scenes Pablo/Energias/Energias.unity using Guid(9b458677403c0364bad4f93e900bee73) Importer(2089858483,192608db42251d675da83286b1cce702) (ScriptedImporter) -> (artifact id: '3ec20fc9b98e503dce26bb367543a385') in 0.0541737 seconds
Number of updated asset objects reloaded before import = 0Number of asset objects unloaded after import = 1

========================================================================
Received Import Request.
  Time since last request: 0.000072 seconds.
  path: Assets/00_Scenes/Scenas pruebas/Scenes Pablo/Energias/Shaders/ShaderFondo.mat
  artifactKey: Guid(417d7e3cb03e2114dbfa5ce4b3998a0c) Importer(2089858483,192608db42251d675da83286b1cce702)
Start importing Assets/00_Scenes/Scenas pruebas/Scenes Pablo/Energias/Shaders/ShaderFondo.mat using Guid(417d7e3cb03e2114dbfa5ce4b3998a0c) Importer(2089858483,192608db42251d675da83286b1cce702) (ScriptedImporter) -> (artifact id: '498da942d753dd5fde2df5a2ff17763c') in 0.8435741 seconds
Number of updated asset objects reloaded before import = 0Number of asset objects unloaded after import = 6

========================================================================
Received Import Request.
  Time since last request: 0.000049 seconds.
  path: Assets/07_Animations/PlayerAnimations/Player.controller
  artifactKey: Guid(7a88da05ae00baa42a9852c79a5d3013) Importer(2089858483,192608db42251d675da83286b1cce702)
Start importing Assets/07_Animations/PlayerAnimations/Player.controller using Guid(7a88da05ae00baa42a9852c79a5d3013) Importer(2089858483,192608db42251d675da83286b1cce702) (ScriptedImporter) -> (artifact id: '1c589250ffe6307d57e9ee73c4c5399c') in 0.0407225 seconds
Number of updated asset objects reloaded before import = 0Number of asset objects unloaded after import = 18

========================================================================
Received Import Request.
  Time since last request: 0.000086 seconds.
  path: Assets/00_Scenes/Scenes Mauricio/VolumetricBeam.shader
  artifactKey: Guid(07351c59c500ac448ab6f023bfa241e5) Importer(2089858483,192608db42251d675da83286b1cce702)
Start importing Assets/00_Scenes/Scenes Mauricio/VolumetricBeam.shader using Guid(07351c59c500ac448ab6f023bfa241e5) Importer(2089858483,192608db42251d675da83286b1cce702) (ScriptedImporter) -> (artifact id: 'd15ac1728bd3aa8e9d894dee4a490b81') in 0.0469879 seconds
Number of updated asset objects reloaded before import = 0Number of asset objects unloaded after import = 1

========================================================================
Received Import Request.
  Time since last request: 0.000052 seconds.
  path: Assets/01_Prefabs/Enemys/Enemy.prefab
  artifactKey: Guid(181de888c111cec41b13cff36df488cd) Importer(2089858483,192608db42251d675da83286b1cce702)
Start importing Assets/01_Prefabs/Enemys/Enemy.prefab using Guid(181de888c111cec41b13cff36df488cd) Importer(2089858483,192608db42251d675da83286b1cce702) (ScriptedImporter) -> (artifact id: 'bc0e86d17454d3878d0c639cf76ac3ab') in 0.0769388 seconds
Number of updated asset objects reloaded before import = 0Number of asset objects unloaded after import = 9

========================================================================
Received Import Request.
  Time since last request: 0.000077 seconds.
  path: Assets/00_Scenes/Scenas pruebas/Scenes Pablo/Energias/Scripts/Audio/combosound.mp3
  artifactKey: Guid(e65c4656763408f4885f300f45538616) Importer(2089858483,192608db42251d675da83286b1cce702)
Start importing Assets/00_Scenes/Scenas pruebas/Scenes Pablo/Energias/Scripts/Audio/combosound.mp3 using Guid(e65c4656763408f4885f300f45538616) Importer(2089858483,192608db42251d675da83286b1cce702) (ScriptedImporter) -> (artifact id: '6fbfb74eeb271d8be38164da0af826c9') in 0.132503 seconds
Number of updated asset objects reloaded before import = 0Number of asset objects unloaded after import = 1

========================================================================
Received Import Request.
  Time since last request: 0.000061 seconds.
  path: Assets/02_Scripts/ThirdPersonCameraController.cs
  artifactKey: Guid(133971744ef2f3949bfa2dac8d9bd157) Importer(2089858483,192608db42251d675da83286b1cce702)
Start importing Assets/02_Scripts/ThirdPersonCameraController.cs using Guid(133971744ef2f3949bfa2dac8d9bd157) Importer(2089858483,192608db42251d675da83286b1cce702) (ScriptedImporter) -> (artifact id: '8a9bb17134f6fe26713ebb00fe620229') in 0.0362156 seconds
Number of updated asset objects reloaded before import = 0Number of asset objects unloaded after import = 0

========================================================================
Received Import Request.
  Time since last request: 0.000072 seconds.
  path: Assets/TextMesh Pro/Shaders/SDFFunctions.hlsl
  artifactKey: Guid(96de908384869cd409c75efa351d5edf) Importer(2089858483,192608db42251d675da83286b1cce702)
Start importing Assets/TextMesh Pro/Shaders/SDFFunctions.hlsl using Guid(96de908384869cd409c75efa351d5edf) Importer(2089858483,192608db42251d675da83286b1cce702) (ScriptedImporter) -> (artifact id: '167bd5874ff46c30b4c68d3c4b254d4a') in 0.0395041 seconds
Number of updated asset objects reloaded before import = 0Number of asset objects unloaded after import = 1

========================================================================
Received Import Request.
  Time since last request: 0.000089 seconds.
  path: Assets/01_Prefabs/Puzzle_Tragaperras/StartButtonSlot.prefab
  artifactKey: Guid(fb376ed3e94be4a4e80041df9ae9dd20) Importer(2089858483,192608db42251d675da83286b1cce702)
Start importing Assets/01_Prefabs/Puzzle_Tragaperras/StartButtonSlot.prefab using Guid(fb376ed3e94be4a4e80041df9ae9dd20) Importer(2089858483,192608db42251d675da83286b1cce702) (ScriptedImporter) -> (artifact id: 'f37a9d1b16fde5910693783ddc624671') in 0.0560409 seconds
Number of updated asset objects reloaded before import = 0Number of asset objects unloaded after import = 7

========================================================================
Received Import Request.
  Time since last request: 0.000076 seconds.
  path: Assets/00_Scenes/Scenes Mauricio/Mat_VolumetricFog.mat
  artifactKey: Guid(b7f032f50f2a5b948bf78dbd39a21f0f) Importer(2089858483,192608db42251d675da83286b1cce702)
Start importing Assets/00_Scenes/Scenes Mauricio/Mat_VolumetricFog.mat using Guid(b7f032f50f2a5b948bf78dbd39a21f0f) Importer(2089858483,192608db42251d675da83286b1cce702) (ScriptedImporter) -> (artifact id: '60d9bb2201178910cf61f17870d24812') in 0.0377391 seconds
Number of updated asset objects reloaded before import = 0Number of asset objects unloaded after import = 1

========================================================================
Received Import Request.
  Time since last request: 0.000056 seconds.
  path: Assets/00_Scenes/Scenes Mauricio/Mat_Dust.mat
  artifactKey: Guid(ba21c6b8095ac2247b178ed38e781117) Importer(2089858483,192608db42251d675da83286b1cce702)
Start importing Assets/00_Scenes/Scenes Mauricio/Mat_Dust.mat using Guid(ba21c6b8095ac2247b178ed38e781117) Importer(2089858483,192608db42251d675da83286b1cce702) (ScriptedImporter) -> (artifact id: 'adb131acdbf9beb436d36656b6fbbdd8') in 0.0456337 seconds
Number of updated asset objects reloaded before import = 0Number of asset objects unloaded after import = 1

========================================================================
Received Import Request.
  Time since last request: 0.000067 seconds.
  path: Assets/02_Scripts/PlayerCookingSystem.cs
  artifactKey: Guid(02918023a17224543a655d613b849af8) Importer(2089858483,192608db42251d675da83286b1cce702)
Start importing Assets/02_Scripts/PlayerCookingSystem.cs using Guid(02918023a17224543a655d613b849af8) Importer(2089858483,192608db42251d675da83286b1cce702) (ScriptedImporter) -> (artifact id: '4784ee97b401f9e0cb6e7e1527be997a') in 0.0351469 seconds
Number of updated asset objects reloaded before import = 0Number of asset objects unloaded after import = 0

========================================================================
Received Import Request.
  Time since last request: 0.000055 seconds.
  path: Assets/06_Models/Materials/tripo_image_f2eb496f_0.mat
  artifactKey: Guid(51969eee3f0b5b8468a7e23bf26a9ed9) Importer(2089858483,192608db42251d675da83286b1cce702)
Start importing Assets/06_Models/Materials/tripo_image_f2eb496f_0.mat using Guid(51969eee3f0b5b8468a7e23bf26a9ed9) Importer(2089858483,192608db42251d675da83286b1cce702) (ScriptedImporter) -> (artifact id: '857cbe6d34b60e00cccc5943233bc837') in 0.0550615 seconds
Number of updated asset objects reloaded before import = 0Number of asset objects unloaded after import = 2

========================================================================
Received Import Request.
  Time since last request: 0.000076 seconds.
  path: Assets/00_Scenes/Scenas pruebas/Scenes Pablo/Energias/Particles/EnergyBlueFX.prefab
  artifactKey: Guid(144990e17314178448cfb52390a9699d) Importer(2089858483,192608db42251d675da83286b1cce702)
Start importing Assets/00_Scenes/Scenas pruebas/Scenes Pablo/Energias/Particles/EnergyBlueFX.prefab using Guid(144990e17314178448cfb52390a9699d) Importer(2089858483,192608db42251d675da83286b1cce702) (ScriptedImporter) -> (artifact id: 'c74d81788dc29ad9fc1c2fe18f192b5d') in 0.1550641 seconds
Number of updated asset objects reloaded before import = 0Number of asset objects unloaded after import = 6

========================================================================
Received Import Request.
  Time since last request: 0.001044 seconds.
  path: Assets/06_Models/FileteModel/fileteModelIdle.fbx
  artifactKey: Guid(31c9692bccd099e46a069d28e8e80069) Importer(815301076,1909f56bfc062723c751e8b465ee728b)
Start importing Assets/06_Models/FileteModel/fileteModelIdle.fbx using Guid(31c9692bccd099e46a069d28e8e80069) Importer(815301076,1909f56bfc062723c751e8b465ee728b) (PreviewImporter) -> (artifact id: 'd7ea4e914b8729a5cc2c60c019356dc3') in 2.8502903 seconds
Number of updated asset objects reloaded before import = 0Number of asset objects unloaded after import = 178

========================================================================
Received Import Request.
  Time since last request: 0.000126 seconds.
  path: Assets/06_Models/HuevoModel/huevoModelIdle.fbx
  artifactKey: Guid(684d52c9039fe57428b5a52b8835de94) Importer(2089858483,192608db42251d675da83286b1cce702)
Start importing Assets/06_Models/HuevoModel/huevoModelIdle.fbx using Guid(684d52c9039fe57428b5a52b8835de94) Importer(2089858483,192608db42251d675da83286b1cce702) (ScriptedImporter) -> (artifact id: '5df58158eb923f97f60faaa3beb89f26') in 0.0988788 seconds
Number of updated asset objects reloaded before import = 0Number of asset objects unloaded after import = 19

========================================================================
Received Import Request.
  Time since last request: 0.000161 seconds.
  path: Assets/00_Scenes/Scenas pruebas/ScenePablo.unity
  artifactKey: Guid(915e4aecff9901844b5ebfda0b5e36ed) Importer(2089858483,192608db42251d675da83286b1cce702)
Start importing Assets/00_Scenes/Scenas pruebas/ScenePablo.unity using Guid(915e4aecff9901844b5ebfda0b5e36ed) Importer(2089858483,192608db42251d675da83286b1cce702) (ScriptedImporter) -> (artifact id: '40d2dba7f520f12d12aeb5f181dfb846') in 0.0363735 seconds
Number of updated asset objects reloaded before import = 0Number of asset objects unloaded after import = 1

========================================================================
Received Import Request.
  Time since last request: 0.000271 seconds.
  path: Assets/05_Materials/Cocina/Materials/pared.mat
  artifactKey: Guid(aa18232b41066174ca4fc9fb872e28e9) Importer(2089858483,192608db42251d675da83286b1cce702)
Start importing Assets/05_Materials/Cocina/Materials/pared.mat using Guid(aa18232b41066174ca4fc9fb872e28e9) Importer(2089858483,192608db42251d675da83286b1cce702) (ScriptedImporter) -> (artifact id: 'ca8d255b31938ee3acbf17603f307b81') in 0.0493428 seconds
Number of updated asset objects reloaded before import = 0Number of asset objects unloaded after import = 2

========================================================================
Received Import Request.
  Time since last request: 0.000070 seconds.
  path: Assets/TextMesh Pro/Shaders/TMP_Sprite.shader
  artifactKey: Guid(cf81c85f95fe47e1a27f6ae460cf182c) Importer(2089858483,192608db42251d675da83286b1cce702)
Start importing Assets/TextMesh Pro/Shaders/TMP_Sprite.shader using Guid(cf81c85f95fe47e1a27f6ae460cf182c) Importer(2089858483,192608db42251d675da83286b1cce702) (ScriptedImporter) -> (artifact id: '9f1a8016364fb52d5d6ee2ac69e00271') in 0.0450157 seconds
Number of updated asset objects reloaded before import = 0Number of asset objects unloaded after import = 1

========================================================================
Received Import Request.
  Time since last request: 0.000083 seconds.
  path: Assets/06_Models/ChorizoModel/ChorizoModel.fbx
  artifactKey: Guid(f323a2ebd1880d74284ac50ae11cbb2a) Importer(2089858483,192608db42251d675da83286b1cce702)
Start importing Assets/06_Models/ChorizoModel/ChorizoModel.fbx using Guid(f323a2ebd1880d74284ac50ae11cbb2a) Importer(2089858483,192608db42251d675da83286b1cce702) (ScriptedImporter) -> (artifact id: 'dc6cb99c26126c2cc7110cfd784a31ca') in 0.1097759 seconds
Number of updated asset objects reloaded before import = 0Number of asset objects unloaded after import = 19

========================================================================
Received Import Request.
  Time since last request: 0.000077 seconds.
  path: Assets/00_Scenes/Scenes Mauricio/LamparaLuces.fbx
  artifactKey: Guid(32d7ded9ee9254a4bb2dd910d5da585c) Importer(2089858483,192608db42251d675da83286b1cce702)
Start importing Assets/00_Scenes/Scenes Mauricio/LamparaLuces.fbx using Guid(32d7ded9ee9254a4bb2dd910d5da585c) Importer(2089858483,192608db42251d675da83286b1cce702) (ScriptedImporter) -> (artifact id: '29e354c1458ec69070823f0102f5eb14') in 0.0915843 seconds
Number of updated asset objects reloaded before import = 0Number of asset objects unloaded after import = 8

========================================================================
Received Import Request.
  Time since last request: 0.000091 seconds.
  path: Assets/00_Scenes/Scenas pruebas/Scenes Pablo/Energias/Scripts/Audio/EnergyAudioManager.cs
  artifactKey: Guid(a4ba65bfd6b46a043b0db4c33c6731c7) Importer(2089858483,192608db42251d675da83286b1cce702)
Start importing Assets/00_Scenes/Scenas pruebas/Scenes Pablo/Energias/Scripts/Audio/EnergyAudioManager.cs using Guid(a4ba65bfd6b46a043b0db4c33c6731c7) Importer(2089858483,192608db42251d675da83286b1cce702) (ScriptedImporter) -> (artifact id: '8853a54d7e4b151670295a05a6da1f0e') in 0.0382255 seconds
Number of updated asset objects reloaded before import = 0Number of asset objects unloaded after import = 0

========================================================================
Received Import Request.
  Time since last request: 0.000069 seconds.
  path: Assets/Plugins/Demigiant/DOTween/Editor/Imgs/DOTweenMiniIcon.png
  artifactKey: Guid(61521df2e071645488ba3d05e49289ae) Importer(2089858483,192608db42251d675da83286b1cce702)
Start importing Assets/Plugins/Demigiant/DOTween/Editor/Imgs/DOTweenMiniIcon.png using Guid(61521df2e071645488ba3d05e49289ae) Importer(2089858483,192608db42251d675da83286b1cce702) (ScriptedImporter) -> (artifact id: '765a7a84b8f0a04a15482d5af005b5a5') in 0.0632492 seconds
Number of updated asset objects reloaded before import = 0Number of asset objects unloaded after import = 1

========================================================================
Received Import Request.
  Time since last request: 0.000087 seconds.
  path: Assets/00_Scenes/Scenas pruebas/Scenes Pablo/Minigame_Robot.unity
  artifactKey: Guid(3257b60599384f741bef7deb66234a21) Importer(2089858483,192608db42251d675da83286b1cce702)
Start importing Assets/00_Scenes/Scenas pruebas/Scenes Pablo/Minigame_Robot.unity using Guid(3257b60599384f741bef7deb66234a21) Importer(2089858483,192608db42251d675da83286b1cce702) (ScriptedImporter) -> (artifact id: '19ca0a35037d039fcd7db3722d25ae03') in 0.0522978 seconds
Number of updated asset objects reloaded before import = 0Number of asset objects unloaded after import = 1

========================================================================
Received Import Request.
  Time since last request: 0.000065 seconds.
  path: Assets/Plugins/Demigiant/DOTween/Editor/Imgs/Header.jpg
  artifactKey: Guid(78a59ca99f8987941adb61f9e14a06a7) Importer(2089858483,192608db42251d675da83286b1cce702)
Start importing Assets/Plugins/Demigiant/DOTween/Editor/Imgs/Header.jpg using Guid(78a59ca99f8987941adb61f9e14a06a7) Importer(2089858483,192608db42251d675da83286b1cce702) (ScriptedImporter) -> (artifact id: '44420b66bdcbaf69cb446f180e097fc1') in 0.0667147 seconds
Number of updated asset objects reloaded before import = 0Number of asset objects unloaded after import = 1

========================================================================
Received Import Request.
  Time since last request: 0.000085 seconds.
  path: Assets/04_Sounds/Sonido-de-freír.mp3
  artifactKey: Guid(c20123ccff2c34a449d256b1700c01d6) Importer(2089858483,192608db42251d675da83286b1cce702)
Start importing Assets/04_Sounds/Sonido-de-freír.mp3 using Guid(c20123ccff2c34a449d256b1700c01d6) Importer(2089858483,192608db42251d675da83286b1cce702) (ScriptedImporter) -> (artifact id: '37f7d5113e525e48455434d111fc8857') in 0.1377926 seconds
Number of updated asset objects reloaded before import = 0Number of asset objects unloaded after import = 1

========================================================================
Received Import Request.
  Time since last request: 0.000065 seconds.
  path: Assets/01_Prefabs/Objects/Key (1).prefab
  artifactKey: Guid(2341e8f2874fb6f41874d6b8abe51cbb) Importer(2089858483,192608db42251d675da83286b1cce702)
Start importing Assets/01_Prefabs/Objects/Key (1).prefab using Guid(2341e8f2874fb6f41874d6b8abe51cbb) Importer(2089858483,192608db42251d675da83286b1cce702) (ScriptedImporter) -> (artifact id: 'adf5f34ff969a9d4e4444d2dbb143b6c') in 0.0581136 seconds
Number of updated asset objects reloaded before import = 0Number of asset objects unloaded after import = 8

========================================================================
Received Import Request.
  Time since last request: 0.000112 seconds.
  path: Assets/01_Prefabs/Enemys/Pared.prefab
  artifactKey: Guid(1b58eb1148737884ba1aa63b429097ee) Importer(2089858483,192608db42251d675da83286b1cce702)
Start importing Assets/01_Prefabs/Enemys/Pared.prefab using Guid(1b58eb1148737884ba1aa63b429097ee) Importer(2089858483,192608db42251d675da83286b1cce702) (ScriptedImporter) -> (artifact id: 'e64c1f0e203cb2d9e8c6a8a308290b1e') in 0.0483988 seconds
Number of updated asset objects reloaded before import = 0Number of asset objects unloaded after import = 7

========================================================================
Received Import Request.
  Time since last request: 0.000071 seconds.
  path: Assets/00_Scenes/Scenas pruebas/Scenes Pablo/Scripts/multi.mat
  artifactKey: Guid(85175ed20b682734d801e435211721da) Importer(2089858483,192608db42251d675da83286b1cce702)
Start importing Assets/00_Scenes/Scenas pruebas/Scenes Pablo/Scripts/multi.mat using Guid(85175ed20b682734d801e435211721da) Importer(2089858483,192608db42251d675da83286b1cce702) (ScriptedImporter) -> (artifact id: 'a40ff58dd47683c149c7fb38c64771f3') in 0.048166 seconds
Number of updated asset objects reloaded before import = 0Number of asset objects unloaded after import = 1

========================================================================
Received Import Request.
  Time since last request: 0.000103 seconds.
  path: Assets/01_Prefabs/Objects/Mayonesa.prefab
  artifactKey: Guid(b267abdcbb101364fb63623868f5413c) Importer(2089858483,192608db42251d675da83286b1cce702)
Start importing Assets/01_Prefabs/Objects/Mayonesa.prefab using Guid(b267abdcbb101364fb63623868f5413c) Importer(2089858483,192608db42251d675da83286b1cce702) (ScriptedImporter) -> (artifact id: 'a02078b69e922c47c99877addeba6a61') in 0.051081 seconds
Number of updated asset objects reloaded before import = 0Number of asset objects unloaded after import = 8

========================================================================
Received Import Request.
  Time since last request: 0.000077 seconds.
  path: Assets/TextMesh Pro/Sprites/EmojiOne.png
  artifactKey: Guid(dffef66376be4fa480fb02b19edbe903) Importer(2089858483,192608db42251d675da83286b1cce702)
Start importing Assets/TextMesh Pro/Sprites/EmojiOne.png using Guid(dffef66376be4fa480fb02b19edbe903) Importer(2089858483,192608db42251d675da83286b1cce702) (ScriptedImporter) -> (artifact id: 'aa6f449732840a6ec3b6104f1c2d878f') in 0.0673161 seconds
Number of updated asset objects reloaded before import = 0Number of asset objects unloaded after import = 1

========================================================================
Received Import Request.
  Time since last request: 0.000085 seconds.
  path: Assets/00_Scenes/Scenas pruebas/Scenes Pablo/Energias/Particles/EnergyYellowFX.prefab
  artifactKey: Guid(3df13c939dbe6d34ab66c9d1a8fc9095) Importer(2089858483,192608db42251d675da83286b1cce702)
Start importing Assets/00_Scenes/Scenas pruebas/Scenes Pablo/Energias/Particles/EnergyYellowFX.prefab using Guid(3df13c939dbe6d34ab66c9d1a8fc9095) Importer(2089858483,192608db42251d675da83286b1cce702) (ScriptedImporter) -> (artifact id: '3777d21c8e173d78b17c72031918b33a') in 0.1647076 seconds
Number of updated asset objects reloaded before import = 0Number of asset objects unloaded after import = 6

========================================================================
Received Import Request.
  Time since last request: 0.000082 seconds.
  path: Assets/06_Models/HuevoModel/huevoModel.blend1
  artifactKey: Guid(2c8a7552f287baf41aa8bebfd0a848cb) Importer(2089858483,192608db42251d675da83286b1cce702)
Start importing Assets/06_Models/HuevoModel/huevoModel.blend1 using Guid(2c8a7552f287baf41aa8bebfd0a848cb) Importer(2089858483,192608db42251d675da83286b1cce702) (ScriptedImporter) -> (artifact id: '5ed791208a0c615ec750aba896d3e3de') in 0.0407631 seconds
Number of updated asset objects reloaded before import = 0Number of asset objects unloaded after import = 1

========================================================================
Received Import Request.
  Time since last request: 0.000082 seconds.
  path: Assets/Plugins/Demigiant/DOTween/DOTween.XML
  artifactKey: Guid(34192c5e0d14aee43a0e86cc4823268a) Importer(2089858483,192608db42251d675da83286b1cce702)
Start importing Assets/Plugins/Demigiant/DOTween/DOTween.XML using Guid(34192c5e0d14aee43a0e86cc4823268a) Importer(2089858483,192608db42251d675da83286b1cce702) (ScriptedImporter) -> (artifact id: 'b50959a108b913b4b810a215a0866f99') in 0.0418764 seconds
Number of updated asset objects reloaded before import = 0Number of asset objects unloaded after import = 1

========================================================================
Received Import Request.
  Time since last request: 0.000072 seconds.
  path: Assets/00_Scenes/Scenas pruebas/Scenes Pablo/Energias/Shaders/EmergyBackground.shadergraph
  artifactKey: Guid(6e0fef937efc7d9418e49daa024939e6) Importer(2089858483,192608db42251d675da83286b1cce702)
Start importing Assets/00_Scenes/Scenas pruebas/Scenes Pablo/Energias/Shaders/EmergyBackground.shadergraph using Guid(6e0fef937efc7d9418e49daa024939e6) Importer(2089858483,192608db42251d675da83286b1cce702) (ScriptedImporter) -> (artifact id: 'c9adab5d62025d55594cc360915a4e46') in 0.0600149 seconds
Number of updated asset objects reloaded before import = 0Number of asset objects unloaded after import = 5

========================================================================
Received Import Request.
  Time since last request: 0.000086 seconds.
  path: Assets/Plugins/Demigiant/DOTween/Modules/DOTweenModuleUnityVersion.cs
  artifactKey: Guid(63c02322328255542995bd02b47b0457) Importer(2089858483,192608db42251d675da83286b1cce702)
Start importing Assets/Plugins/Demigiant/DOTween/Modules/DOTweenModuleUnityVersion.cs using Guid(63c02322328255542995bd02b47b0457) Importer(2089858483,192608db42251d675da83286b1cce702) (ScriptedImporter) -> (artifact id: 'b611832c28e1f2ef6079f2a8226953c7') in 0.0395808 seconds
Number of updated asset objects reloaded before import = 0Number of asset objects unloaded after import = 0

========================================================================
Received Import Request.
  Time since last request: 0.000186 seconds.
  path: Assets/06_Models/ChorizoModel/ChorizoRevamp.blend
  artifactKey: Guid(e47af929bf883fe43a733b0a0100c9e5) Importer(2089858483,192608db42251d675da83286b1cce702)
Start importing Assets/06_Models/ChorizoModel/ChorizoRevamp.blend using Guid(e47af929bf883fe43a733b0a0100c9e5) Importer(2089858483,192608db42251d675da83286b1cce702) (ScriptedImporter) -> (artifact id: '60231644b31a0159d59fb36fefbf88e6') in 0.0541694 seconds
Number of updated asset objects reloaded before import = 0Number of asset objects unloaded after import = 1

========================================================================
Received Import Request.
  Time since last request: 0.000108 seconds.
  path: Assets/Plugins/Demigiant/DOTween/Editor/Imgs/DOTweenIcon.png
  artifactKey: Guid(8da095e39e9b4df488dfd436f81116d6) Importer(2089858483,192608db42251d675da83286b1cce702)
Start importing Assets/Plugins/Demigiant/DOTween/Editor/Imgs/DOTweenIcon.png using Guid(8da095e39e9b4df488dfd436f81116d6) Importer(2089858483,192608db42251d675da83286b1cce702) (ScriptedImporter) -> (artifact id: '1b82179ae583a3c4123a86e107169857') in 0.0628631 seconds
Number of updated asset objects reloaded before import = 0Number of asset objects unloaded after import = 1

========================================================================
Received Import Request.
  Time since last request: 0.000080 seconds.
  path: Assets/00_Scenes/Scenes Mauricio/Mat_Beam.mat
  artifactKey: Guid(7602a87f481b7804bbbb5780443a5b2d) Importer(2089858483,192608db42251d675da83286b1cce702)
Start importing Assets/00_Scenes/Scenes Mauricio/Mat_Beam.mat using Guid(7602a87f481b7804bbbb5780443a5b2d) Importer(2089858483,192608db42251d675da83286b1cce702) (ScriptedImporter) -> (artifact id: '75898c3f9797a715ab198bcd253a5f0c') in 0.04842 seconds
Number of updated asset objects reloaded before import = 0Number of asset objects unloaded after import = 1

========================================================================
Received Import Request.
  Time since last request: 0.000093 seconds.
  path: Assets/01_Prefabs/ObjectsPuzzleMemory/PuzzleMemory/Enemy.prefab
  artifactKey: Guid(1c64adc65b64ceb4ca58e9f26a63d800) Importer(2089858483,192608db42251d675da83286b1cce702)
Start importing Assets/01_Prefabs/ObjectsPuzzleMemory/PuzzleMemory/Enemy.prefab using Guid(1c64adc65b64ceb4ca58e9f26a63d800) Importer(2089858483,192608db42251d675da83286b1cce702) (ScriptedImporter) -> (artifact id: '1ce87f719e525d4192c7a135781968ff') in 0.071992 seconds
Number of updated asset objects reloaded before import = 0Number of asset objects unloaded after import = 9

========================================================================
Received Import Request.
  Time since last request: 0.000077 seconds.
  path: Assets/Settings/SampleSceneProfile.asset
  artifactKey: Guid(10fc4df2da32a41aaa32d77bc913491c) Importer(2089858483,192608db42251d675da83286b1cce702)
Start importing Assets/Settings/SampleSceneProfile.asset using Guid(10fc4df2da32a41aaa32d77bc913491c) Importer(2089858483,192608db42251d675da83286b1cce702) (ScriptedImporter) -> (artifact id: 'ce1d1c243211fcdd6074063136b26dd7') in 0.0541325 seconds
Number of updated asset objects reloaded before import = 0Number of asset objects unloaded after import = 1

========================================================================
Received Import Request.
  Time since last request: 0.000087 seconds.
  path: Assets/06_Models/PepinoModel/pepinoModel.blend1
  artifactKey: Guid(35996ec6c716e9d40a48e77b6e819e92) Importer(2089858483,192608db42251d675da83286b1cce702)
Start importing Assets/06_Models/PepinoModel/pepinoModel.blend1 using Guid(35996ec6c716e9d40a48e77b6e819e92) Importer(2089858483,192608db42251d675da83286b1cce702) (ScriptedImporter) -> (artifact id: 'a510492d3cdc1698d9a66df2bc287b47') in 0.0388865 seconds
Number of updated asset objects reloaded before import = 0Number of asset objects unloaded after import = 1

========================================================================
Received Import Request.
  Time since last request: 0.000088 seconds.
  path: Assets/01_Prefabs/Puzzle_Tragaperras/princesaSlot1.jpg
  artifactKey: Guid(9cb178e828cf8d6468453ae9a3c6dd16) Importer(2089858483,192608db42251d675da83286b1cce702)
Start importing Assets/01_Prefabs/Puzzle_Tragaperras/princesaSlot1.jpg using Guid(9cb178e828cf8d6468453ae9a3c6dd16) Importer(2089858483,192608db42251d675da83286b1cce702) (ScriptedImporter) -> (artifact id: '7fa08139c953ee8cba7b5f3783b142d9') in 0.0699023 seconds
Number of updated asset objects reloaded before import = 0Number of asset objects unloaded after import = 3

========================================================================
Received Import Request.
  Time since last request: 0.000093 seconds.
  path: Assets/00_Scenes/Scenas pruebas/Scenes Pablo/Scripts/CommandProgram.cs
  artifactKey: Guid(09f03f0a9c32193449473dbe95719a5a) Importer(2089858483,192608db42251d675da83286b1cce702)
Start importing Assets/00_Scenes/Scenas pruebas/Scenes Pablo/Scripts/CommandProgram.cs using Guid(09f03f0a9c32193449473dbe95719a5a) Importer(2089858483,192608db42251d675da83286b1cce702) (ScriptedImporter) -> (artifact id: '5fe9e875163db0a2e8a2dcf4845ae904') in 0.0429522 seconds
Number of updated asset objects reloaded before import = 0Number of asset objects unloaded after import = 0

========================================================================
Received Import Request.
  Time since last request: 0.000072 seconds.
  path: Assets/00_Scenes/Scenas pruebas/SceneAle.unity
  artifactKey: Guid(442cc0283f3599a46bd21c0f03e43dd0) Importer(2089858483,192608db42251d675da83286b1cce702)
Start importing Assets/00_Scenes/Scenas pruebas/SceneAle.unity using Guid(442cc0283f3599a46bd21c0f03e43dd0) Importer(2089858483,192608db42251d675da83286b1cce702) (ScriptedImporter) -> (artifact id: 'fcfd5af2ee7a60d8795326de1f012a77') in 0.0519976 seconds
Number of updated asset objects reloaded before import = 0Number of asset objects unloaded after import = 1

========================================================================
Received Import Request.
  Time since last request: 0.000095 seconds.
  path: Assets/06_Models/personajes/CajaLeche.controller
  artifactKey: Guid(e38c94c50479a1c41b544a5fa9550283) Importer(2089858483,192608db42251d675da83286b1cce702)
Start importing Assets/06_Models/personajes/CajaLeche.controller using Guid(e38c94c50479a1c41b544a5fa9550283) Importer(2089858483,192608db42251d675da83286b1cce702) (ScriptedImporter) -> (artifact id: 'b3f6c7432632d4531fcf06b3337dfc95') in 0.0460924 seconds
Number of updated asset objects reloaded before import = 0Number of asset objects unloaded after import = 4

========================================================================
Received Import Request.
  Time since last request: 0.000074 seconds.
  path: Assets/00_Scenes/Scenas pruebas/Scenes Pablo/Energias/Scripts/MetaProgressionManager.cs
  artifactKey: Guid(5b673a2501d445548b6c56c7d0861c3e) Importer(2089858483,192608db42251d675da83286b1cce702)
Start importing Assets/00_Scenes/Scenas pruebas/Scenes Pablo/Energias/Scripts/MetaProgressionManager.cs using Guid(5b673a2501d445548b6c56c7d0861c3e) Importer(2089858483,192608db42251d675da83286b1cce702) (ScriptedImporter) -> (artifact id: 'c3b8d57af3a16fc7c1a83964164d2606') in 0.0417387 seconds
Number of updated asset objects reloaded before import = 0Number of asset objects unloaded after import = 0

========================================================================
Received Import Request.
  Time since last request: 0.000087 seconds.
  path: Assets/06_Models/personajes/SteakPsj.fbx
  artifactKey: Guid(073848c6e6ae9ea428de8a5f21101d46) Importer(2089858483,192608db42251d675da83286b1cce702)
Start importing Assets/06_Models/personajes/SteakPsj.fbx using Guid(073848c6e6ae9ea428de8a5f21101d46) Importer(2089858483,192608db42251d675da83286b1cce702) (ScriptedImporter) -> (artifact id: '3bae53818fbcdeaf37da83d7b2d49092') in 0.0830304 seconds
Number of updated asset objects reloaded before import = 0Number of asset objects unloaded after import = 8

========================================================================
Received Import Request.
  Time since last request: 0.000125 seconds.
  path: Assets/TextMesh Pro/Fonts/LiberationSans.ttf
  artifactKey: Guid(e3265ab4bf004d28a9537516768c1c75) Importer(2089858483,192608db42251d675da83286b1cce702)
Start importing Assets/TextMesh Pro/Fonts/LiberationSans.ttf using Guid(e3265ab4bf004d28a9537516768c1c75) Importer(2089858483,192608db42251d675da83286b1cce702) (ScriptedImporter) -> (artifact id: '7820de1e23f757d6a08ffef654391a3c') in 0.0651519 seconds
Number of updated asset objects reloaded before import = 0Number of asset objects unloaded after import = 3

========================================================================
Received Import Request.
  Time since last request: 0.000103 seconds.
  path: Assets/06_Models/ChorizoModel/ChorizoRevampAnimTODO.fbx
  artifactKey: Guid(2af8517a4f69fd9459d4ebe1d5387dbe) Importer(2089858483,192608db42251d675da83286b1cce702)
Start importing Assets/06_Models/ChorizoModel/ChorizoRevampAnimTODO.fbx using Guid(2af8517a4f69fd9459d4ebe1d5387dbe) Importer(2089858483,192608db42251d675da83286b1cce702) (ScriptedImporter) -> (artifact id: 'aa4a3424445fbb275dce36143218a1eb') in 0.4082295 seconds
Number of updated asset objects reloaded before import = 0Number of asset objects unloaded after import = 193

========================================================================
Received Import Request.
  Time since last request: 24.841932 seconds.
  path: Assets/06_Models/FileteModel/fileteModelIdle.fbx
  artifactKey: Guid(31c9692bccd099e46a069d28e8e80069) Importer(815301076,1909f56bfc062723c751e8b465ee728b)
Start importing Assets/06_Models/FileteModel/fileteModelIdle.fbx using Guid(31c9692bccd099e46a069d28e8e80069) Importer(815301076,1909f56bfc062723c751e8b465ee728b) (PreviewImporter) -> (artifact id: '64043164ad6b866f6d6d026acadeaf8f') in 0.2255038 seconds
Number of updated asset objects reloaded before import = 0Number of asset objects unloaded after import = 178

========================================================================
Received Import Request.
  Time since last request: 391.079928 seconds.
  path: Assets/07_Animations/PlayerAnimations/Filete.controller
  artifactKey: Guid(e2979d50655ad9443ba859c70a51300d) Importer(2089858483,192608db42251d675da83286b1cce702)
Start importing Assets/07_Animations/PlayerAnimations/Filete.controller using Guid(e2979d50655ad9443ba859c70a51300d) Importer(2089858483,192608db42251d675da83286b1cce702) (ScriptedImporter) -> (artifact id: '6dcbfa53998024d31b9a0a619919a2e8') in 0.0415289 seconds
Number of updated asset objects reloaded before import = 0Number of asset objects unloaded after import = 2

========================================================================
Received Import Request.
  Time since last request: 19.318310 seconds.
  path: Assets/01_Prefabs
  artifactKey: Guid(8b9c5fb827392dd4b8e4fedc26dda5dd) Importer(815301076,1909f56bfc062723c751e8b465ee728b)
Start importing Assets/01_Prefabs using Guid(8b9c5fb827392dd4b8e4fedc26dda5dd) Importer(815301076,1909f56bfc062723c751e8b465ee728b) (PreviewImporter) -> (artifact id: 'eee76e68166e6b40c9ce21e1eda1213a') in 0.0023708 seconds
Number of updated asset objects reloaded before import = 0Number of asset objects unloaded after import = 0

========================================================================
Received Import Request.
  Time since last request: 3.462608 seconds.
  path: Assets/01_Prefabs/New Folder
  artifactKey: Guid(479de140f7d154f40b0d73879ae3523a) Importer(815301076,1909f56bfc062723c751e8b465ee728b)
Start importing Assets/01_Prefabs/New Folder using Guid(479de140f7d154f40b0d73879ae3523a) Importer(815301076,1909f56bfc062723c751e8b465ee728b) (PreviewImporter) -> (artifact id: '791bdc0c5603cdd45173d4b7c85c9a30') in 0.0014434 seconds
Number of updated asset objects reloaded before import = 0Number of asset objects unloaded after import = 0

========================================================================
Received Import Request.
  Time since last request: 0.754932 seconds.
  path: Assets/01_Prefabs/New Folder
  artifactKey: Guid(479de140f7d154f40b0d73879ae3523a) Importer(2089858483,192608db42251d675da83286b1cce702)
Start importing Assets/01_Prefabs/New Folder using Guid(479de140f7d154f40b0d73879ae3523a) Importer(2089858483,192608db42251d675da83286b1cce702) (ScriptedImporter) -> (artifact id: '09ffa94447626e67a340e5bdde7366bf') in 0.0334894 seconds
Number of updated asset objects reloaded before import = 0Number of asset objects unloaded after import = 1

========================================================================
Received Import Request.
  Time since last request: 6.553600 seconds.
  path: Assets/01_Prefabs/Personajes
  artifactKey: Guid(479de140f7d154f40b0d73879ae3523a) Importer(815301076,1909f56bfc062723c751e8b465ee728b)
Start importing Assets/01_Prefabs/Personajes using Guid(479de140f7d154f40b0d73879ae3523a) Importer(815301076,1909f56bfc062723c751e8b465ee728b) (PreviewImporter) -> (artifact id: 'ab030fb8c37b6ea166aa7f53712d0d1e') in 0.0012368 seconds
Number of updated asset objects reloaded before import = 0Number of asset objects unloaded after import = 0

========================================================================
Received Import Request.
  Time since last request: 0.760271 seconds.
  path: Assets/01_Prefabs/Personajes
  artifactKey: Guid(479de140f7d154f40b0d73879ae3523a) Importer(2089858483,192608db42251d675da83286b1cce702)
Start importing Assets/01_Prefabs/Personajes using Guid(479de140f7d154f40b0d73879ae3523a) Importer(2089858483,192608db42251d675da83286b1cce702) (ScriptedImporter) -> (artifact id: '37201c51eab308073f2330c9b51962d7') in 0.0363296 seconds
Number of updated asset objects reloaded before import = 0Number of asset objects unloaded after import = 1

========================================================================
Received Import Request.
  Time since last request: 1.653372 seconds.
  path: Assets/01_Prefabs/Personajes/FileteNpc.prefab
  artifactKey: Guid(130f010fa1ed2fc4bbc8c6d0b765da48) Importer(815301076,1909f56bfc062723c751e8b465ee728b)
Start importing Assets/01_Prefabs/Personajes/FileteNpc.prefab using Guid(130f010fa1ed2fc4bbc8c6d0b765da48) Importer(815301076,1909f56bfc062723c751e8b465ee728b) (PreviewImporter) -> (artifact id: '6fe1af13a27f965e7190bea04d86ed42') in 0.0801263 seconds
Number of updated asset objects reloaded before import = 0Number of asset objects unloaded after import = 350

========================================================================
Received Import Request.
  Time since last request: 0.714307 seconds.
  path: Assets/01_Prefabs/Personajes/FileteNpc.prefab
  artifactKey: Guid(130f010fa1ed2fc4bbc8c6d0b765da48) Importer(2089858483,192608db42251d675da83286b1cce702)
Start importing Assets/01_Prefabs/Personajes/FileteNpc.prefab using Guid(130f010fa1ed2fc4bbc8c6d0b765da48) Importer(2089858483,192608db42251d675da83286b1cce702) (ScriptedImporter) -> (artifact id: '8a7a5314ae90bdea292432f1061bd98b') in 0.0458593 seconds
Number of updated asset objects reloaded before import = 0Number of asset objects unloaded after import = 175

========================================================================
Received Import Request.
  Time since last request: 12.744946 seconds.
  path: Assets/07_Animations/Filete.controller
  artifactKey: Guid(e2979d50655ad9443ba859c70a51300d) Importer(2089858483,192608db42251d675da83286b1cce702)
Start importing Assets/07_Animations/Filete.controller using Guid(e2979d50655ad9443ba859c70a51300d) Importer(2089858483,192608db42251d675da83286b1cce702) (ScriptedImporter) -> (artifact id: '53fc5d6a8acce85b330371879e91e4e7') in 0.0459911 seconds
Number of updated asset objects reloaded before import = 0Number of asset objects unloaded after import = 2

========================================================================
Received Import Request.
  Time since last request: 0.000060 seconds.
  path: Assets/07_Animations
  artifactKey: Guid(09b7fac6b214def438736165563e1f0d) Importer(815301076,1909f56bfc062723c751e8b465ee728b)
Start importing Assets/07_Animations using Guid(09b7fac6b214def438736165563e1f0d) Importer(815301076,1909f56bfc062723c751e8b465ee728b) (PreviewImporter) -> (artifact id: '25bc416188d16d391a71f4d8ed318a0c') in 0.0012748 seconds
Number of updated asset objects reloaded before import = 0Number of asset objects unloaded after import = 0

========================================================================
Received Import Request.
  Time since last request: 13.936861 seconds.
  path: Assets/07_Animations/Personajes
  artifactKey: Guid(d0c8a59a309a24c4e9c3ac552127b26c) Importer(815301076,1909f56bfc062723c751e8b465ee728b)
Start importing Assets/07_Animations/Personajes using Guid(d0c8a59a309a24c4e9c3ac552127b26c) Importer(815301076,1909f56bfc062723c751e8b465ee728b) (PreviewImporter) -> (artifact id: 'f4eb276c01c68e94b7c51df03caee46b') in 0.0014065 seconds
Number of updated asset objects reloaded before import = 0Number of asset objects unloaded after import = 0

========================================================================
Received Import Request.
  Time since last request: 0.769781 seconds.
  path: Assets/07_Animations/Personajes
  artifactKey: Guid(d0c8a59a309a24c4e9c3ac552127b26c) Importer(2089858483,192608db42251d675da83286b1cce702)
Start importing Assets/07_Animations/Personajes using Guid(d0c8a59a309a24c4e9c3ac552127b26c) Importer(2089858483,192608db42251d675da83286b1cce702) (ScriptedImporter) -> (artifact id: '3acfc7f7a3e4b0eb664cdcbdd48180a5') in 0.031135 seconds
Number of updated asset objects reloaded before import = 0Number of asset objects unloaded after import = 1

========================================================================
Received Import Request.
  Time since last request: 0.203802 seconds.
  path: Assets/07_Animations/Filete.controller
  artifactKey: Guid(e2979d50655ad9443ba859c70a51300d) Importer(815301076,1909f56bfc062723c751e8b465ee728b)
Start importing Assets/07_Animations/Filete.controller using Guid(e2979d50655ad9443ba859c70a51300d) Importer(815301076,1909f56bfc062723c751e8b465ee728b) (PreviewImporter) -> (artifact id: 'dc99b29ba0bb9e0225898b5243e1d36f') in 0.0065732 seconds
Number of updated asset objects reloaded before import = 0Number of asset objects unloaded after import = 2

========================================================================
Received Import Request.
  Time since last request: 2.247369 seconds.
  path: Assets/07_Animations/Personajes/Filete.controller
  artifactKey: Guid(e2979d50655ad9443ba859c70a51300d) Importer(2089858483,192608db42251d675da83286b1cce702)
Start importing Assets/07_Animations/Personajes/Filete.controller using Guid(e2979d50655ad9443ba859c70a51300d) Importer(2089858483,192608db42251d675da83286b1cce702) (ScriptedImporter) -> (artifact id: 'df16a6675cadc4ac05e3753e816f07de') in 0.0316948 seconds
Number of updated asset objects reloaded before import = 0Number of asset objects unloaded after import = 2

========================================================================
Received Import Request.
  Time since last request: 12.791062 seconds.
  path: Assets/06_Models/personajes/Breathing Idle.fbx
  artifactKey: Guid(40ecaad4f219fa143ac7be79ccb743ce) Importer(815301076,1909f56bfc062723c751e8b465ee728b)
Start importing Assets/06_Models/personajes/Breathing Idle.fbx using Guid(40ecaad4f219fa143ac7be79ccb743ce) Importer(815301076,1909f56bfc062723c751e8b465ee728b) (PreviewImporter) -> (artifact id: '27505ec425f8be113c8027433b5a83cd') in 0.0140308 seconds
Number of updated asset objects reloaded before import = 0Number of asset objects unloaded after import = 137

========================================================================
Received Import Request.
  Time since last request: 13.482099 seconds.
  path: Assets/06_Models/FileteModel
  artifactKey: Guid(51b3812021b8e1648b9e1da5e4299a94) Importer(815301076,1909f56bfc062723c751e8b465ee728b)
Start importing Assets/06_Models/FileteModel using Guid(51b3812021b8e1648b9e1da5e4299a94) Importer(815301076,1909f56bfc062723c751e8b465ee728b) (PreviewImporter) -> (artifact id: '8eb13b1d21cdc5bbae67bfd9cd56a605') in 0.0014808 seconds
Number of updated asset objects reloaded before import = 0Number of asset objects unloaded after import = 0

========================================================================
Received Prepare
Begin MonoManager ReloadAssembly
- Loaded All Assemblies, in  3.082 seconds
Refreshing native plugins compatible for Editor in 4.46 ms, found 3 plugins.
Native extension for WindowsStandalone target not found
[Package Manager] Failed to launch server process. Reason: Unity was launched with the -noUpm command-line argument
[Package Manager] Unable to send message (not connected to server process).
[Package Manager] Cannot connect to Unity Package Manager local server
Mono: successfully reloaded assembly
- Finished resetting the current domain, in  3.132 seconds
Domain Reload Profiling: 6225ms
	BeginReloadAssembly (783ms)
		ExecutionOrderSort (0ms)
		DisableScriptedObjects (70ms)
		BackupInstance (0ms)
		ReleaseScriptingObjects (1ms)
		CreateAndSetChildDomain (237ms)
	RebuildCommonClasses (115ms)
	RebuildNativeTypeToScriptingClass (43ms)
	initialDomainReloadingComplete (103ms)
	LoadAllAssembliesAndSetupDomain (2047ms)
		LoadAssemblies (1725ms)
		RebuildTransferFunctionScriptingTraits (0ms)
		AnalyzeDomain (645ms)
			TypeCache.Refresh (20ms)
				TypeCache.ScanAssembly (0ms)
			BuildScriptInfoCaches (567ms)
			ResolveRequiredComponents (48ms)
	FinalizeReload (3135ms)
		ReleaseScriptCaches (0ms)
		RebuildScriptCaches (0ms)
		SetupLoadedEditorAssemblies (2443ms)
			LogAssemblyErrors (0ms)
			InitializePlatformSupportModulesInManaged (12ms)
			SetLoadedEditorAssemblies (21ms)
			BeforeProcessingInitializeOnLoad (549ms)
			ProcessInitializeOnLoadAttributes (1524ms)
			ProcessInitializeOnLoadMethodAttributes (325ms)
			AfterProcessingInitializeOnLoad (12ms)
			EditorAssembliesLoaded (1ms)
		ExecutionOrderSort2 (0ms)
		AwakeInstancesAfterBackupRestoration (63ms)
Shader Hidden/ProbeVolume/VoxelizeScene is not supported: GPU does not support conservative rasterization
Refreshing native plugins compatible for Editor in 6.59 ms, found 3 plugins.
Preloading 0 native plugins for Editor in 0.00 ms.
Unloading 14 Unused Serialized files (Serialized files now loaded: 0)
Unloading 6168 unused Assets / (4.2 MB). Loaded Objects now: 7094.
Memory consumption went from 153.3 MB to 149.1 MB.
Total: 31.112800 ms (FindLiveObjects: 1.629200 ms CreateObjectMapping: 2.116700 ms MarkObjects: 19.289500 ms  DeleteObjects: 8.073900 ms)

Prepare: number of updated asset objects reloaded= 0
========================================================================
Received Import Request.
  Time since last request: 408.753853 seconds.
  path: Assets/06_Models/FileteModel/fileteModelIdle.fbx
  artifactKey: Guid(31c9692bccd099e46a069d28e8e80069) Importer(815301076,1909f56bfc062723c751e8b465ee728b)
Start importing Assets/06_Models/FileteModel/fileteModelIdle.fbx using Guid(31c9692bccd099e46a069d28e8e80069) Importer(815301076,1909f56bfc062723c751e8b465ee728b) (PreviewImporter) -> (artifact id: '2cedf09ae87e88e71670803ba5f874d8') in 2.0818775 seconds
Number of updated asset objects reloaded before import = 0Number of asset objects unloaded after import = 180

========================================================================
Received Prepare
Begin MonoManager ReloadAssembly
- Loaded All Assemblies, in  2.623 seconds
Refreshing native plugins compatible for Editor in 4.51 ms, found 3 plugins.
Native extension for WindowsStandalone target not found
[Package Manager] Failed to launch server process. Reason: Unity was launched with the -noUpm command-line argument
[Package Manager] Unable to send message (not connected to server process).
[Package Manager] Cannot connect to Unity Package Manager local server
Mono: successfully reloaded assembly
- Finished resetting the current domain, in  3.621 seconds
Domain Reload Profiling: 6256ms
	BeginReloadAssembly (737ms)
		ExecutionOrderSort (0ms)
		DisableScriptedObjects (78ms)
		BackupInstance (0ms)
		ReleaseScriptingObjects (0ms)
		CreateAndSetChildDomain (165ms)
	RebuildCommonClasses (117ms)
	RebuildNativeTypeToScriptingClass (44ms)
	initialDomainReloadingComplete (98ms)
	LoadAllAssembliesAndSetupDomain (1635ms)
		LoadAssemblies (1351ms)
		RebuildTransferFunctionScriptingTraits (0ms)
		AnalyzeDomain (620ms)
			TypeCache.Refresh (22ms)
				TypeCache.ScanAssembly (0ms)
			BuildScriptInfoCaches (550ms)
			ResolveRequiredComponents (38ms)
	FinalizeReload (3624ms)
		ReleaseScriptCaches (0ms)
		RebuildScriptCaches (0ms)
		SetupLoadedEditorAssemblies (2834ms)
			LogAssemblyErrors (0ms)
			InitializePlatformSupportModulesInManaged (17ms)
			SetLoadedEditorAssemblies (18ms)
			BeforeProcessingInitializeOnLoad (612ms)
			ProcessInitializeOnLoadAttributes (1802ms)
			ProcessInitializeOnLoadMethodAttributes (359ms)
			AfterProcessingInitializeOnLoad (24ms)
			EditorAssembliesLoaded (1ms)
		ExecutionOrderSort2 (1ms)
		AwakeInstancesAfterBackupRestoration (120ms)
Shader Hidden/ProbeVolume/VoxelizeScene is not supported: GPU does not support conservative rasterization
Refreshing native plugins compatible for Editor in 4.58 ms, found 3 plugins.
Preloading 0 native plugins for Editor in 0.00 ms.
Unloading 13 Unused Serialized files (Serialized files now loaded: 0)
Unloading 6167 unused Assets / (3.9 MB). Loaded Objects now: 7116.
Memory consumption went from 153.1 MB to 149.2 MB.
Total: 28.428700 ms (FindLiveObjects: 1.601300 ms CreateObjectMapping: 2.280500 ms MarkObjects: 16.493400 ms  DeleteObjects: 8.049800 ms)

Prepare: number of updated asset objects reloaded= 0
========================================================================
Received Import Request.
  Time since last request: 288.605931 seconds.
  path: Assets/06_Models/FileteModel/fileteModel.fbx
  artifactKey: Guid(ef3f3878b351d1e41abb9735e460d45e) Importer(815301076,1909f56bfc062723c751e8b465ee728b)
Start importing Assets/06_Models/FileteModel/fileteModel.fbx using Guid(ef3f3878b351d1e41abb9735e460d45e) Importer(815301076,1909f56bfc062723c751e8b465ee728b) (PreviewImporter) -> (artifact id: '389be7110a8e57751fab5f677d368b1a') in 2.1518519 seconds
Number of updated asset objects reloaded before import = 0Number of asset objects unloaded after import = 21

========================================================================
Received Import Request.
  Time since last request: 63.260694 seconds.
  path: Assets/06_Models/Leche/Leche.fbx
  artifactKey: Guid(13fbf5b115e736045bfd597e76397e94) Importer(815301076,1909f56bfc062723c751e8b465ee728b)
Start importing Assets/06_Models/Leche/Leche.fbx using Guid(13fbf5b115e736045bfd597e76397e94) Importer(815301076,1909f56bfc062723c751e8b465ee728b) (PreviewImporter) -> (artifact id: '9d49c5d027c22270fc312916f1306aa4') in 0.2367222 seconds
Number of updated asset objects reloaded before import = 0Number of asset objects unloaded after import = 31

========================================================================
Received Import Request.
  Time since last request: 4.653772 seconds.
  path: Assets/06_Models/HuevoModel
  artifactKey: Guid(8b3c9cb8ae17ca842a7346ee9d4d5b54) Importer(815301076,1909f56bfc062723c751e8b465ee728b)
Start importing Assets/06_Models/HuevoModel using Guid(8b3c9cb8ae17ca842a7346ee9d4d5b54) Importer(815301076,1909f56bfc062723c751e8b465ee728b) (PreviewImporter) -> (artifact id: '5b208c17b348021c781525a6986d625f') in 0.0014873 seconds
Number of updated asset objects reloaded before import = 0Number of asset objects unloaded after import = 0

========================================================================
Received Prepare
Begin MonoManager ReloadAssembly
- Loaded All Assemblies, in  2.636 seconds
Refreshing native plugins compatible for Editor in 4.17 ms, found 3 plugins.
Native extension for WindowsStandalone target not found
[Package Manager] Failed to launch server process. Reason: Unity was launched with the -noUpm command-line argument
[Package Manager] Unable to send message (not connected to server process).
[Package Manager] Cannot connect to Unity Package Manager local server
Mono: successfully reloaded assembly
- Finished resetting the current domain, in  3.368 seconds
Domain Reload Profiling: 6014ms
	BeginReloadAssembly (725ms)
		ExecutionOrderSort (0ms)
		DisableScriptedObjects (79ms)
		BackupInstance (0ms)
		ReleaseScriptingObjects (0ms)
		CreateAndSetChildDomain (151ms)
	RebuildCommonClasses (122ms)
	RebuildNativeTypeToScriptingClass (41ms)
	initialDomainReloadingComplete (87ms)
	LoadAllAssembliesAndSetupDomain (1669ms)
		LoadAssemblies (1406ms)
		RebuildTransferFunctionScriptingTraits (0ms)
		AnalyzeDomain (599ms)
			TypeCache.Refresh (24ms)
				TypeCache.ScanAssembly (0ms)
			BuildScriptInfoCaches (529ms)
			ResolveRequiredComponents (36ms)
	FinalizeReload (3371ms)
		ReleaseScriptCaches (0ms)
		RebuildScriptCaches (0ms)
		SetupLoadedEditorAssemblies (2614ms)
			LogAssemblyErrors (0ms)
			InitializePlatformSupportModulesInManaged (11ms)
			SetLoadedEditorAssemblies (18ms)
			BeforeProcessingInitializeOnLoad (620ms)
			ProcessInitializeOnLoadAttributes (1596ms)
			ProcessInitializeOnLoadMethodAttributes (344ms)
			AfterProcessingInitializeOnLoad (24ms)
			EditorAssembliesLoaded (2ms)
		ExecutionOrderSort2 (1ms)
		AwakeInstancesAfterBackupRestoration (109ms)
Shader Hidden/ProbeVolume/VoxelizeScene is not supported: GPU does not support conservative rasterization
Refreshing native plugins compatible for Editor in 6.88 ms, found 3 plugins.
Preloading 0 native plugins for Editor in 0.00 ms.
Unloading 13 Unused Serialized files (Serialized files now loaded: 0)
Unloading 6167 unused Assets / (4.3 MB). Loaded Objects now: 7138.
Memory consumption went from 153.2 MB to 148.9 MB.
Total: 35.792700 ms (FindLiveObjects: 1.779900 ms CreateObjectMapping: 3.895700 ms MarkObjects: 20.644300 ms  DeleteObjects: 9.469300 ms)

Prepare: number of updated asset objects reloaded= 0
========================================================================
Received Import Request.
  Time since last request: 146.208265 seconds.
  path: Assets/06_Models/Leche/CAJADELECHEMODEL.blend
  artifactKey: Guid(c9871edebb5ccf84f82a215e1895de6f) Importer(815301076,1909f56bfc062723c751e8b465ee728b)
Start importing Assets/06_Models/Leche/CAJADELECHEMODEL.blend using Guid(c9871edebb5ccf84f82a215e1895de6f) Importer(815301076,1909f56bfc062723c751e8b465ee728b) (PreviewImporter) -> (artifact id: '782317680b207868dff9c0edfb0d6dc6') in 0.0745681 seconds
Number of updated asset objects reloaded before import = 0Number of asset objects unloaded after import = 1

========================================================================
Received Import Request.
  Time since last request: 9.380090 seconds.
  path: Assets/06_Models/Leche/Leche.fbx
  artifactKey: Guid(13fbf5b115e736045bfd597e76397e94) Importer(815301076,1909f56bfc062723c751e8b465ee728b)
Start importing Assets/06_Models/Leche/Leche.fbx using Guid(13fbf5b115e736045bfd597e76397e94) Importer(815301076,1909f56bfc062723c751e8b465ee728b) (PreviewImporter) -> (artifact id: '23bf7ebd4a754dda7ab64cd7800ba113') in 2.2563035 seconds
Number of updated asset objects reloaded before import = 0Number of asset objects unloaded after import = 33

========================================================================
Received Import Request.
  Time since last request: 48.763780 seconds.
  path: Assets/06_Models/personajes
  artifactKey: Guid(7feeccb303690f14ca7e5d2415530d65) Importer(815301076,1909f56bfc062723c751e8b465ee728b)
Start importing Assets/06_Models/personajes using Guid(7feeccb303690f14ca7e5d2415530d65) Importer(815301076,1909f56bfc062723c751e8b465ee728b) (PreviewImporter) -> (artifact id: '34c19ee4b95f46062e32e13c16b769a2') in 0.0018856 seconds
Number of updated asset objects reloaded before import = 0Number of asset objects unloaded after import = 0

========================================================================
Received Import Request.
  Time since last request: 10.623025 seconds.
  path: Assets/06_Models/PepinoModel
  artifactKey: Guid(c4afeeeb790cd4c40acc2776f5fb871d) Importer(815301076,1909f56bfc062723c751e8b465ee728b)
Start importing Assets/06_Models/PepinoModel using Guid(c4afeeeb790cd4c40acc2776f5fb871d) Importer(815301076,1909f56bfc062723c751e8b465ee728b) (PreviewImporter) -> (artifact id: '439753d951ef66c0e370f9685f6f44f5') in 0.001611 seconds
Number of updated asset objects reloaded before import = 0Number of asset objects unloaded after import = 0

========================================================================
Received Import Request.
  Time since last request: 1.076587 seconds.
  path: Assets/06_Models/PepinoModel/pepinoModelIdle.fbx
  artifactKey: Guid(c1dfeadfe34203b4aa60335803d3844a) Importer(815301076,1909f56bfc062723c751e8b465ee728b)
Start importing Assets/06_Models/PepinoModel/pepinoModelIdle.fbx using Guid(c1dfeadfe34203b4aa60335803d3844a) Importer(815301076,1909f56bfc062723c751e8b465ee728b) (PreviewImporter) -> (artifact id: '291fc5b4f3391b96ace5bd5296fe04fc') in 0.1598162 seconds
Number of updated asset objects reloaded before import = 0Number of asset objects unloaded after import = 19

========================================================================
Received Import Request.
  Time since last request: 524.169008 seconds.
  path: Assets/06_Models/huevoModelIdle.fbx
  artifactKey: Guid(b3f03410368b2be4e90565fb12cdf779) Importer(815301076,1909f56bfc062723c751e8b465ee728b)
Start importing Assets/06_Models/huevoModelIdle.fbx using Guid(b3f03410368b2be4e90565fb12cdf779) Importer(815301076,1909f56bfc062723c751e8b465ee728b) (PreviewImporter) -> (artifact id: 'dc08e321e1004c474282551f6805310b') in 0.183202 seconds
Number of updated asset objects reloaded before import = 0Number of asset objects unloaded after import = 176

========================================================================
Received Import Request.
  Time since last request: 7.142387 seconds.
  path: Assets/06_Models/Leche
  artifactKey: Guid(70b8bd20e4faf0c4eb6ba5c6b81b25bd) Importer(815301076,1909f56bfc062723c751e8b465ee728b)
Start importing Assets/06_Models/Leche using Guid(70b8bd20e4faf0c4eb6ba5c6b81b25bd) Importer(815301076,1909f56bfc062723c751e8b465ee728b) (PreviewImporter) -> (artifact id: '21c054f8f0a6bb06662241ffd6dc9f81') in 0.0021701 seconds
Number of updated asset objects reloaded before import = 0Number of asset objects unloaded after import = 0

========================================================================
Received Import Request.
  Time since last request: 0.263934 seconds.
  path: Assets/06_Models/huevoModelIdle.fbx
  artifactKey: Guid(b3f03410368b2be4e90565fb12cdf779) Importer(2089858483,192608db42251d675da83286b1cce702)
Start importing Assets/06_Models/huevoModelIdle.fbx using Guid(b3f03410368b2be4e90565fb12cdf779) Importer(2089858483,192608db42251d675da83286b1cce702) (ScriptedImporter) -> (artifact id: '34ce4fb683f2fee3776f9a5e913e5835') in 0.7542525 seconds
Number of updated asset objects reloaded before import = 0Number of asset objects unloaded after import = 176

========================================================================
Received Import Request.
  Time since last request: 4.592087 seconds.
  path: Assets/06_Models/stylized+light+bulb+3d+model.fbx
  artifactKey: Guid(82edddb5829381140819e6dd3dc3d73d) Importer(815301076,1909f56bfc062723c751e8b465ee728b)
Start importing Assets/06_Models/stylized+light+bulb+3d+model.fbx using Guid(82edddb5829381140819e6dd3dc3d73d) Importer(815301076,1909f56bfc062723c751e8b465ee728b) (PreviewImporter) -> (artifact id: '5dff72e498d3f7aadfd00ec5f1d6ffa6') in 0.089852 seconds
Number of updated asset objects reloaded before import = 0Number of asset objects unloaded after import = 9

========================================================================
Received Import Request.
  Time since last request: 11.755304 seconds.
  path: Assets/06_Models/huevoModel
  artifactKey: Guid(8b3c9cb8ae17ca842a7346ee9d4d5b54) Importer(815301076,1909f56bfc062723c751e8b465ee728b)
Start importing Assets/06_Models/huevoModel using Guid(8b3c9cb8ae17ca842a7346ee9d4d5b54) Importer(815301076,1909f56bfc062723c751e8b465ee728b) (PreviewImporter) -> (artifact id: '5146091065287b561e2ff28101df199b') in 0.002569 seconds
Number of updated asset objects reloaded before import = 0Number of asset objects unloaded after import = 0

========================================================================
Received Import Request.
  Time since last request: 0.757205 seconds.
  path: Assets/06_Models/huevoModel
  artifactKey: Guid(8b3c9cb8ae17ca842a7346ee9d4d5b54) Importer(2089858483,192608db42251d675da83286b1cce702)
Start importing Assets/06_Models/huevoModel using Guid(8b3c9cb8ae17ca842a7346ee9d4d5b54) Importer(2089858483,192608db42251d675da83286b1cce702) (ScriptedImporter) -> (artifact id: 'e010af33ea2baccf78287f3085320585') in 0.0404358 seconds
Number of updated asset objects reloaded before import = 0Number of asset objects unloaded after import = 1

========================================================================
Received Import Request.
  Time since last request: 6.450681 seconds.
  path: Assets/06_Models/huevoModel/huevoModelIdle.fbx
  artifactKey: Guid(b3f03410368b2be4e90565fb12cdf779) Importer(2089858483,192608db42251d675da83286b1cce702)
Start importing Assets/06_Models/huevoModel/huevoModelIdle.fbx using Guid(b3f03410368b2be4e90565fb12cdf779) Importer(2089858483,192608db42251d675da83286b1cce702) (ScriptedImporter) -> (artifact id: 'd9f04bec5c3b3612db4a0ee61e68f219') in 0.0702148 seconds
Number of updated asset objects reloaded before import = 0Number of asset objects unloaded after import = 176

========================================================================
Received Import Request.
  Time since last request: 152.948085 seconds.
  path: Assets/06_Models/huevoModel/huevoModelIdle.fbx
  artifactKey: Guid(b3f03410368b2be4e90565fb12cdf779) Importer(815301076,1909f56bfc062723c751e8b465ee728b)
Start importing Assets/06_Models/huevoModel/huevoModelIdle.fbx using Guid(b3f03410368b2be4e90565fb12cdf779) Importer(815301076,1909f56bfc062723c751e8b465ee728b) (PreviewImporter) -> (artifact id: '21302b5c15487a8117bf89bffd8a6c1b') in 0.200664 seconds
Number of updated asset objects reloaded before import = 0Number of asset objects unloaded after import = 178

========================================================================
Received Prepare
Begin MonoManager ReloadAssembly
- Loaded All Assemblies, in  2.698 seconds
Refreshing native plugins compatible for Editor in 3.84 ms, found 3 plugins.
Native extension for WindowsStandalone target not found
[Package Manager] Failed to launch server process. Reason: Unity was launched with the -noUpm command-line argument
[Package Manager] Unable to send message (not connected to server process).
[Package Manager] Cannot connect to Unity Package Manager local server
Mono: successfully reloaded assembly
- Finished resetting the current domain, in  3.709 seconds
Domain Reload Profiling: 6416ms
	BeginReloadAssembly (855ms)
		ExecutionOrderSort (0ms)
		DisableScriptedObjects (116ms)
		BackupInstance (0ms)
		ReleaseScriptingObjects (0ms)
		CreateAndSetChildDomain (227ms)
	RebuildCommonClasses (130ms)
	RebuildNativeTypeToScriptingClass (41ms)
	initialDomainReloadingComplete (85ms)
	LoadAllAssembliesAndSetupDomain (1593ms)
		LoadAssemblies (1309ms)
		RebuildTransferFunctionScriptingTraits (0ms)
		AnalyzeDomain (616ms)
			TypeCache.Refresh (19ms)
				TypeCache.ScanAssembly (0ms)
			BuildScriptInfoCaches (546ms)
			ResolveRequiredComponents (41ms)
	FinalizeReload (3712ms)
		ReleaseScriptCaches (0ms)
		RebuildScriptCaches (0ms)
		SetupLoadedEditorAssemblies (2852ms)
			LogAssemblyErrors (0ms)
			InitializePlatformSupportModulesInManaged (21ms)
			SetLoadedEditorAssemblies (16ms)
			BeforeProcessingInitializeOnLoad (527ms)
			ProcessInitializeOnLoadAttributes (1807ms)
			ProcessInitializeOnLoadMethodAttributes (456ms)
			AfterProcessingInitializeOnLoad (25ms)
			EditorAssembliesLoaded (1ms)
		ExecutionOrderSort2 (4ms)
		AwakeInstancesAfterBackupRestoration (114ms)
Shader Hidden/ProbeVolume/VoxelizeScene is not supported: GPU does not support conservative rasterization
Refreshing native plugins compatible for Editor in 4.97 ms, found 3 plugins.
Preloading 0 native plugins for Editor in 0.00 ms.
Unloading 13 Unused Serialized files (Serialized files now loaded: 0)
Unloading 6167 unused Assets / (3.9 MB). Loaded Objects now: 7160.
Memory consumption went from 153.2 MB to 149.3 MB.
Total: 34.530300 ms (FindLiveObjects: 1.500500 ms CreateObjectMapping: 1.990900 ms MarkObjects: 18.323000 ms  DeleteObjects: 12.712200 ms)

Prepare: number of updated asset objects reloaded= 0
========================================================================
Received Import Request.
  Time since last request: 359.430199 seconds.
  path: Assets/06_Models/huevoModel/huevoModelIdle.fbx
  artifactKey: Guid(b3f03410368b2be4e90565fb12cdf779) Importer(815301076,1909f56bfc062723c751e8b465ee728b)
Start importing Assets/06_Models/huevoModel/huevoModelIdle.fbx using Guid(b3f03410368b2be4e90565fb12cdf779) Importer(815301076,1909f56bfc062723c751e8b465ee728b) (PreviewImporter) -> (artifact id: 'b1ebc682a5b13a46d34774d746dc05e9') in 2.503324 seconds
Number of updated asset objects reloaded before import = 0Number of asset objects unloaded after import = 178

========================================================================
Received Import Request.
  Time since last request: 11.385134 seconds.
  path: Assets/07_Animations/Personajes/Huevo.controller
  artifactKey: Guid(e2979d50655ad9443ba859c70a51300d) Importer(815301076,1909f56bfc062723c751e8b465ee728b)
Start importing Assets/07_Animations/Personajes/Huevo.controller using Guid(e2979d50655ad9443ba859c70a51300d) Importer(815301076,1909f56bfc062723c751e8b465ee728b) (PreviewImporter) -> (artifact id: 'fc0adb96e6152de07c5df160f3ab0f5a') in 0.0080432 seconds
Number of updated asset objects reloaded before import = 0Number of asset objects unloaded after import = 4

========================================================================
Received Import Request.
  Time since last request: 0.803064 seconds.
  path: Assets/07_Animations/Personajes/Huevo.controller
  artifactKey: Guid(e2979d50655ad9443ba859c70a51300d) Importer(2089858483,192608db42251d675da83286b1cce702)
Start importing Assets/07_Animations/Personajes/Huevo.controller using Guid(e2979d50655ad9443ba859c70a51300d) Importer(2089858483,192608db42251d675da83286b1cce702) (ScriptedImporter) -> (artifact id: '81581f170b306b7fa3229c366473d881') in 0.5625624 seconds
Number of updated asset objects reloaded before import = 0Number of asset objects unloaded after import = 4

========================================================================
Received Prepare
Begin MonoManager ReloadAssembly
- Loaded All Assemblies, in  2.995 seconds
Refreshing native plugins compatible for Editor in 4.96 ms, found 3 plugins.
Native extension for WindowsStandalone target not found
[Package Manager] Failed to launch server process. Reason: Unity was launched with the -noUpm command-line argument
[Package Manager] Unable to send message (not connected to server process).
[Package Manager] Cannot connect to Unity Package Manager local server
Mono: successfully reloaded assembly
- Finished resetting the current domain, in  4.626 seconds
Domain Reload Profiling: 7630ms
	BeginReloadAssembly (814ms)
		ExecutionOrderSort (0ms)
		DisableScriptedObjects (77ms)
		BackupInstance (0ms)
		ReleaseScriptingObjects (0ms)
		CreateAndSetChildDomain (213ms)
	RebuildCommonClasses (129ms)
	RebuildNativeTypeToScriptingClass (45ms)
	initialDomainReloadingComplete (105ms)
	LoadAllAssembliesAndSetupDomain (1909ms)
		LoadAssemblies (1597ms)
		RebuildTransferFunctionScriptingTraits (0ms)
		AnalyzeDomain (679ms)
			TypeCache.Refresh (20ms)
				TypeCache.ScanAssembly (0ms)
			BuildScriptInfoCaches (597ms)
			ResolveRequiredComponents (49ms)
	FinalizeReload (4628ms)
		ReleaseScriptCaches (0ms)
		RebuildScriptCaches (0ms)
		SetupLoadedEditorAssemblies (3653ms)
			LogAssemblyErrors (0ms)
			InitializePlatformSupportModulesInManaged (12ms)
			SetLoadedEditorAssemblies (17ms)
			BeforeProcessingInitializeOnLoad (745ms)
			ProcessInitializeOnLoadAttributes (2394ms)
			ProcessInitializeOnLoadMethodAttributes (457ms)
			AfterProcessingInitializeOnLoad (25ms)
			EditorAssembliesLoaded (2ms)
		ExecutionOrderSort2 (1ms)
		AwakeInstancesAfterBackupRestoration (147ms)
Shader Hidden/ProbeVolume/VoxelizeScene is not supported: GPU does not support conservative rasterization
Refreshing native plugins compatible for Editor in 4.30 ms, found 3 plugins.
Preloading 0 native plugins for Editor in 0.00 ms.
Unloading 13 Unused Serialized files (Serialized files now loaded: 0)
Unloading 6167 unused Assets / (4.2 MB). Loaded Objects now: 7182.
Memory consumption went from 153.2 MB to 149.0 MB.
Total: 33.004000 ms (FindLiveObjects: 2.414400 ms CreateObjectMapping: 3.112500 ms MarkObjects: 16.794100 ms  DeleteObjects: 10.676400 ms)

Prepare: number of updated asset objects reloaded= 0
========================================================================
Received Import Request.
  Time since last request: 126.221318 seconds.
  path: Assets/06_Models/PepinoModel/pepinoModel.blend
  artifactKey: Guid(ee04aa23f2829cb44a3bc0f67e0290b9) Importer(815301076,1909f56bfc062723c751e8b465ee728b)
Start importing Assets/06_Models/PepinoModel/pepinoModel.blend using Guid(ee04aa23f2829cb44a3bc0f67e0290b9) Importer(815301076,1909f56bfc062723c751e8b465ee728b) (PreviewImporter) -> (artifact id: '0b076bb3c0e63368537fc040e5f08d14') in 0.0650081 seconds
Number of updated asset objects reloaded before import = 0Number of asset objects unloaded after import = 1

========================================================================
Received Prepare
Begin MonoManager ReloadAssembly
- Loaded All Assemblies, in  2.530 seconds
Refreshing native plugins compatible for Editor in 6.31 ms, found 3 plugins.
Native extension for WindowsStandalone target not found
[Package Manager] Failed to launch server process. Reason: Unity was launched with the -noUpm command-line argument
[Package Manager] Unable to send message (not connected to server process).
[Package Manager] Cannot connect to Unity Package Manager local server
Mono: successfully reloaded assembly
- Finished resetting the current domain, in  3.231 seconds
Domain Reload Profiling: 5771ms
	BeginReloadAssembly (654ms)
		ExecutionOrderSort (0ms)
		DisableScriptedObjects (23ms)
		BackupInstance (0ms)
		ReleaseScriptingObjects (0ms)
		CreateAndSetChildDomain (125ms)
	RebuildCommonClasses (114ms)
	RebuildNativeTypeToScriptingClass (39ms)
	initialDomainReloadingComplete (92ms)
	LoadAllAssembliesAndSetupDomain (1638ms)
		LoadAssemblies (1386ms)
		RebuildTransferFunctionScriptingTraits (0ms)
		AnalyzeDomain (605ms)
			TypeCache.Refresh (23ms)
				TypeCache.ScanAssembly (0ms)
			BuildScriptInfoCaches (534ms)
			ResolveRequiredComponents (36ms)
	FinalizeReload (3234ms)
		ReleaseScriptCaches (0ms)
		RebuildScriptCaches (0ms)
		SetupLoadedEditorAssemblies (2482ms)
			LogAssemblyErrors (0ms)
			InitializePlatformSupportModulesInManaged (11ms)
			SetLoadedEditorAssemblies (16ms)
			BeforeProcessingInitializeOnLoad (570ms)
			ProcessInitializeOnLoadAttributes (1606ms)
			ProcessInitializeOnLoadMethodAttributes (257ms)
			AfterProcessingInitializeOnLoad (22ms)
			EditorAssembliesLoaded (1ms)
		ExecutionOrderSort2 (1ms)
		AwakeInstancesAfterBackupRestoration (121ms)
Shader Hidden/ProbeVolume/VoxelizeScene is not supported: GPU does not support conservative rasterization
Refreshing native plugins compatible for Editor in 5.20 ms, found 3 plugins.
Preloading 0 native plugins for Editor in 0.00 ms.
Unloading 13 Unused Serialized files (Serialized files now loaded: 0)
Unloading 6166 unused Assets / (5.0 MB). Loaded Objects now: 7184.
Memory consumption went from 153.1 MB to 148.1 MB.
Total: 49.399800 ms (FindLiveObjects: 3.495800 ms CreateObjectMapping: 3.393300 ms MarkObjects: 20.808900 ms  DeleteObjects: 21.697600 ms)

Prepare: number of updated asset objects reloaded= 0
========================================================================
Received Import Request.
  Time since last request: 170.008927 seconds.
  path: Assets/07_Animations/PlayerAnimations/Player.controller
  artifactKey: Guid(7a88da05ae00baa42a9852c79a5d3013) Importer(815301076,1909f56bfc062723c751e8b465ee728b)
Start importing Assets/07_Animations/PlayerAnimations/Player.controller using Guid(7a88da05ae00baa42a9852c79a5d3013) Importer(815301076,1909f56bfc062723c751e8b465ee728b) (PreviewImporter) -> (artifact id: '0de2c72b99e07cb9df6e8c36f1ff67e1') in 0.0733397 seconds
Number of updated asset objects reloaded before import = 0Number of asset objects unloaded after import = 18

========================================================================
Received Import Request.
  Time since last request: 7.526360 seconds.
  path: Assets/06_Models/Leche/CAJADELECHEMODEL.fbx
  artifactKey: Guid(405e6218c4a4c7c409003034d5bb2e7e) Importer(2089858483,192608db42251d675da83286b1cce702)
Start importing Assets/06_Models/Leche/CAJADELECHEMODEL.fbx using Guid(405e6218c4a4c7c409003034d5bb2e7e) Importer(2089858483,192608db42251d675da83286b1cce702) (ScriptedImporter) -> (artifact id: '5bf227d4e3a8969b9fb5dac7b69f1f7a') in 0.9899795 seconds
Number of updated asset objects reloaded before import = 0Number of asset objects unloaded after import = 174

========================================================================
Received Import Request.
  Time since last request: 3.387417 seconds.
  path: Assets/07_Animations/Personajes/Personajes.controller
  artifactKey: Guid(e2979d50655ad9443ba859c70a51300d) Importer(815301076,1909f56bfc062723c751e8b465ee728b)
Start importing Assets/07_Animations/Personajes/Personajes.controller using Guid(e2979d50655ad9443ba859c70a51300d) Importer(815301076,1909f56bfc062723c751e8b465ee728b) (PreviewImporter) -> (artifact id: 'a7c122720197d1ce390be595528a7607') in 0.0054403 seconds
Number of updated asset objects reloaded before import = 0Number of asset objects unloaded after import = 4

========================================================================
Received Import Request.
  Time since last request: 0.378325 seconds.
  path: Assets/07_Animations/Personajes/Personajes.controller
  artifactKey: Guid(e2979d50655ad9443ba859c70a51300d) Importer(2089858483,192608db42251d675da83286b1cce702)
Start importing Assets/07_Animations/Personajes/Personajes.controller using Guid(e2979d50655ad9443ba859c70a51300d) Importer(2089858483,192608db42251d675da83286b1cce702) (ScriptedImporter) -> (artifact id: '7b3c73ae5685b93d06c803f078d34df5') in 0.0546769 seconds
Number of updated asset objects reloaded before import = 0Number of asset objects unloaded after import = 4

========================================================================
Received Import Request.
  Time since last request: 10.699283 seconds.
  path: Assets/06_Models/PepinoModel/pepinoModelIdle.fbx
  artifactKey: Guid(c1dfeadfe34203b4aa60335803d3844a) Importer(815301076,1909f56bfc062723c751e8b465ee728b)
Start importing Assets/06_Models/PepinoModel/pepinoModelIdle.fbx using Guid(c1dfeadfe34203b4aa60335803d3844a) Importer(815301076,1909f56bfc062723c751e8b465ee728b) (PreviewImporter) -> (artifact id: 'a4e0d965cbe3daa518f2f014ed624974') in 2.0208496 seconds
Number of updated asset objects reloaded before import = 0Number of asset objects unloaded after import = 176

========================================================================
Received Import Request.
  Time since last request: 6.573187 seconds.
  path: Assets/06_Models/PepinoModel/pepinoModelIdle.fbx
  artifactKey: Guid(c1dfeadfe34203b4aa60335803d3844a) Importer(815301076,1909f56bfc062723c751e8b465ee728b)
Start importing Assets/06_Models/PepinoModel/pepinoModelIdle.fbx using Guid(c1dfeadfe34203b4aa60335803d3844a) Importer(815301076,1909f56bfc062723c751e8b465ee728b) (PreviewImporter) -> (artifact id: 'c3edd4c7c0d43fbcdd2c31bc3489811e') in 0.1871569 seconds
Number of updated asset objects reloaded before import = 0Number of asset objects unloaded after import = 178

========================================================================
Received Import Request.
  Time since last request: 0.593305 seconds.
  path: Assets/06_Models/PepinoModel/pepinoModelIdle.fbx
  artifactKey: Guid(c1dfeadfe34203b4aa60335803d3844a) Importer(2089858483,192608db42251d675da83286b1cce702)
Start importing Assets/06_Models/PepinoModel/pepinoModelIdle.fbx using Guid(c1dfeadfe34203b4aa60335803d3844a) Importer(2089858483,192608db42251d675da83286b1cce702) (ScriptedImporter) -> (artifact id: 'fc4fa1efacdd95d66c580a9afd7768a3') in 0.107815 seconds
Number of updated asset objects reloaded before import = 0Number of asset objects unloaded after import = 178

========================================================================
Received Import Request.
  Time since last request: 10.593375 seconds.
  path: Assets/06_Models/PepinoModel/pepinoModelIdle.fbx
  artifactKey: Guid(c1dfeadfe34203b4aa60335803d3844a) Importer(815301076,1909f56bfc062723c751e8b465ee728b)
Start importing Assets/06_Models/PepinoModel/pepinoModelIdle.fbx using Guid(c1dfeadfe34203b4aa60335803d3844a) Importer(815301076,1909f56bfc062723c751e8b465ee728b) (PreviewImporter) -> (artifact id: '4f9ce396203d65ee0aa4538fd1c7129c') in 0.2068382 seconds
Number of updated asset objects reloaded before import = 0Number of asset objects unloaded after import = 178

========================================================================
Received Prepare
Begin MonoManager ReloadAssembly
- Loaded All Assemblies, in  2.658 seconds
Refreshing native plugins compatible for Editor in 3.86 ms, found 3 plugins.
Native extension for WindowsStandalone target not found
[Package Manager] Failed to launch server process. Reason: Unity was launched with the -noUpm command-line argument
[Package Manager] Unable to send message (not connected to server process).
[Package Manager] Cannot connect to Unity Package Manager local server
Mono: successfully reloaded assembly
- Finished resetting the current domain, in  3.376 seconds
Domain Reload Profiling: 6042ms
	BeginReloadAssembly (745ms)
		ExecutionOrderSort (0ms)
		DisableScriptedObjects (74ms)
		BackupInstance (0ms)
		ReleaseScriptingObjects (0ms)
		CreateAndSetChildDomain (195ms)
	RebuildCommonClasses (121ms)
	RebuildNativeTypeToScriptingClass (41ms)
	initialDomainReloadingComplete (92ms)
	LoadAllAssembliesAndSetupDomain (1665ms)
		LoadAssemblies (1381ms)
		RebuildTransferFunctionScriptingTraits (0ms)
		AnalyzeDomain (611ms)
			TypeCache.Refresh (22ms)
				TypeCache.ScanAssembly (0ms)
			BuildScriptInfoCaches (543ms)
			ResolveRequiredComponents (36ms)
	FinalizeReload (3380ms)
		ReleaseScriptCaches (0ms)
		RebuildScriptCaches (0ms)
		SetupLoadedEditorAssemblies (2592ms)
			LogAssemblyErrors (0ms)
			InitializePlatformSupportModulesInManaged (12ms)
			SetLoadedEditorAssemblies (18ms)
			BeforeProcessingInitializeOnLoad (656ms)
			ProcessInitializeOnLoadAttributes (1576ms)
			ProcessInitializeOnLoadMethodAttributes (308ms)
			AfterProcessingInitializeOnLoad (21ms)
			EditorAssembliesLoaded (1ms)
		ExecutionOrderSort2 (1ms)
		AwakeInstancesAfterBackupRestoration (125ms)
Shader Hidden/ProbeVolume/VoxelizeScene is not supported: GPU does not support conservative rasterization
Refreshing native plugins compatible for Editor in 5.86 ms, found 3 plugins.
Preloading 0 native plugins for Editor in 0.00 ms.
Unloading 13 Unused Serialized files (Serialized files now loaded: 0)
Unloading 6167 unused Assets / (4.4 MB). Loaded Objects now: 7206.
Memory consumption went from 153.6 MB to 149.3 MB.
Total: 35.850200 ms (FindLiveObjects: 2.384000 ms CreateObjectMapping: 2.732100 ms MarkObjects: 20.867400 ms  DeleteObjects: 9.862800 ms)

Prepare: number of updated asset objects reloaded= 0
========================================================================
Received Prepare
Begin MonoManager ReloadAssembly
- Loaded All Assemblies, in  2.480 seconds
Refreshing native plugins compatible for Editor in 4.66 ms, found 3 plugins.
Native extension for WindowsStandalone target not found
[Package Manager] Failed to launch server process. Reason: Unity was launched with the -noUpm command-line argument
[Package Manager] Unable to send message (not connected to server process).
[Package Manager] Cannot connect to Unity Package Manager local server
Mono: successfully reloaded assembly
- Finished resetting the current domain, in  3.558 seconds
Domain Reload Profiling: 6048ms
	BeginReloadAssembly (629ms)
		ExecutionOrderSort (0ms)
		DisableScriptedObjects (19ms)
		BackupInstance (0ms)
		ReleaseScriptingObjects (0ms)
		CreateAndSetChildDomain (126ms)
	RebuildCommonClasses (118ms)
	RebuildNativeTypeToScriptingClass (39ms)
	initialDomainReloadingComplete (87ms)
	LoadAllAssembliesAndSetupDomain (1615ms)
		LoadAssemblies (1337ms)
		RebuildTransferFunctionScriptingTraits (0ms)
		AnalyzeDomain (611ms)
			TypeCache.Refresh (25ms)
				TypeCache.ScanAssembly (0ms)
			BuildScriptInfoCaches (540ms)
			ResolveRequiredComponents (35ms)
	FinalizeReload (3560ms)
		ReleaseScriptCaches (0ms)
		RebuildScriptCaches (0ms)
		SetupLoadedEditorAssemblies (2770ms)
			LogAssemblyErrors (0ms)
			InitializePlatformSupportModulesInManaged (14ms)
			SetLoadedEditorAssemblies (19ms)
			BeforeProcessingInitializeOnLoad (554ms)
			ProcessInitializeOnLoadAttributes (1731ms)
			ProcessInitializeOnLoadMethodAttributes (429ms)
			AfterProcessingInitializeOnLoad (22ms)
			EditorAssembliesLoaded (2ms)
		ExecutionOrderSort2 (1ms)
		AwakeInstancesAfterBackupRestoration (121ms)
Shader Hidden/ProbeVolume/VoxelizeScene is not supported: GPU does not support conservative rasterization
Refreshing native plugins compatible for Editor in 7.64 ms, found 3 plugins.
Preloading 0 native plugins for Editor in 0.00 ms.
Unloading 13 Unused Serialized files (Serialized files now loaded: 0)
Unloading 6166 unused Assets / (3.2 MB). Loaded Objects now: 7208.
Memory consumption went from 153.5 MB to 150.3 MB.
Total: 51.438200 ms (FindLiveObjects: 1.797700 ms CreateObjectMapping: 2.871700 ms MarkObjects: 25.600700 ms  DeleteObjects: 21.164300 ms)

Prepare: number of updated asset objects reloaded= 0
========================================================================
Received Prepare
Begin MonoManager ReloadAssembly
- Loaded All Assemblies, in  2.511 seconds
Refreshing native plugins compatible for Editor in 3.92 ms, found 3 plugins.
Native extension for WindowsStandalone target not found
[Package Manager] Failed to launch server process. Reason: Unity was launched with the -noUpm command-line argument
[Package Manager] Unable to send message (not connected to server process).
[Package Manager] Cannot connect to Unity Package Manager local server
Mono: successfully reloaded assembly
- Finished resetting the current domain, in  3.234 seconds
Domain Reload Profiling: 5752ms
	BeginReloadAssembly (617ms)
		ExecutionOrderSort (0ms)
		DisableScriptedObjects (20ms)
		BackupInstance (0ms)
		ReleaseScriptingObjects (0ms)
		CreateAndSetChildDomain (117ms)
	RebuildCommonClasses (118ms)
	RebuildNativeTypeToScriptingClass (40ms)
	initialDomainReloadingComplete (92ms)
	LoadAllAssembliesAndSetupDomain (1649ms)
		LoadAssemblies (1352ms)
		RebuildTransferFunctionScriptingTraits (0ms)
		AnalyzeDomain (622ms)
			TypeCache.Refresh (23ms)
				TypeCache.ScanAssembly (0ms)
			BuildScriptInfoCaches (544ms)
			ResolveRequiredComponents (43ms)
	FinalizeReload (3236ms)
		ReleaseScriptCaches (0ms)
		RebuildScriptCaches (0ms)
		SetupLoadedEditorAssemblies (2502ms)
			LogAssemblyErrors (0ms)
			InitializePlatformSupportModulesInManaged (8ms)
			SetLoadedEditorAssemblies (17ms)
			BeforeProcessingInitializeOnLoad (594ms)
			ProcessInitializeOnLoadAttributes (1579ms)
			ProcessInitializeOnLoadMethodAttributes (284ms)
			AfterProcessingInitializeOnLoad (18ms)
			EditorAssembliesLoaded (2ms)
		ExecutionOrderSort2 (1ms)
		AwakeInstancesAfterBackupRestoration (110ms)
Shader Hidden/ProbeVolume/VoxelizeScene is not supported: GPU does not support conservative rasterization
Refreshing native plugins compatible for Editor in 12.41 ms, found 3 plugins.
Preloading 0 native plugins for Editor in 0.00 ms.
Unloading 13 Unused Serialized files (Serialized files now loaded: 0)
Unloading 6166 unused Assets / (4.3 MB). Loaded Objects now: 7210.
Memory consumption went from 153.5 MB to 149.2 MB.
Total: 52.012500 ms (FindLiveObjects: 3.473300 ms CreateObjectMapping: 4.408700 ms MarkObjects: 24.271200 ms  DeleteObjects: 19.854400 ms)

Prepare: number of updated asset objects reloaded= 0
========================================================================
Received Prepare
Begin MonoManager ReloadAssembly
- Loaded All Assemblies, in  3.147 seconds
Refreshing native plugins compatible for Editor in 3.77 ms, found 3 plugins.
Native extension for WindowsStandalone target not found
[Package Manager] Failed to launch server process. Reason: Unity was launched with the -noUpm command-line argument
[Package Manager] Unable to send message (not connected to server process).
[Package Manager] Cannot connect to Unity Package Manager local server
Mono: successfully reloaded assembly
- Finished resetting the current domain, in  3.260 seconds
Domain Reload Profiling: 6414ms
	BeginReloadAssembly (615ms)
		ExecutionOrderSort (0ms)
		DisableScriptedObjects (24ms)
		BackupInstance (0ms)
		ReleaseScriptingObjects (0ms)
		CreateAndSetChildDomain (122ms)
	RebuildCommonClasses (144ms)
	RebuildNativeTypeToScriptingClass (86ms)
	initialDomainReloadingComplete (210ms)
	LoadAllAssembliesAndSetupDomain (2096ms)
		LoadAssemblies (1676ms)
		RebuildTransferFunctionScriptingTraits (0ms)
		AnalyzeDomain (737ms)
			TypeCache.Refresh (27ms)
				TypeCache.ScanAssembly (0ms)
			BuildScriptInfoCaches (663ms)
			ResolveRequiredComponents (37ms)
	FinalizeReload (3263ms)
		ReleaseScriptCaches (0ms)
		RebuildScriptCaches (0ms)
		SetupLoadedEditorAssemblies (2559ms)
			LogAssemblyErrors (0ms)
			InitializePlatformSupportModulesInManaged (10ms)
			SetLoadedEditorAssemblies (15ms)
			BeforeProcessingInitializeOnLoad (669ms)
			ProcessInitializeOnLoadAttributes (1608ms)
			ProcessInitializeOnLoadMethodAttributes (239ms)
			AfterProcessingInitializeOnLoad (17ms)
			EditorAssembliesLoaded (1ms)
		ExecutionOrderSort2 (1ms)
		AwakeInstancesAfterBackupRestoration (94ms)
Shader Hidden/ProbeVolume/VoxelizeScene is not supported: GPU does not support conservative rasterization
Refreshing native plugins compatible for Editor in 4.35 ms, found 3 plugins.
Preloading 0 native plugins for Editor in 0.00 ms.
Unloading 13 Unused Serialized files (Serialized files now loaded: 0)
Unloading 6166 unused Assets / (3.7 MB). Loaded Objects now: 7212.
Memory consumption went from 153.6 MB to 149.8 MB.
Total: 34.487800 ms (FindLiveObjects: 1.911100 ms CreateObjectMapping: 2.171800 ms MarkObjects: 19.866600 ms  DeleteObjects: 10.535000 ms)

Prepare: number of updated asset objects reloaded= 0
========================================================================
Received Prepare
Begin MonoManager ReloadAssembly
- Loaded All Assemblies, in  2.538 seconds
Refreshing native plugins compatible for Editor in 4.09 ms, found 3 plugins.
Native extension for WindowsStandalone target not found
[Package Manager] Failed to launch server process. Reason: Unity was launched with the -noUpm command-line argument
[Package Manager] Unable to send message (not connected to server process).
[Package Manager] Cannot connect to Unity Package Manager local server
Mono: successfully reloaded assembly
- Finished resetting the current domain, in  3.647 seconds
Domain Reload Profiling: 6193ms
	BeginReloadAssembly (639ms)
		ExecutionOrderSort (0ms)
		DisableScriptedObjects (20ms)
		BackupInstance (0ms)
		ReleaseScriptingObjects (0ms)
		CreateAndSetChildDomain (126ms)
	RebuildCommonClasses (115ms)
	RebuildNativeTypeToScriptingClass (41ms)
	initialDomainReloadingComplete (91ms)
	LoadAllAssembliesAndSetupDomain (1657ms)
		LoadAssemblies (1364ms)
		RebuildTransferFunctionScriptingTraits (0ms)
		AnalyzeDomain (633ms)
			TypeCache.Refresh (27ms)
				TypeCache.ScanAssembly (0ms)
			BuildScriptInfoCaches (560ms)
			ResolveRequiredComponents (35ms)
	FinalizeReload (3649ms)
		ReleaseScriptCaches (0ms)
		RebuildScriptCaches (0ms)
		SetupLoadedEditorAssemblies (2863ms)
			LogAssemblyErrors (0ms)
			InitializePlatformSupportModulesInManaged (8ms)
			SetLoadedEditorAssemblies (15ms)
			BeforeProcessingInitializeOnLoad (509ms)
			ProcessInitializeOnLoadAttributes (1828ms)
			ProcessInitializeOnLoadMethodAttributes (477ms)
			AfterProcessingInitializeOnLoad (24ms)
			EditorAssembliesLoaded (2ms)
		ExecutionOrderSort2 (2ms)
		AwakeInstancesAfterBackupRestoration (126ms)
Shader Hidden/ProbeVolume/VoxelizeScene is not supported: GPU does not support conservative rasterization
Refreshing native plugins compatible for Editor in 11.35 ms, found 3 plugins.
Preloading 0 native plugins for Editor in 0.00 ms.
Unloading 13 Unused Serialized files (Serialized files now loaded: 0)
Unloading 6166 unused Assets / (2.3 MB). Loaded Objects now: 7214.
Memory consumption went from 153.6 MB to 151.3 MB.
Total: 45.801000 ms (FindLiveObjects: 3.156900 ms CreateObjectMapping: 4.527800 ms MarkObjects: 24.201900 ms  DeleteObjects: 13.911200 ms)

Prepare: number of updated asset objects reloaded= 0
========================================================================
Received Prepare
Begin MonoManager ReloadAssembly
- Loaded All Assemblies, in  2.510 seconds
Refreshing native plugins compatible for Editor in 4.38 ms, found 3 plugins.
Native extension for WindowsStandalone target not found
[Package Manager] Failed to launch server process. Reason: Unity was launched with the -noUpm command-line argument
[Package Manager] Unable to send message (not connected to server process).
[Package Manager] Cannot connect to Unity Package Manager local server
Mono: successfully reloaded assembly
- Finished resetting the current domain, in  3.027 seconds
Domain Reload Profiling: 5545ms
	BeginReloadAssembly (624ms)
		ExecutionOrderSort (0ms)
		DisableScriptedObjects (21ms)
		BackupInstance (0ms)
		ReleaseScriptingObjects (0ms)
		CreateAndSetChildDomain (117ms)
	RebuildCommonClasses (119ms)
	RebuildNativeTypeToScriptingClass (39ms)
	initialDomainReloadingComplete (88ms)
	LoadAllAssembliesAndSetupDomain (1647ms)
		LoadAssemblies (1345ms)
		RebuildTransferFunctionScriptingTraits (0ms)
		AnalyzeDomain (631ms)
			TypeCache.Refresh (24ms)
				TypeCache.ScanAssembly (0ms)
			BuildScriptInfoCaches (560ms)
			ResolveRequiredComponents (37ms)
	FinalizeReload (3029ms)
		ReleaseScriptCaches (0ms)
		RebuildScriptCaches (0ms)
		SetupLoadedEditorAssemblies (2272ms)
			LogAssemblyErrors (0ms)
			InitializePlatformSupportModulesInManaged (8ms)
			SetLoadedEditorAssemblies (13ms)
			BeforeProcessingInitializeOnLoad (639ms)
			ProcessInitializeOnLoadAttributes (1303ms)
			ProcessInitializeOnLoadMethodAttributes (292ms)
			AfterProcessingInitializeOnLoad (16ms)
			EditorAssembliesLoaded (1ms)
		ExecutionOrderSort2 (1ms)
		AwakeInstancesAfterBackupRestoration (108ms)
Shader Hidden/ProbeVolume/VoxelizeScene is not supported: GPU does not support conservative rasterization
Refreshing native plugins compatible for Editor in 8.64 ms, found 3 plugins.
Preloading 0 native plugins for Editor in 0.00 ms.
Unloading 13 Unused Serialized files (Serialized files now loaded: 0)
Unloading 6166 unused Assets / (4.4 MB). Loaded Objects now: 7216.
Memory consumption went from 153.7 MB to 149.3 MB.
Total: 44.906300 ms (FindLiveObjects: 2.030700 ms CreateObjectMapping: 2.921400 ms MarkObjects: 22.504400 ms  DeleteObjects: 17.445000 ms)

Prepare: number of updated asset objects reloaded= 0
========================================================================
Received Prepare
Begin MonoManager ReloadAssembly
- Loaded All Assemblies, in  2.501 seconds
Refreshing native plugins compatible for Editor in 4.51 ms, found 3 plugins.
Native extension for WindowsStandalone target not found
[Package Manager] Failed to launch server process. Reason: Unity was launched with the -noUpm command-line argument
[Package Manager] Unable to send message (not connected to server process).
[Package Manager] Cannot connect to Unity Package Manager local server
Mono: successfully reloaded assembly
- Finished resetting the current domain, in  3.316 seconds
Domain Reload Profiling: 5828ms
	BeginReloadAssembly (637ms)
		ExecutionOrderSort (0ms)
		DisableScriptedObjects (30ms)
		BackupInstance (0ms)
		ReleaseScriptingObjects (0ms)
		CreateAndSetChildDomain (115ms)
	RebuildCommonClasses (120ms)
	RebuildNativeTypeToScriptingClass (42ms)
	initialDomainReloadingComplete (83ms)
	LoadAllAssembliesAndSetupDomain (1627ms)
		LoadAssemblies (1345ms)
		RebuildTransferFunctionScriptingTraits (0ms)
		AnalyzeDomain (610ms)
			TypeCache.Refresh (23ms)
				TypeCache.ScanAssembly (0ms)
			BuildScriptInfoCaches (540ms)
			ResolveRequiredComponents (37ms)
	FinalizeReload (3319ms)
		ReleaseScriptCaches (0ms)
		RebuildScriptCaches (0ms)
		SetupLoadedEditorAssemblies (2590ms)
			LogAssemblyErrors (0ms)
			InitializePlatformSupportModulesInManaged (7ms)
			SetLoadedEditorAssemblies (14ms)
			BeforeProcessingInitializeOnLoad (643ms)
			ProcessInitializeOnLoadAttributes (1608ms)
			ProcessInitializeOnLoadMethodAttributes (297ms)
			AfterProcessingInitializeOnLoad (19ms)
			EditorAssembliesLoaded (2ms)
		ExecutionOrderSort2 (1ms)
		AwakeInstancesAfterBackupRestoration (113ms)
Shader Hidden/ProbeVolume/VoxelizeScene is not supported: GPU does not support conservative rasterization
Refreshing native plugins compatible for Editor in 5.67 ms, found 3 plugins.
Preloading 0 native plugins for Editor in 0.00 ms.
Unloading 13 Unused Serialized files (Serialized files now loaded: 0)
Unloading 6166 unused Assets / (4.2 MB). Loaded Objects now: 7218.
Memory consumption went from 153.7 MB to 149.5 MB.
Total: 34.868700 ms (FindLiveObjects: 1.935300 ms CreateObjectMapping: 2.967300 ms MarkObjects: 20.630100 ms  DeleteObjects: 9.332200 ms)

Prepare: number of updated asset objects reloaded= 0
========================================================================
Received Prepare
Begin MonoManager ReloadAssembly
- Loaded All Assemblies, in  2.489 seconds
Refreshing native plugins compatible for Editor in 4.43 ms, found 3 plugins.
Native extension for WindowsStandalone target not found
[Package Manager] Failed to launch server process. Reason: Unity was launched with the -noUpm command-line argument
[Package Manager] Unable to send message (not connected to server process).
[Package Manager] Cannot connect to Unity Package Manager local server
Mono: successfully reloaded assembly
- Finished resetting the current domain, in  3.010 seconds
Domain Reload Profiling: 5508ms
	BeginReloadAssembly (624ms)
		ExecutionOrderSort (0ms)
		DisableScriptedObjects (20ms)
		BackupInstance (0ms)
		ReleaseScriptingObjects (0ms)
		CreateAndSetChildDomain (126ms)
	RebuildCommonClasses (127ms)
	RebuildNativeTypeToScriptingClass (37ms)
	initialDomainReloadingComplete (88ms)
	LoadAllAssembliesAndSetupDomain (1619ms)
		LoadAssemblies (1336ms)
		RebuildTransferFunctionScriptingTraits (0ms)
		AnalyzeDomain (605ms)
			TypeCache.Refresh (21ms)
				TypeCache.ScanAssembly (0ms)
			BuildScriptInfoCaches (540ms)
			ResolveRequiredComponents (33ms)
	FinalizeReload (3012ms)
		ReleaseScriptCaches (0ms)
		RebuildScriptCaches (0ms)
		SetupLoadedEditorAssemblies (2238ms)
			LogAssemblyErrors (0ms)
			InitializePlatformSupportModulesInManaged (8ms)
			SetLoadedEditorAssemblies (15ms)
			BeforeProcessingInitializeOnLoad (620ms)
			ProcessInitializeOnLoadAttributes (1355ms)
			ProcessInitializeOnLoadMethodAttributes (222ms)
			AfterProcessingInitializeOnLoad (18ms)
			EditorAssembliesLoaded (1ms)
		ExecutionOrderSort2 (1ms)
		AwakeInstancesAfterBackupRestoration (107ms)
Shader Hidden/ProbeVolume/VoxelizeScene is not supported: GPU does not support conservative rasterization
Refreshing native plugins compatible for Editor in 5.68 ms, found 3 plugins.
Preloading 0 native plugins for Editor in 0.00 ms.
Unloading 13 Unused Serialized files (Serialized files now loaded: 0)
Unloading 6166 unused Assets / (3.8 MB). Loaded Objects now: 7220.
Memory consumption went from 153.8 MB to 150.0 MB.
Total: 34.368300 ms (FindLiveObjects: 2.088200 ms CreateObjectMapping: 2.472900 ms MarkObjects: 21.215200 ms  DeleteObjects: 8.588700 ms)

Prepare: number of updated asset objects reloaded= 0
========================================================================
Received Prepare
Begin MonoManager ReloadAssembly
- Loaded All Assemblies, in  2.500 seconds
Refreshing native plugins compatible for Editor in 2.59 ms, found 3 plugins.
Native extension for WindowsStandalone target not found
[Package Manager] Failed to launch server process. Reason: Unity was launched with the -noUpm command-line argument
[Package Manager] Unable to send message (not connected to server process).
[Package Manager] Cannot connect to Unity Package Manager local server
Mono: successfully reloaded assembly
- Finished resetting the current domain, in  3.419 seconds
Domain Reload Profiling: 5928ms
	BeginReloadAssembly (617ms)
		ExecutionOrderSort (0ms)
		DisableScriptedObjects (18ms)
		BackupInstance (0ms)
		ReleaseScriptingObjects (0ms)
		CreateAndSetChildDomain (125ms)
	RebuildCommonClasses (124ms)
	RebuildNativeTypeToScriptingClass (38ms)
	initialDomainReloadingComplete (96ms)
	LoadAllAssembliesAndSetupDomain (1631ms)
		LoadAssemblies (1334ms)
		RebuildTransferFunctionScriptingTraits (0ms)
		AnalyzeDomain (618ms)
			TypeCache.Refresh (21ms)
				TypeCache.ScanAssembly (0ms)
			BuildScriptInfoCaches (551ms)
			ResolveRequiredComponents (35ms)
	FinalizeReload (3422ms)
		ReleaseScriptCaches (0ms)
		RebuildScriptCaches (0ms)
		SetupLoadedEditorAssemblies (2762ms)
			LogAssemblyErrors (0ms)
			InitializePlatformSupportModulesInManaged (6ms)
			SetLoadedEditorAssemblies (11ms)
			BeforeProcessingInitializeOnLoad (569ms)
			ProcessInitializeOnLoadAttributes (1712ms)
			ProcessInitializeOnLoadMethodAttributes (431ms)
			AfterProcessingInitializeOnLoad (31ms)
			EditorAssembliesLoaded (2ms)
		ExecutionOrderSort2 (1ms)
		AwakeInstancesAfterBackupRestoration (134ms)
Shader Hidden/ProbeVolume/VoxelizeScene is not supported: GPU does not support conservative rasterization
Refreshing native plugins compatible for Editor in 3.77 ms, found 3 plugins.
Preloading 0 native plugins for Editor in 0.00 ms.
Unloading 13 Unused Serialized files (Serialized files now loaded: 0)
Unloading 6166 unused Assets / (4.3 MB). Loaded Objects now: 7222.
Memory consumption went from 153.8 MB to 149.5 MB.
Total: 21.842600 ms (FindLiveObjects: 1.440300 ms CreateObjectMapping: 1.821700 ms MarkObjects: 11.547500 ms  DeleteObjects: 7.029100 ms)

Prepare: number of updated asset objects reloaded= 0
